{
    "moved_objects": [
        "ego",
        "obj1",
        "obj4",
        "box1"
    ],
    "interactions": {
        "ego": {
            "4.94 s to 5.73 s": [
                -1.5721708718904175,
                -0.675921583718165,
                1.101570035527538,
                -0.5325176230538389
            ],
            "6.39 s to 7.08 s": [
                1.3959184409423058,
                -0.5593616857434276,
                -1.4384732133710667,
                1.1910451208434853
            ]
        },
        "obj1": {
            "4.34 s to 5.73 s": [
                -1.4234099936645512,
                -0.5965366814864831,
                -0.7106745317034378,
                -0.36823587309878664
            ]
        },
        "obj4": {
            "2.63 s to 3.97 s": [
                -1.4130090466415468,
                -0.8130003874892876,
                -0.7497563481681533,
                -0.798123373177299
            ]
        },
        "box1": {
            "6.33 s to 7.17 s": [
                1.4947590681943779,
                -0.483159226670071,
                -1.396747341789701,
                1.3533184777611438
            ]
        }
    },
    "ego_interaction": {
        "4.34 s to 5.73 s": {
            "mode": "attached to obj1",
            "start-end coordinates": [
                -1.6529733863660665,
                -0.9142587782291364,
                1.101570035527538,
                -0.5325176230538389
            ]
        },
        "4.94 s to 4.34 s": {
            "mode": "free",
            "start-end coordinates": [
                -1.5721708718904175,
                -0.675921583718165,
                -1.6529733863660665,
                -0.9142587782291364
            ]
        },
        "5.73 s to 5.73 s": {
            "mode": "free",
            "start-end coordinates": [
                1.101570035527538,
                -0.5325176230538389,
                1.101570035527538,
                -0.5325176230538389
            ]
        },
        "6.33 s to 7.17 s": {
            "mode": "attached to box1",
            "start-end coordinates": [
                1.4236642744068575,
                -0.6086979147097883,
                -1.500524109736653,
                1.2495530056085007
            ]
        },
        "6.39 s to 6.33 s": {
            "mode": "free",
            "start-end coordinates": [
                1.3959184409423058,
                -0.5593616857434276,
                1.4236642744068575,
                -0.6086979147097883
            ]
        },
        "7.17 s to 7.08 s": {
            "mode": "free",
            "start-end coordinates": [
                -1.500524109736653,
                1.2495530056085007,
                -1.4384732133710667,
                1.1910451208434853
            ]
        }
    }
}