{
    "moved_objects": [
        "ego",
        "obj1",
        "obj4",
        "box1"
    ],
    "interactions": {
        "ego": {
            "1.66 s to 1.92 s": [
                -1.3892461873440929,
                -1.0925555122240893,
                -1.276797625791263,
                -1.2175802435806384
            ],
            "2.44 s to 7.51 s": [
                -1.2411861063074032,
                -1.270424025021586,
                -1.348600250150485,
                1.3523437530171325
            ]
        },
        "obj1": {
            "5.31 s to 6.18 s": [
                -1.463569251302941,
                -0.555504338720118,
                0.6519573297007635,
                1.0029847150689142
            ]
        },
        "obj4": {
            "1.28 s to 2.02 s": [
                -1.4553912775745383,
                -0.79656337820815,
                -1.3593133263195032,
                -0.8018901351860022
            ],
            "3.15 s to 3.49 s": [
                -1.3101900716711354,
                -0.8163409016141768,
                -0.9141990979331419,
                -0.8029198821566454
            ],
            "4.01 s to 4.71 s": [
                -0.8717833904149577,
                -0.7986330977164989,
                -0.6455864118742011,
                -0.7902997855064703
            ],
            "5.52 s to 6.17 s": [
                -0.6722542511958799,
                -0.7511357990271678,
                -0.5978393335463049,
                -0.6970170933901204
            ]
        },
        "box1": {
            "6.84 s to 7.63 s": [
                1.491699906663717,
                -0.49792736617587463,
                -1.257703878301577,
                1.4861010454547703
            ]
        }
    },
    "ego_interaction": {
        "1.28 s to 2.02 s": {
            "mode": "attached to obj4",
            "start-end coordinates": [
                -1.2892574730705144,
                -1.1552063128002088,
                -1.2013800930978715,
                -1.2449130532936148
            ]
        },
        "1.66 s to 1.28 s": {
            "mode": "free",
            "start-end coordinates": [
                -1.3892461873440929,
                -1.0925555122240893,
                -1.2892574730705144,
                -1.1552063128002088
            ]
        },
        "2.02 s to 1.92 s": {
            "mode": "free",
            "start-end coordinates": [
                -1.2013800930978715,
                -1.2449130532936148,
                -1.276797625791263,
                -1.2175802435806384
            ]
        },
        "2.44 s to 5.31 s": {
            "mode": "free",
            "start-end coordinates": [
                -1.2411861063074032,
                -1.270424025021586,
                -1.7111000755194965,
                -0.8267982343787
            ]
        },
        "2.44 s to 3.15 s": {
            "mode": "free",
            "start-end coordinates": [
                -1.2411861063074032,
                -1.270424025021586,
                -1.6270164570643055,
                -1.080141328956439
            ]
        },
        "2.44 s to 4.01 s": {
            "mode": "free",
            "start-end coordinates": [
                -1.2411861063074032,
                -1.270424025021586,
                -1.5822996254038115,
                -0.9613503757153214
            ]
        },
        "2.44 s to 5.52 s": {
            "mode": "free",
            "start-end coordinates": [
                -1.2411861063074032,
                -1.270424025021586,
                -1.4645610029486973,
                -0.40825793330439836
            ]
        },
        "2.44 s to 6.84 s": {
            "mode": "free",
            "start-end coordinates": [
                -1.2411861063074032,
                -1.270424025021586,
                1.175313218763867,
                -0.37373161165040597
            ]
        },
        "3.15 s to 3.49 s": {
            "mode": "attached to obj4",
            "start-end coordinates": [
                -1.6270164570643055,
                -1.080141328956439,
                -1.2426447601976935,
                -1.06175203209223
            ]
        },
        "3.49 s to 7.51 s": {
            "mode": "free",
            "start-end coordinates": [
                -1.2426447601976935,
                -1.06175203209223,
                -1.348600250150485,
                1.3523437530171325
            ]
        },
        "4.01 s to 4.71 s": {
            "mode": "attached to obj4",
            "start-end coordinates": [
                -1.5822996254038115,
                -0.9613503757153214,
                -1.3149520530313512,
                -0.9065620799964325
            ]
        },
        "4.71 s to 7.51 s": {
            "mode": "free",
            "start-end coordinates": [
                -1.3149520530313512,
                -0.9065620799964325,
                -1.348600250150485,
                1.3523437530171325
            ]
        },
        "5.31 s to 6.18 s": {
            "mode": "attached to obj1",
            "start-end coordinates": [
                -1.7111000755194965,
                -0.8267982343787,
                0.3849838443151004,
                0.5355396038204461
            ]
        },
        "5.52 s to 6.17 s": {
            "mode": "attached to obj4",
            "start-end coordinates": [
                -1.4645610029486973,
                -0.40825793330439836,
                0.38116612399223704,
                0.5569431190897092
            ]
        },
        "6.17 s to 7.51 s": {
            "mode": "free",
            "start-end coordinates": [
                0.38116612399223704,
                0.5569431190897092,
                -1.348600250150485,
                1.3523437530171325
            ]
        },
        "6.18 s to 7.51 s": {
            "mode": "free",
            "start-end coordinates": [
                0.3849838443151004,
                0.5355396038204461,
                -1.348600250150485,
                1.3523437530171325
            ]
        },
        "6.84 s to 7.63 s": {
            "mode": "attached to box1",
            "start-end coordinates": [
                1.175313218763867,
                -0.37373161165040597,
                -1.408312030259593,
                1.4445395220754318
            ]
        },
        "7.63 s to 7.51 s": {
            "mode": "free",
            "start-end coordinates": [
                -1.408312030259593,
                1.4445395220754318,
                -1.348600250150485,
                1.3523437530171325
            ]
        }
    }
}