{
    "moved_objects": [
        "ego",
        "obj2",
        "obj3",
        "box1"
    ],
    "interactions": {
        "ego": {
            "5.02 s to 5.48 s": [
                -1.1720599836814354,
                -1.130172820093041,
                -0.9918648574673975,
                -1.497167643949382
            ],
            "13.39 s to 18.42 s": [
                -0.9767571714597291,
                -1.4653551319347813,
                -1.7644234768204923,
                1.4778446186506458
            ]
        },
        "obj2": {
            "4.12 s to 4.96 s": [
                -0.8992259240944593,
                -1.2055637790738134,
                -0.8951935371374626,
                -0.7223702304153485
            ],
            "14.57 s to 16.22 s": [
                -0.8958662037047068,
                -0.7300725585977517,
                0.9375420141008243,
                1.3961603895935302
            ]
        },
        "obj3": {
            "14.56 s to 16.23 s": [
                -0.6997617163572374,
                -1.5033769168370779,
                1.1342080824970893,
                0.6224297891775739
            ]
        },
        "box1": {
            "17.2 s to 18.53 s": [
                1.498370412756967,
                -0.49920223103739825,
                -1.4605319913522365,
                1.3475078451371214
            ]
        }
    },
    "ego_interaction": {
        "13.39 s to 14.57 s": {
            "mode": "free",
            "start-end coordinates": [
                -0.9767571714597291,
                -1.4653551319347813,
                -1.0154673868909836,
                -1.5333949460347034
            ]
        },
        "13.39 s to 14.56 s": {
            "mode": "free",
            "start-end coordinates": [
                -0.9767571714597291,
                -1.4653551319347813,
                -1.0165269260643466,
                -1.5314272324268976
            ]
        },
        "13.39 s to 17.2 s": {
            "mode": "free",
            "start-end coordinates": [
                -0.9767571714597291,
                -1.4653551319347813,
                1.181809971510918,
                -0.3541185114384843
            ]
        },
        "14.56 s to 16.23 s": {
            "mode": "attached to obj3",
            "start-end coordinates": [
                -1.0165269260643466,
                -1.5314272324268976,
                0.8269246914631149,
                0.5921565741992569
            ]
        },
        "14.57 s to 16.22 s": {
            "mode": "attached to obj2",
            "start-end coordinates": [
                -1.0154673868909836,
                -1.5333949460347034,
                0.8254587295544938,
                0.5912056184279973
            ]
        },
        "16.22 s to 18.42 s": {
            "mode": "free",
            "start-end coordinates": [
                0.8254587295544938,
                0.5912056184279973,
                -1.7644234768204923,
                1.4778446186506458
            ]
        },
        "16.23 s to 18.42 s": {
            "mode": "free",
            "start-end coordinates": [
                0.8269246914631149,
                0.5921565741992569,
                -1.7644234768204923,
                1.4778446186506458
            ]
        },
        "17.2 s to 18.53 s": {
            "mode": "attached to box1",
            "start-end coordinates": [
                1.181809971510918,
                -0.3541185114384843,
                -1.7765639569320661,
                1.4826431922459604
            ]
        },
        "18.53 s to 18.42 s": {
            "mode": "free",
            "start-end coordinates": [
                -1.7765639569320661,
                1.4826431922459604,
                -1.7644234768204923,
                1.4778446186506458
            ]
        }
    }
}