{
    "moved_objects": [
        "ego",
        "obj2",
        "obj3",
        "box1"
    ],
    "interactions": {
        "ego": {
            "1.19 s to 1.24 s": [
                -1.2789050409097447,
                -1.253066023224552,
                -1.399732552980623,
                -1.2623888675414874
            ],
            "1.83 s to 2.58 s": [
                -1.2229736669272995,
                -1.3855638728140023,
                -1.1903150216756035,
                -1.5859103314467302
            ],
            "3.93 s to 5.8 s": [
                -1.0957244084278321,
                -1.4218019480176562,
                1.0319234410370048,
                -0.6360703486494335
            ],
            "6.69 s to 7.47 s": [
                1.2773386415906218,
                -0.5530586532378794,
                -1.4875659152651888,
                1.1753693312733406
            ]
        },
        "obj2": {
            "1.19 s to 2.23 s": [
                -0.8919235813947708,
                -1.49051250481683,
                -0.8896380294136154,
                -1.1948467319639708
            ],
            "3.25 s to 3.69 s": [
                -0.8896448368108458,
                -1.0165079949668236,
                -0.8929300598403178,
                -0.7700717645512253
            ],
            "4.26 s to 5.57 s": [
                -0.893372912195844,
                -0.7875053212504262,
                -0.7654321886192621,
                -0.6242979064497919
            ]
        },
        "obj3": {
            "4.21 s to 5.58 s": [
                -0.6927882658268418,
                -1.46786583075582,
                0.041954789304873875,
                -1.127582406682296
            ]
        },
        "box1": {
            "6.63 s to 7.52 s": [
                1.4856007875203776,
                -0.48305363247505995,
                -1.3758333744390085,
                1.3293801959228864
            ]
        }
    },
    "ego_interaction": {
        "1.19 s to 1.19 s": {
            "mode": "free",
            "start-end coordinates": [
                -1.2789050409097447,
                -1.253066023224552,
                -1.2789050409097447,
                -1.253066023224552
            ]
        },
        "1.19 s to 2.23 s": {
            "mode": "attached to obj2",
            "start-end coordinates": [
                -1.2789050409097447,
                -1.253066023224552,
                -1.186394764191657,
                -1.1195345105107133
            ]
        },
        "1.83 s to 1.19 s": {
            "mode": "free",
            "start-end coordinates": [
                -1.2229736669272995,
                -1.3855638728140023,
                -1.2789050409097447,
                -1.253066023224552
            ]
        },
        "2.23 s to 1.24 s": {
            "mode": "free",
            "start-end coordinates": [
                -1.186394764191657,
                -1.1195345105107133,
                -1.399732552980623,
                -1.2623888675414874
            ]
        },
        "2.23 s to 2.58 s": {
            "mode": "free",
            "start-end coordinates": [
                -1.186394764191657,
                -1.1195345105107133,
                -1.1903150216756035,
                -1.5859103314467302
            ]
        },
        "3.93 s to 4.26 s": {
            "mode": "free",
            "start-end coordinates": [
                -1.0957244084278321,
                -1.4218019480176562,
                -0.9743195763216617,
                -1.514756215740415
            ]
        },
        "3.93 s to 4.21 s": {
            "mode": "free",
            "start-end coordinates": [
                -1.0957244084278321,
                -1.4218019480176562,
                -1.0393996430607717,
                -1.5503220980326016
            ]
        },
        "4.21 s to 5.58 s": {
            "mode": "attached to obj3",
            "start-end coordinates": [
                -1.0393996430607717,
                -1.5503220980326016,
                0.41314055305960773,
                -0.6993067133405227
            ]
        },
        "4.26 s to 5.57 s": {
            "mode": "attached to obj2",
            "start-end coordinates": [
                -0.9743195763216617,
                -1.514756215740415,
                0.37871748190302423,
                -0.6945524597214413
            ]
        },
        "5.57 s to 5.8 s": {
            "mode": "free",
            "start-end coordinates": [
                0.37871748190302423,
                -0.6945524597214413,
                1.0319234410370048,
                -0.6360703486494335
            ]
        },
        "5.58 s to 5.8 s": {
            "mode": "free",
            "start-end coordinates": [
                0.41314055305960773,
                -0.6993067133405227,
                1.0319234410370048,
                -0.6360703486494335
            ]
        },
        "6.63 s to 7.52 s": {
            "mode": "attached to box1",
            "start-end coordinates": [
                1.313522053922119,
                -0.5910702866600512,
                -1.523318082673545,
                1.2068276742414095
            ]
        },
        "6.69 s to 6.63 s": {
            "mode": "free",
            "start-end coordinates": [
                1.2773386415906218,
                -0.5530586532378794,
                1.313522053922119,
                -0.5910702866600512
            ]
        },
        "7.52 s to 7.47 s": {
            "mode": "free",
            "start-end coordinates": [
                -1.523318082673545,
                1.2068276742414095,
                -1.4875659152651888,
                1.1753693312733406
            ]
        }
    }
}