{
    "moved_objects": [
        "ego",
        "obj1",
        "obj2",
        "obj4"
    ],
    "interactions": {
        "ego": {
            "0.04 s to 2.54 s": [
                1.047383181732318,
                1.5118029727814388,
                -0.35352301049602863,
                1.504158405866551
            ],
            "3.5 s to 7.57 s": [
                -0.6445361335790775,
                1.481225969936721,
                -0.7967948230786617,
                1.0984432471398928
            ],
            "10.9 s to 16.19 s": [
                -0.599719732010367,
                1.1094351150200243,
                -0.2812020279946745,
                1.4901973885402269
            ]
        },
        "obj1": {
            "11.84 s to 14.52 s": [
                0.7017159435360206,
                1.0712542544239612,
                -0.1780176214800191,
                0.8189280281430873
            ]
        },
        "obj2": {
            "14.17 s to 16.89 s": [
                1.4579004270123062,
                0.8360426701130282,
                0.008178222915389024,
                1.138710747565355
            ],
            "17.72 s to 19.74 s": [
                -0.015029563518917436,
                1.0741115207130618,
                -0.10003115185505118,
                0.4903419096702828
            ]
        },
        "obj4": {
            "6.0 s to 6.99 s": [
                0.3182030169399318,
                1.0794084857926485,
                -0.46390938155099853,
                1.117167343109263
            ]
        }
    },
    "ego_interaction": {
        "3.5 s to 6.0 s": {
            "mode": "free",
            "start-end coordinates": [
                -0.6445361335790775,
                1.481225969936721,
                0.06660339049029657,
                1.1479147650561945
            ]
        },
        "6.0 s to 6.99 s": {
            "mode": "attached to obj4",
            "start-end coordinates": [
                0.06660339049029657,
                1.1479147650561945,
                -0.6207861044682145,
                1.198395238458271
            ]
        },
        "6.99 s to 7.57 s": {
            "mode": "free",
            "start-end coordinates": [
                -0.6207861044682145,
                1.198395238458271,
                -0.7967948230786617,
                1.0984432471398928
            ]
        },
        "10.9 s to 11.84 s": {
            "mode": "free",
            "start-end coordinates": [
                -0.599719732010367,
                1.1094351150200243,
                0.3900576810751044,
                1.250326323231297
            ]
        },
        "10.9 s to 14.17 s": {
            "mode": "free",
            "start-end coordinates": [
                -0.599719732010367,
                1.1094351150200243,
                -0.6208075941121413,
                1.1901608501432035
            ]
        },
        "11.84 s to 14.52 s": {
            "mode": "attached to obj1",
            "start-end coordinates": [
                0.3900576810751044,
                1.250326323231297,
                0.7662812552960595,
                1.1817062789724684
            ]
        },
        "14.17 s to 16.89 s": {
            "mode": "attached to obj2",
            "start-end coordinates": [
                -0.6208075941121413,
                1.1901608501432035,
                -0.38098490308126787,
                1.2826739418643582
            ]
        },
        "14.52 s to 16.19 s": {
            "mode": "free",
            "start-end coordinates": [
                0.7662812552960595,
                1.1817062789724684,
                -0.2812020279946745,
                1.4901973885402269
            ]
        },
        "16.89 s to 16.19 s": {
            "mode": "free",
            "start-end coordinates": [
                -0.38098490308126787,
                1.2826739418643582,
                -0.2812020279946745,
                1.4901973885402269
            ]
        }
    }
}