{
    "moved_objects": [
        "ego",
        "box1",
        "obj1",
        "obj2",
        "obj4"
    ],
    "interactions": {
        "ego": {
            "5.37 s to 6.3 s": [
                1.0697006616744682,
                1.4463365342896568,
                -0.5726761199618781,
                1.4843388576618843
            ]
        },
        "box1": {
            "1.88 s to 3.31 s": [
                -1.0039036571523692,
                1.1618298614067413,
                -0.9550083541435321,
                0.5531773699543303
            ],
            "14.65 s to 16.64 s": [
                -0.93130072308376,
                0.2245711828629024,
                -0.8971616911816305,
                -0.620483539880043
            ]
        },
        "obj1": {
            "2.58 s to 3.31 s": [
                0.9800657890338244,
                1.0072518053470563,
                0.5174040061919933,
                0.9582925908792062
            ],
            "5.32 s to 5.96 s": [
                0.44807436192981714,
                1.0545008934262605,
                -0.5772443913598467,
                0.8698309232252488
            ],
            "14.65 s to 16.6 s": [
                -0.9754138588350588,
                0.9410969177728232,
                -0.8904545349370012,
                0.07226244767969416
            ]
        },
        "obj2": {
            "5.38 s to 6.67 s": [
                1.4134110947233587,
                1.0927413413963438,
                -0.6297425769425053,
                1.3038088088057986
            ],
            "14.65 s to 16.64 s": [
                -0.8359759572743615,
                1.0463329372493857,
                -0.8912780644110743,
                0.1335833329647837
            ]
        },
        "obj4": {
            "1.97 s to 3.31 s": [
                0.4737575746921493,
                1.0332182640650034,
                0.07423472117207537,
                0.8135738165986777
            ],
            "14.65 s to 16.64 s": [
                -0.3813004605995812,
                0.8159687276093827,
                -0.6616526670427588,
                0.274297346712863
            ]
        }
    },
    "ego_interaction": {
        "5.32 s to 5.96 s": {
            "mode": "attached to obj1",
            "start-end coordinates": [
                1.1021370162791566,
                1.395485545707752,
                0.1197977442926916,
                1.4786083852347391
            ]
        },
        "5.37 s to 5.32 s": {
            "mode": "free",
            "start-end coordinates": [
                1.0697006616744682,
                1.4463365342896568,
                1.1021370162791566,
                1.395485545707752
            ]
        },
        "5.37 s to 5.38 s": {
            "mode": "free",
            "start-end coordinates": [
                1.0697006616744682,
                1.4463365342896568,
                1.0570349866544086,
                1.457079705777152
            ]
        },
        "5.38 s to 6.67 s": {
            "mode": "attached to obj2",
            "start-end coordinates": [
                1.0570349866544086,
                1.457079705777152,
                -0.9206330450199257,
                1.435728148895641
            ]
        },
        "5.96 s to 6.3 s": {
            "mode": "free",
            "start-end coordinates": [
                0.1197977442926916,
                1.4786083852347391,
                -0.5726761199618781,
                1.4843388576618843
            ]
        },
        "6.67 s to 6.3 s": {
            "mode": "free",
            "start-end coordinates": [
                -0.9206330450199257,
                1.435728148895641,
                -0.5726761199618781,
                1.4843388576618843
            ]
        }
    }
}