{
    "moved_objects": [
        "ego",
        "box1",
        "obj1",
        "obj2",
        "obj4"
    ],
    "interactions": {
        "ego": {
            "1.96 s to 3.36 s": [
                0.7730027141797725,
                1.527389352153105,
                0.160034354427009,
                1.5071979578153851
            ],
            "5.32 s to 5.8 s": [
                0.48006980644182884,
                1.4392753939677916,
                0.9513190477477274,
                1.4182970838513673
            ],
            "19.26 s to 21.35 s": [
                1.3638607225315733,
                1.3082720266468455,
                1.0216965384837104,
                1.5235805896058991
            ],
            "21.98 s to 24.98 s": [
                0.8781312142393993,
                1.4008261730413893,
                0.4545037515265946,
                0.8193246993872534
            ],
            "30.12 s to 34.72 s": [
                0.9978641253948846,
                0.9438412101173037,
                0.647563807830573,
                1.2031113048118178
            ]
        },
        "box1": {
            "22.26 s to 23.94 s": [
                -0.836369501777144,
                1.1335163740421845,
                -0.01716036743153055,
                0.6741250198726637
            ],
            "24.5 s to 25.07 s": [
                0.05226506393487195,
                0.6382929490111617,
                0.5536471918360505,
                0.5654238223152137
            ],
            "30.07 s to 34.72 s": [
                1.0801769992979433,
                0.6401571012043057,
                1.187655274856352,
                -0.4001018324134954
            ]
        },
        "obj1": {
            "30.06 s to 34.72 s": [
                0.9860888603738994,
                1.5014230015225727,
                0.8025343702616422,
                0.5925261340809067
            ]
        },
        "obj2": {
            "30.05 s to 34.72 s": [
                1.141916834450546,
                0.9793685011662753,
                1.077340553569358,
                0.08783025873763209
            ]
        },
        "obj4": {
            "32.24 s to 34.72 s": [
                0.7395454859267792,
                1.134795273062855,
                0.8240193139921119,
                0.5624709015826702
            ]
        }
    },
    "ego_interaction": {
        "21.98 s to 22.26 s": {
            "mode": "free",
            "start-end coordinates": [
                0.8781312142393993,
                1.4008261730413893,
                0.6157741721980694,
                1.362311439654587
            ]
        },
        "21.98 s to 24.5 s": {
            "mode": "free",
            "start-end coordinates": [
                0.8781312142393993,
                1.4008261730413893,
                -0.029387758154010447,
                0.9182635818580369
            ]
        },
        "22.26 s to 23.94 s": {
            "mode": "attached to box1",
            "start-end coordinates": [
                0.6157741721980694,
                1.362311439654587,
                0.1281036016279494,
                1.012701514545564
            ]
        },
        "23.94 s to 24.98 s": {
            "mode": "free",
            "start-end coordinates": [
                0.1281036016279494,
                1.012701514545564,
                0.4545037515265946,
                0.8193246993872534
            ]
        },
        "24.5 s to 25.07 s": {
            "mode": "attached to box1",
            "start-end coordinates": [
                -0.029387758154010447,
                0.9182635818580369,
                0.4799592328383665,
                0.8464967463732026
            ]
        },
        "25.07 s to 24.98 s": {
            "mode": "free",
            "start-end coordinates": [
                0.4799592328383665,
                0.8464967463732026,
                0.4545037515265946,
                0.8193246993872534
            ]
        },
        "30.05 s to 34.72 s": {
            "mode": "attached to obj2",
            "start-end coordinates": [
                0.9867866605493407,
                0.9390069962407654,
                0.647563807830573,
                1.2031113048118178
            ]
        },
        "30.06 s to 34.72 s": {
            "mode": "attached to obj1",
            "start-end coordinates": [
                0.9869953674952113,
                0.9386773134377575,
                0.647563807830573,
                1.2031113048118178
            ]
        },
        "30.07 s to 34.72 s": {
            "mode": "attached to box1",
            "start-end coordinates": [
                0.9875088488731545,
                0.9383862537413054,
                0.647563807830573,
                1.2031113048118178
            ]
        },
        "30.12 s to 30.07 s": {
            "mode": "free",
            "start-end coordinates": [
                0.9978641253948846,
                0.9438412101173037,
                0.9875088488731545,
                0.9383862537413054
            ]
        },
        "30.12 s to 30.06 s": {
            "mode": "free",
            "start-end coordinates": [
                0.9978641253948846,
                0.9438412101173037,
                0.9869953674952113,
                0.9386773134377575
            ]
        },
        "30.12 s to 30.05 s": {
            "mode": "free",
            "start-end coordinates": [
                0.9978641253948846,
                0.9438412101173037,
                0.9867866605493407,
                0.9390069962407654
            ]
        },
        "30.12 s to 32.24 s": {
            "mode": "free",
            "start-end coordinates": [
                0.9978641253948846,
                0.9438412101173037,
                0.43463251316878754,
                0.9994572630840971
            ]
        },
        "32.24 s to 34.72 s": {
            "mode": "attached to obj4",
            "start-end coordinates": [
                0.43463251316878754,
                0.9994572630840971,
                0.647563807830573,
                1.2031113048118178
            ]
        },
        "34.72 s to 34.72 s": {
            "mode": "free",
            "start-end coordinates": [
                0.647563807830573,
                1.2031113048118178,
                0.647563807830573,
                1.2031113048118178
            ]
        }
    }
}