{
    "moved_objects": [
        "ego",
        "obj1",
        "obj4"
    ],
    "interactions": {
        "ego": {
            "0.26 s to 1.51 s": [
                1.0856707674498884,
                1.445344001663,
                -0.4465570478335785,
                1.6108839791853427
            ]
        },
        "obj1": {
            "3.22 s to 4.6 s": [
                0.9673190695927298,
                1.0657882721099552,
                0.3907305535001654,
                1.124521474484805
            ]
        },
        "obj4": {
            "3.19 s to 4.6 s": [
                0.4321013867154704,
                1.031425601398804,
                -0.2073404521461857,
                1.2092372296708929
            ]
        }
    },
    "ego_interaction": {}
}