{
    "moved_objects": [
        "ego",
        "box1",
        "obj1",
        "obj2",
        "obj3",
        "obj4"
    ],
    "interactions": {
        "ego": {
            "0.26 s to 1.51 s": [
                1.0856707674498884,
                1.445344001663,
                -0.4465570478335785,
                1.6108839791853427
            ],
            "2.36 s to 4.6 s": [
                -0.905794227914833,
                1.3895532340909615,
                -0.5999668573448829,
                1.571952064758539
            ],
            "6.28 s to 6.49 s": [
                -0.7574377463397035,
                1.3534848755228213,
                -0.5497628315408786,
                1.1982472041336156
            ]
        },
        "box1": {
            "2.29 s to 4.6 s": [
                -1.0025815767336477,
                1.1246242236692008,
                -0.986777110822757,
                0.8498259315892929
            ],
            "6.27 s to 6.49 s": [
                -1.0069147748683918,
                0.8516262065527123,
                -0.9002239004494668,
                0.8387538820570652
            ]
        },
        "obj1": {
            "0.26 s to 1.59 s": [
                1.0008559104334016,
                1.018133186217292,
                0.9296932170974532,
                1.097719753653069
            ],
            "3.22 s to 4.6 s": [
                0.9673190695927298,
                1.0657882721099552,
                0.3907305535001654,
                1.124521474484805
            ],
            "6.27 s to 6.49 s": [
                0.3438251800841067,
                1.0735324456563962,
                0.20911164260812887,
                0.9948984130049253
            ]
        },
        "obj2": {
            "0.5 s to 1.59 s": [
                1.499664492084359,
                0.7993118937912632,
                1.3864717995960962,
                0.8742585101096065
            ]
        },
        "obj3": {
            "0.69 s to 1.59 s": [
                0.011899896528590904,
                0.9997997858351589,
                -0.07213188154895125,
                1.0757954329057213
            ],
            "3.17 s to 4.6 s": [
                -0.060877334877461595,
                1.0778233197830571,
                -0.08575118670618587,
                1.3065133977506524
            ]
        },
        "obj4": {
            "0.81 s to 1.59 s": [
                0.4894422057678333,
                1.0057092616267855,
                0.2913906004686895,
                1.0951704231449406
            ],
            "3.19 s to 4.6 s": [
                0.4321013867154704,
                1.031425601398804,
                -0.2073404521461857,
                1.2092372296708929
            ],
            "6.27 s to 6.49 s": [
                -0.20601419543377925,
                1.179819397683641,
                -0.3213229041150302,
                1.1513784249412875
            ]
        }
    },
    "ego_interaction": {
        "0.26 s to 0.26 s": {
            "mode": "free",
            "start-end coordinates": [
                1.0856707674498884,
                1.445344001663,
                1.0856707674498884,
                1.445344001663
            ]
        },
        "0.26 s to 1.59 s": {
            "mode": "attached to obj1",
            "start-end coordinates": [
                1.0856707674498884,
                1.445344001663,
                -0.5263839077502923,
                1.5943044784435279
            ]
        },
        "0.26 s to 0.5 s": {
            "mode": "free",
            "start-end coordinates": [
                1.0856707674498884,
                1.445344001663,
                1.0344511309203477,
                1.5094593864016486
            ]
        },
        "0.26 s to 0.69 s": {
            "mode": "free",
            "start-end coordinates": [
                1.0856707674498884,
                1.445344001663,
                0.6427431800896287,
                1.5176272088182605
            ]
        },
        "0.26 s to 0.81 s": {
            "mode": "free",
            "start-end coordinates": [
                1.0856707674498884,
                1.445344001663,
                0.5709669281810289,
                1.5869885529894965
            ]
        },
        "0.5 s to 1.59 s": {
            "mode": "attached to obj2",
            "start-end coordinates": [
                1.0344511309203477,
                1.5094593864016486,
                -0.5263839077502923,
                1.5943044784435279
            ]
        },
        "0.69 s to 1.59 s": {
            "mode": "attached to obj3",
            "start-end coordinates": [
                0.6427431800896287,
                1.5176272088182605,
                -0.5263839077502923,
                1.5943044784435279
            ]
        },
        "0.81 s to 1.59 s": {
            "mode": "attached to obj4",
            "start-end coordinates": [
                0.5709669281810289,
                1.5869885529894965,
                -0.5263839077502923,
                1.5943044784435279
            ]
        },
        "1.59 s to 1.51 s": {
            "mode": "free",
            "start-end coordinates": [
                -0.5263839077502923,
                1.5943044784435279,
                -0.4465570478335785,
                1.6108839791853427
            ]
        },
        "2.29 s to 4.6 s": {
            "mode": "attached to box1",
            "start-end coordinates": [
                -0.8500060386818397,
                1.464844933148735,
                -0.615735414900379,
                1.5582625908936207
            ]
        },
        "2.36 s to 2.29 s": {
            "mode": "free",
            "start-end coordinates": [
                -0.905794227914833,
                1.3895532340909615,
                -0.8500060386818397,
                1.464844933148735
            ]
        },
        "2.36 s to 3.22 s": {
            "mode": "free",
            "start-end coordinates": [
                -0.905794227914833,
                1.3895532340909615,
                0.4060872783882981,
                1.4829836371748664
            ]
        },
        "2.36 s to 3.17 s": {
            "mode": "free",
            "start-end coordinates": [
                -0.905794227914833,
                1.3895532340909615,
                0.1520661802028441,
                1.5513920446229799
            ]
        },
        "2.36 s to 3.19 s": {
            "mode": "free",
            "start-end coordinates": [
                -0.905794227914833,
                1.3895532340909615,
                0.25226567489516083,
                1.5582918456648027
            ]
        },
        "3.17 s to 4.6 s": {
            "mode": "attached to obj3",
            "start-end coordinates": [
                0.1520661802028441,
                1.5513920446229799,
                -0.615735414900379,
                1.5582625908936207
            ]
        },
        "3.19 s to 4.6 s": {
            "mode": "attached to obj4",
            "start-end coordinates": [
                0.25226567489516083,
                1.5582918456648027,
                -0.615735414900379,
                1.5582625908936207
            ]
        },
        "3.22 s to 4.6 s": {
            "mode": "attached to obj1",
            "start-end coordinates": [
                0.4060872783882981,
                1.4829836371748664,
                -0.615735414900379,
                1.5582625908936207
            ]
        },
        "4.6 s to 4.6 s": {
            "mode": "free",
            "start-end coordinates": [
                -0.615735414900379,
                1.5582625908936207,
                -0.615735414900379,
                1.5582625908936207
            ]
        },
        "6.27 s to 6.49 s": {
            "mode": "attached to obj4",