{
    "moved_objects": [
        "ego",
        "box1",
        "obj2",
        "obj4"
    ],
    "interactions": {
        "ego": {
            "0.98 s to 5.16 s": [
                0.8655867858139683,
                1.5515846940916165,
                1.4951346537629568,
                1.602659611756413
            ],
            "5.93 s to 7.21 s": [
                1.5321907112935067,
                1.333671514381932,
                -0.6036383914962443,
                1.4026115241924124
            ]
        },
        "box1": {
            "2.67 s to 4.28 s": [
                -0.9997477383279817,
                1.180518249962466,
                -0.9336910455546155,
                0.7284609108621602
            ],
            "10.43 s to 13.84 s": [
                -0.9236255661848944,
                0.58322070361416,
                -0.9042027547992779,
                0.12351204388199266
            ],
            "15.28 s to 16.0 s": [
                -0.9065088403067916,
                0.039220124739717914,
                -0.9145415249188279,
                -0.43352559804343893
            ]
        },
        "obj2": {
            "5.94 s to 7.42 s": [
                1.4160534941209915,
                1.1773302204438678,
                -0.9175131500131791,
                1.2515540592883703
            ],
            "10.45 s to 13.84 s": [
                -0.8828265255362309,
                1.1084284788346999,
                -0.9070934817150808,
                0.6628866936040358
            ],
            "15.28 s to 15.99 s": [
                -0.9101484585735137,
                0.5725983764388726,
                -0.9168301455555066,
                0.12956243535463355
            ]
        },
        "obj4": {
            "10.77 s to 13.28 s": [
                -0.0024949335926027884,
                0.9549059116491807,
                -0.8785655444758762,
                0.8652833580113173
            ],
            "15.56 s to 15.99 s": [
                -0.866074961226414,
                0.7684478112219641,
                -0.8660352194573089,
                0.25744931592880826
            ]
        }
    },
    "ego_interaction": {
        "0.98 s to 2.67 s": {
            "mode": "free",
            "start-end coordinates": [
                0.8655867858139683,
                1.5515846940916165,
                -0.7568307291983281,
                1.4682552102747017
            ]
        },
        "2.67 s to 4.28 s": {
            "mode": "attached to box1",
            "start-end coordinates": [
                -0.7568307291983281,
                1.4682552102747017,
                1.044773931209419,
                1.492404576034696
            ]
        },
        "4.28 s to 5.16 s": {
            "mode": "free",
            "start-end coordinates": [
                1.044773931209419,
                1.492404576034696,
                1.4951346537629568,
                1.602659611756413
            ]
        },
        "5.93 s to 5.94 s": {
            "mode": "free",
            "start-end coordinates": [
                1.5321907112935067,
                1.333671514381932,
                1.5238807944852817,
                1.3054037092248438
            ]
        },
        "5.94 s to 7.42 s": {
            "mode": "attached to obj2",
            "start-end coordinates": [
                1.5238807944852817,
                1.3054037092248438,
                -0.803285292041662,
                1.2990329874342914
            ]
        },
        "7.42 s to 7.21 s": {
            "mode": "free",
            "start-end coordinates": [
                -0.803285292041662,
                1.2990329874342914,
                -0.6036383914962443,
                1.4026115241924124
            ]
        }
    }
}