{
    "moved_objects": [
        "ego",
        "box1",
        "obj2",
        "obj3",
        "obj4"
    ],
    "interactions": {
        "ego": {
            "0.98 s to 5.16 s": [
                0.8655867858139683,
                1.5515846940916165,
                1.4951346537629568,
                1.602659611756413
            ],
            "5.93 s to 7.21 s": [
                1.5321907112935067,
                1.333671514381932,
                -0.6036383914962443,
                1.4026115241924124
            ],
            "11.66 s to 13.84 s": [
                -0.8353597075345217,
                1.0079516658290324,
                -0.9036286913208478,
                1.2494607016870982
            ],
            "15.27 s to 15.93 s": [
                -0.9116294071520806,
                1.058788159120185,
                -0.8446711460267771,
                0.8927885072374384
            ]
        },
        "box1": {
            "2.67 s to 4.28 s": [
                -0.9997477383279817,
                1.180518249962466,
                -0.9336910455546155,
                0.7284609108621602
            ],
            "5.93 s to 7.21 s": [
                -0.9273840462505133,
                0.697565658659008,
                -0.9311889346312653,
                0.612064184235988
            ],
            "10.43 s to 13.84 s": [
                -0.9236255661848944,
                0.58322070361416,
                -0.9042027547992779,
                0.12351204388199266
            ],
            "15.28 s to 16.0 s": [
                -0.9065088403067916,
                0.039220124739717914,
                -0.9145415249188279,
                -0.43352559804343893
            ]
        },
        "obj2": {
            "4.99 s to 5.23 s": [
                1.4948016143914145,
                0.8257454358082444,
                1.4625950972164568,
                1.1697598845458885
            ],
            "5.94 s to 7.42 s": [
                1.4160534941209915,
                1.1773302204438678,
                -0.9175131500131791,
                1.2515540592883703
            ],
            "10.45 s to 13.84 s": [
                -0.8828265255362309,
                1.1084284788346999,
                -0.9070934817150808,
                0.6628866936040358
            ],
            "15.28 s to 15.99 s": [
                -0.9101484585735137,
                0.5725983764388726,
                -0.9168301455555066,
                0.12956243535463355
            ]
        },
        "obj3": {
            "3.65 s to 4.28 s": [
                -0.02576901391341147,
                1.025968206032101,
                -0.1665430565694521,
                1.0716022617353038
            ]
        },
        "obj4": {
            "3.58 s to 4.28 s": [
                0.40744307062255414,
                1.025690546413652,
                0.20291969612726302,
                0.9634831460676601
            ],
            "5.93 s to 7.21 s": [
                0.17518077581558908,
                0.9617265253723579,
                -0.011213568042540593,
                0.9812649459091216
            ],
            "10.77 s to 13.28 s": [
                -0.0024949335926027884,
                0.9549059116491807,
                -0.8785655444758762,
                0.8652833580113173
            ],
            "15.56 s to 15.99 s": [
                -0.866074961226414,
                0.7684478112219641,
                -0.8660352194573089,
                0.25744931592880826
            ]
        }
    },
    "ego_interaction": {
        "0.98 s to 2.67 s": {
            "mode": "free",
            "start-end coordinates": [
                0.8655867858139683,
                1.5515846940916165,
                -0.7568307291983281,
                1.4682552102747017
            ]
        },
        "0.98 s to 4.99 s": {
            "mode": "free",
            "start-end coordinates": [
                0.8655867858139683,
                1.5515846940916165,
                1.3181492413349283,
                1.3581323549225321
            ]
        },
        "0.98 s to 3.65 s": {
            "mode": "free",
            "start-end coordinates": [
                0.8655867858139683,
                1.5515846940916165,
                -0.5718285354206581,
                1.1762558714641596
            ]
        },
        "0.98 s to 3.58 s": {
            "mode": "free",
            "start-end coordinates": [
                0.8655867858139683,
                1.5515846940916165,
                -0.6423100421773703,
                1.0781816372990465
            ]
        },
        "2.67 s to 4.28 s": {
            "mode": "attached to box1",
            "start-end coordinates": [
                -0.7568307291983281,
                1.4682552102747017,
                1.044773931209419,
                1.492404576034696
            ]
        },
        "3.58 s to 4.28 s": {
            "mode": "attached to obj4",
            "start-end coordinates": [
                -0.6423100421773703,
                1.0781816372990465,
                1.044773931209419,
                1.492404576034696
            ]
        },
        "3.65 s to 4.28 s": {
            "mode": "attached to obj3",
            "start-end coordinates": [
                -0.5718285354206581,
                1.1762558714641596,
                1.044773931209419,
                1.492404576034696
            ]
        },
        "4.28 s to 5.16 s": {
            "mode": "free",
            "start-end coordinates": [
                1.044773931209419,
                1.492404576034696,
                1.4951346537629568,
                1.602659611756413
            ]
        },
        "4.99 s to 5.23 s": {
            "mode": "attached to obj2",
            "start-end coordinates": [
                1.3181492413349283,
                1.3581323549225321,
                1.4951350257359146,
                1.6608226488830657
            ]
        },
        "5.23 s to 5.16 s": {
            "mode": "free",
            "start-end coordinates": [
                1.4951350257359146,
                1.6608226488830657,
                1.4951346537629568,
                1.602659611756413
            ]
        },
        "5.93 s to 5.93 s": {
            "mode": "free",
            "start-end coordinates": [
                1.5321907112935067,
                1.333671514381932,
                1.5321907112935067,
                1.333671514381932
            ]
        },
        "5.93 s to 7.21 s": {
            "mode": "attached to obj4",
            "start-end coordinates": [
                1.5321907112935067,
                1.333671514381932,
                -0.6036383914962443,
                1.4026115241924124
            ]
        },
        "5.93 s to 5.94 s": {
            "mode": "free",
            "start-end coordinates": [
                1.5321907112935067,
                1.333671514381932,
                1.5238807944852817,
                1.3054037092248438
            ]
        },
        "5.94 s to 7.42 s": {
            "mode": "attached to obj2",
            "start-end coordinates": [
                1.5238807944852817,
                1.3054037092248438,
                -0.803285292041662,
                1.2990329874342914
            ]
        },
        "7.21 s to 7.21 s": {
            "mode": "free",
            "start-end coordinates": [
                -0.6036383914962443,
                1.4026115241924124,
                -0.6036383914962443,
                1.4026115241924124
            ]
        },
        "7.42 s to 7.21 s": {
            "mode": "free",
            "start-end coordinates": [
                -0.803285292041662,
                1.2990329874342914,
                -0.6036383914962443,
                1.4026115241924124
            ]
        },
        "10.43 s to 13.84 s": {
            "mode": "attached to box1",