{
    "moved_objects": [
        "ego",
        "box1",
        "obj1",
        "obj2",
        "obj3",
        "obj4"
    ],
    "interactions": {
        "ego": {
            "0.04 s to 3.47 s": [
                0.9787245126838084,
                1.4911578716645544,
                1.209812550037518,
                1.3051707328858477
            ],
            "4.19 s to 4.4 s": [
                1.4100480135208224,
                1.2597404469340592,
                1.4787619057014192,
                1.5608500670617627
            ],
            "5.37 s to 6.3 s": [
                1.0697006616744682,
                1.4463365342896568,
                -0.5726761199618781,
                1.4843388576618843
            ],
            "9.63 s to 9.77 s": [
                -1.1709823204822307,
                1.2117130132952276,
                -1.0948595938202743,
                1.3338102204166353
            ],
            "14.65 s to 16.64 s": [
                -1.0753806036795104,
                1.3829096833041892,
                -0.9648495812011224,
                1.1365160485658832
            ]
        },
        "box1": {
            "1.88 s to 3.31 s": [
                -1.0039036571523692,
                1.1618298614067413,
                -0.9550083541435321,
                0.5531773699543303
            ],
            "5.67 s to 5.96 s": [
                -0.9507134572639686,
                0.5532918569937701,
                -0.9320381372285078,
                0.35928412030806195
            ],
            "9.64 s to 9.77 s": [
                -0.9312121744867801,
                0.3274999062898716,
                -0.9314923242410877,
                0.2256355548276539
            ],
            "14.65 s to 16.64 s": [
                -0.93130072308376,
                0.2245711828629024,
                -0.8971616911816305,
                -0.620483539880043
            ]
        },
        "obj1": {
            "2.58 s to 3.31 s": [
                0.9800657890338244,
                1.0072518053470563,
                0.5174040061919933,
                0.9582925908792062
            ],
            "5.32 s to 5.96 s": [
                0.44807436192981714,
                1.0545008934262605,
                -0.5772443913598467,
                0.8698309232252488
            ],
            "9.63 s to 9.77 s": [
                -0.5451932079984823,
                0.8572985998997793,
                -0.9154796950577919,
                0.9734764253134208
            ],
            "14.65 s to 16.6 s": [
                -0.9754138588350588,
                0.9410969177728232,
                -0.8904545349370012,
                0.07226244767969416
            ]
        },
        "obj2": {
            "4.17 s to 4.41 s": [
                1.4859468802074596,
                0.8304527939654418,
                1.4650094855199793,
                1.0935189104185887
            ],
            "5.38 s to 6.67 s": [
                1.4134110947233587,
                1.0927413413963438,
                -0.6297425769425053,
                1.3038088088057986
            ],
            "14.65 s to 16.64 s": [
                -0.8359759572743615,
                1.0463329372493857,
                -0.8912780644110743,
                0.1335833329647837
            ]
        },
        "obj3": {
            "2.28 s to 3.3 s": [
                -0.06168388298403424,
                1.0116163376148923,
                -0.22096480689806813,
                0.7765670823117803
            ],
            "11.05 s to 11.9 s": [
                -0.22472702522442314,
                0.7406746750194982,
                -0.28592027415842824,
                0.8054249280799902
            ],
            "14.65 s to 16.64 s": [
                -0.279506244066117,
                0.808029297006972,
                -0.1667012379136629,
                0.521433201230783
            ]
        },
        "obj4": {
            "1.97 s to 3.31 s": [
                0.4737575746921493,
                1.0332182640650034,
                0.07423472117207537,
                0.8135738165986777
            ],
            "5.66 s to 5.96 s": [
                0.06706659133616052,
                0.8322214206564013,
                -0.20504219734376705,
                0.8335066993946154
            ],
            "14.65 s to 16.64 s": [
                -0.3813004605995812,
                0.8159687276093827,
                -0.6616526670427588,
                0.274297346712863
            ]
        }
    },
    "ego_interaction": {
        "0.04 s to 1.88 s": {
            "mode": "free",
            "start-end coordinates": [
                0.9787245126838084,
                1.4911578716645544,
                -0.5889811797103501,
                1.4444564086294969
            ]
        },
        "0.04 s to 2.58 s": {
            "mode": "free",
            "start-end coordinates": [
                0.9787245126838084,
                1.4911578716645544,
                -0.13248001298416895,
                1.1476105644557286
            ]
        },
        "0.04 s to 2.28 s": {
            "mode": "free",
            "start-end coordinates": [
                0.9787245126838084,
                1.4911578716645544,
                -0.5095274250990673,
                1.0650247917485676
            ]
        },
        "0.04 s to 1.97 s": {
            "mode": "free",
            "start-end coordinates": [
                0.9787245126838084,
                1.4911578716645544,
                -0.5996050721673234,
                1.2213247111903587
            ]
        },
        "1.88 s to 3.31 s": {
            "mode": "attached to box1",
            "start-end coordinates": [
                -0.5889811797103501,
                1.4444564086294969,
                0.8983495912374799,
                1.3499747192571427
            ]
        },
        "1.97 s to 3.31 s": {
            "mode": "attached to obj4",
            "start-end coordinates": [
                -0.5996050721673234,
                1.2213247111903587,
                0.8983495912374799,
                1.3499747192571427
            ]
        },
        "2.28 s to 3.3 s": {
            "mode": "attached to obj3",
            "start-end coordinates": [
                -0.5095274250990673,
                1.0650247917485676,
                0.8863800166229804,
                1.3465415448038809
            ]
        },
        "2.58 s to 3.31 s": {
            "mode": "attached to obj1",
            "start-end coordinates": [
                -0.13248001298416895,
                1.1476105644557286,
                0.8983495912374799,
                1.3499747192571427
            ]
        },
        "3.3 s to 3.47 s": {
            "mode": "free",
            "start-end coordinates": [
                0.8863800166229804,
                1.3465415448038809,
                1.209812550037518,
                1.3051707328858477
            ]
        },
        "3.31 s to 3.47 s": {
            "mode": "free",
            "start-end coordinates": [
                0.8983495912374799,
                1.3499747192571427,
                1.209812550037518,
                1.3051707328858477
            ]
        },
        "4.17 s to 4.41 s": {
            "mode": "attached to obj2",
            "start-end coordinates": [
                1.4027176836876774,
                1.2365213730358486,
                1.468978728843345,
                1.5496330316009537
            ]
        },
        "4.19 s to 4.17 s": {
            "mode": "free",
            "start-end coordinates": [
                1.4100480135208224,
                1.2597404469340592,
                1.4027176836876774,
                1.2365213730358486
            ]
        },
        "4.41 s to 4.4 s": {
            "mode": "free",