{
    "moved_objects": [
        "ego",
        "box1",
        "obj1",
        "obj2",
        "obj3"
    ],
    "interactions": {
        "ego": {
            "2.42 s to 2.79 s": [
                0.5013200412429741,
                1.4146537340563765,
                0.9220113228359601,
                1.4413600744928978
            ],
            "20.33 s to 23.99 s": [
                0.46182445699969044,
                1.2189402484872,
                -0.11674871444480459,
                1.0627778678783841
            ],
            "25.29 s to 27.32 s": [
                -0.522469244923097,
                1.098049322750442,
                -0.07927507772665862,
                1.1245751467890395
            ],
            "31.65 s to 33.31 s": [
                -0.1941554265375262,
                1.1446228789772739,
                -0.8101098915245781,
                1.0572742938050288
            ],
            "41.64 s to 44.43 s": [
                -0.6692915623546539,
                1.01843172981038,
                -0.28182921903168123,
                1.3175193041349373
            ]
        },
        "box1": {
            "32.54 s to 33.95 s": [
                -1.0412341202395659,
                1.2221112796010833,
                -0.5389404426124982,
                0.7469122281790938
            ],
            "45.53 s to 46.84 s": [
                -0.06061049920764771,
                0.06138051298708492,
                -0.14360387179727863,
                -0.49003398422786537
            ]
        },
        "obj1": {
            "22.38 s to 26.05 s": [
                1.0705738378137517,
                1.1114300994367552,
                -0.07859689220081952,
                1.338942452479842
            ],
            "38.55 s to 40.11 s": [
                0.2475706665401472,
                1.4820824820918568,
                -0.3093559604388152,
                1.4381083817330644
            ],
            "45.61 s to 46.62 s": [
                -0.12328403500268711,
                0.925435379623435,
                -0.12485662496035105,
                0.4385694574965341
            ]
        },
        "obj2": {
            "22.38 s to 26.04 s": [
                1.3161454150323304,
                0.6870703077825497,
                0.3827215686870853,
                0.758111527931136
            ],
            "45.57 s to 46.72 s": [
                -0.04557700329024497,
                0.49404116976029466,
                -0.11933320445913312,
                -0.027451885943461415
            ]
        },
        "obj3": {
            "20.82 s to 23.57 s": [
                -0.0027446827584627106,
                1.0037543209678996,
                0.26331558594475457,
                1.452690291732558
            ]
        }
    },
    "ego_interaction": {
        "20.33 s to 22.38 s": {
            "mode": "free",
            "start-end coordinates": [
                0.4682438174877043,
                1.2178042368019713,
                0.8093956903588713,
                1.4019568283054515
            ]
        },
        "20.33 s to 20.82 s": {
            "mode": "free",
            "start-end coordinates": [
                0.4682438174877043,
                1.2178042368019713,
                0.17241658219070521,
                1.0909775551489669
            ]
        },
        "20.82 s to 23.57 s": {
            "mode": "attached to obj3",
            "start-end coordinates": [
                0.17241658219070521,
                1.0909775551489669,
                0.19807358652527857,
                1.226357600134064
            ]
        },
        "22.38 s to 26.05 s": {
            "mode": "attached to obj1",
            "start-end coordinates": [
                0.8093956903588713,
                1.4019568283054515,
                -0.6613723670292067,
                1.2808830472680615
            ]
        },
        "22.38 s to 26.04 s": {
            "mode": "attached to obj2",
            "start-end coordinates": [
                0.8093956903588713,
                1.4019568283054515,
                -0.6736902993449435,
                1.2838355929697167
            ]
        },
        "23.57 s to 23.99 s": {
            "mode": "free",
            "start-end coordinates": [
                0.19807358652527857,
                1.226357600134064,
                -0.11674871444480459,
                1.0627778678783841
            ]
        },
        "25.29 s to 22.38 s": {
            "mode": "free",
            "start-end coordinates": [
                -0.522469244923097,
                1.098049322750442,
                0.8093956903588713,
                1.4019568283054515
            ]
        },
        "26.04 s to 23.99 s": {
            "mode": "free",
            "start-end coordinates": [
                -0.6736902993449435,
                1.2838355929697167,
                -0.11674871444480459,
                1.0627778678783841
            ]
        },
        "26.04 s to 27.32 s": {
            "mode": "free",
            "start-end coordinates": [
                -0.6736902993449435,
                1.2838355929697167,
                -0.07927507772665862,
                1.1245751467890395
            ]
        },
        "26.05 s to 23.99 s": {
            "mode": "free",
            "start-end coordinates": [
                -0.6613723670292067,
                1.2808830472680615,
                -0.11674871444480459,
                1.0627778678783841
            ]
        },
        "26.05 s to 27.32 s": {
            "mode": "free",
            "start-end coordinates": [
                -0.6613723670292067,
                1.2808830472680615,
                -0.07927507772665862,
                1.1245751467890395
            ]
        },
        "31.65 s to 32.54 s": {
            "mode": "free",
            "start-end coordinates": [
                -0.1941554265375262,
                1.1446228789772739,
                -0.9770486054682781,
                1.4340520634640426
            ]
        },
        "32.54 s to 33.95 s": {
            "mode": "attached to box1",
            "start-end coordinates": [
                -0.9770486054682781,
                1.4340520634640426,
                -0.5856830394840278,
                0.9361574181384733
            ]
        },
        "33.95 s to 33.31 s": {
            "mode": "free",
            "start-end coordinates": [
                -0.5856830394840278,
                0.9361574181384733,
                -0.8101098915245781,
                1.0572742938050288
            ]
        }
    }
}