{
    "moved_objects": [
        "ego",
        "obj1",
        "obj2",
        "obj3"
    ],
    "interactions": {
        "ego": {
            "4.39 s to 6.53 s": [
                1.272122655798859,
                1.3510194414668184,
                1.420107247275629,
                0.4593689917403079
            ],
            "9.89 s to 12.47 s": [
                1.3373736201233735,
                -0.5454747374375379,
                -0.5247421354779449,
                -1.4089629341528047
            ]
        },
        "obj1": {
            "10.03 s to 11.34 s": [
                -0.9709525816494073,
                -1.0620813926895085,
                -0.9022753195974889,
                -0.6125554216061847
            ]
        },
        "obj2": {
            "4.39 s to 6.58 s": [
                1.6535663653676005,
                1.0297422270312695,
                1.432982257374738,
                0.1308254819425005
            ],
            "10.02 s to 12.47 s": [
                1.2863143170890008,
                -0.7104804331059437,
                -0.7528083513612757,
                -0.682451571889769
            ]
        },
        "obj3": {
            "5.16 s to 6.58 s": [
                0.9703851454709266,
                0.9923377805665569,
                1.0473022860893582,
                -0.19798715585746982
            ],
            "10.02 s to 11.34 s": [
                0.9212463084157357,
                -0.9629057584444345,
                -0.3024911185791407,
                -0.8248650094450414
            ]
        }
    },
    "ego_interaction": {
        "4.39 s to 4.39 s": {
            "mode": "free",
            "start-end coordinates": [
                1.2738387270610716,
                1.3595993693806716,
                1.2738387270610716,
                1.3595993693806716
            ]
        },
        "4.39 s to 6.58 s": {
            "mode": "attached to obj2",
            "start-end coordinates": [
                1.2738387270610716,
                1.3595993693806716,
                1.4131771334559837,
                0.4397318009896431
            ]
        },
        "4.39 s to 5.16 s": {
            "mode": "free",
            "start-end coordinates": [
                1.2738387270610716,
                1.3595993693806716,
                1.3005672623018225,
                1.1827899884856532
            ]
        },
        "5.16 s to 6.58 s": {
            "mode": "attached to obj3",
            "start-end coordinates": [
                1.3005672623018225,
                1.1827899884856532,
                1.4131771334559837,
                0.4397318009896431
            ]
        },
        "6.58 s to 6.53 s": {
            "mode": "free",
            "start-end coordinates": [
                1.4131771334559837,
                0.4397318009896431,
                1.420107247275629,
                0.4593689917403079
            ]
        },
        "9.89 s to 10.03 s": {
            "mode": "free",
            "start-end coordinates": [
                1.3373736201233735,
                -0.5454747374375379,
                1.2900001103325254,
                -0.6757143827806473
            ]
        },
        "9.89 s to 10.02 s": {
            "mode": "free",
            "start-end coordinates": [
                1.3373736201233735,
                -0.5454747374375379,
                1.2900001103325254,
                -0.6757143827806473
            ]
        },
        "10.02 s to 12.47 s": {
            "mode": "attached to obj2",
            "start-end coordinates": [
                1.2900001103325254,
                -0.6757143827806473,
                -0.5247421354779449,
                -1.4089629341528047
            ]
        },
        "10.02 s to 11.34 s": {
            "mode": "attached to obj3",
            "start-end coordinates": [
                1.2900001103325254,
                -0.6757143827806473,
                0.21492513208969077,
                -1.536309975543909
            ]
        },
        "10.03 s to 11.34 s": {
            "mode": "attached to obj1",
            "start-end coordinates": [
                1.2900001103325254,
                -0.6757143827806473,
                0.21492513208969077,
                -1.536309975543909
            ]
        },
        "11.34 s to 12.47 s": {
            "mode": "free",
            "start-end coordinates": [
                0.21492513208969077,
                -1.536309975543909,
                -0.5247421354779449,
                -1.4089629341528047
            ]
        },
        "12.47 s to 12.47 s": {
            "mode": "free",
            "start-end coordinates": [
                -0.5247421354779449,
                -1.4089629341528047,
                -0.5247421354779449,
                -1.4089629341528047
            ]
        }
    }
}