{
    "moved_objects": [
        "ego",
        "box1",
        "obj1",
        "obj2",
        "obj3"
    ],
    "interactions": {
        "ego": {
            "16.51 s to 17.31 s": [
                1.4059010251797022,
                1.0884584730907239,
                1.400452746607385,
                -0.09078891626311489
            ],
            "19.12 s to 22.43 s": [
                1.2710248239245003,
                0.07553780767357349,
                -0.8818336772882885,
                -1.4599101453862005
            ],
            "23.38 s to 26.15 s": [
                -0.9187519891231888,
                -1.4176911019887564,
                1.5131696754685775,
                1.1245088974839839
            ],
            "28.5 s to 36.1 s": [
                1.6276791677655411,
                1.044196866649133,
                1.4587881556879188,
                -0.826032041963309
            ],
            "37.8 s to 38.34 s": [
                1.2129902999262803,
                -1.3839030954662843,
                0.8030153519836507,
                -1.336374286983174
            ],
            "42.31 s to 42.99 s": [
                1.011200465283817,
                -1.7238040588061225,
                0.32417187709005324,
                -1.7816825635081965
            ],
            "45.48 s to 46.6 s": [
                -0.6316619453870291,
                -1.7761482314274224,
                -1.1030764832642046,
                -1.5948924421777368
            ],
            "52.07 s to 52.94 s": [
                -1.660350294722785,
                -1.2423166804877614,
                -1.635655167491803,
                -1.7634337767897934
            ],
            "54.56 s to 58.79 s": [
                -1.6475131094781421,
                -1.6810142115253974,
                1.0583784876593991,
                1.2575772936177045
            ],
            "60.0 s to 61.72 s": [
                1.0885347791924995,
                1.2009288888368883,
                -0.05506851961299283,
                -1.7003704418050698
            ],
            "62.22 s to 62.79 s": [
                -0.2854377046286741,
                -1.660458240484945,
                -0.9955648131999406,
                -1.6864279471420667
            ],
            "77.76 s to 79.01 s": [
                -0.9832911928130417,
                -1.4075999593739836,
                -1.614976265642678,
                -1.632007061959829
            ],
            "92.21 s to 93.74 s": [
                -1.2609513135233796,
                -1.6623350153514158,
                0.007201157674005505,
                -1.4139388497719085
            ]
        },
        "box1": {
            "46.08 s to 46.75 s": [
                -1.0994851027076629,
                -0.011823354629876624,
                -1.4996996882790672,
                0.030566669820680552
            ],
            "91.71 s to 92.59 s": [
                -1.7447904843255309,
                0.8484138323455864,
                -1.7201378074716818,
                1.4429705116335998
            ]
        },
        "obj1": {
            "23.37 s to 26.71 s": [
                -0.9859689451286159,
                -1.1127419983596587,
                1.4519138712077835,
                1.4946058914090092
            ],
            "48.02 s to 49.83 s": [
                0.6614150856213872,
                1.149746201802464,
                0.1732725475591529,
                0.8652284433258808
            ],
            "52.04 s to 53.08 s": [
                0.16889901490352854,
                1.2064791966336939,
                -0.04668199491139013,
                0.7931200725380884
            ],
            "54.46 s to 57.59 s": [
                0.08313533413367001,
                0.8920604491118054,
                1.3711696381359066,
                0.7182003409907489
            ],
            "62.54 s to 62.83 s": [
                0.933667819192018,
                0.7248829803451788,
                0.5242599305433542,
                0.6750194413072985
            ],
            "64.97 s to 65.85 s": [
                0.5525982941147644,
                0.725221344955264,
                0.5670239807394841,
                1.1416256822522006
            ],
            "77.79 s to 79.41 s": [
                0.6025771135064074,
                1.0222654450744666,
                0.06182755522387796,
                0.886966719577024
            ]
        },
        "obj2": {
            "28.43 s to 35.71 s": [
                1.848664312122024,
                0.26038489720283736,
                1.5003052190156927,
                -0.22624729053480602
            ],
            "42.22 s to 44.73 s": [
                1.0810759632781366,
                -0.7475645070310815,
                -0.5423049234463564,
                -0.8278353491990746
            ],
            "45.47 s to 46.59 s": [
                -0.6199972827907934,
                -0.8249054870512088,
                -1.2374599293268684,
                -0.7844313946542477
            ],
            "47.1 s to 51.3 s": [
                -1.28092916096517,
                -0.7752523644479044,
                -1.6907283303654645,
                -0.5560601237210103
            ],
            "52.04 s to 52.38 s": [
                -1.6861904442245679,
                -0.3765818790721941,
                -1.6503132825145899,
                -0.9458233100342377
            ],
            "54.52 s to 58.31 s": [
                -1.657345067619459,
                -0.8692422169637704,
                -0.5442386210278746,
                -0.931258564842798
            ]
        },
        "obj3": {
            "12.53 s to 13.41 s": [
                0.9970990972123359,
                1.0852517115292537,
                0.9567063372305135,
                0.5283718420953794
            ],
            "19.03 s to 20.06 s": [
                0.9747039770626929,
                0.5778841771760583,
                1.0271886306479603,
                1.5135427091045925
            ],
            "59.3 s to 63.4 s": [
                1.1112918669618042,
                1.8375179151450127,
                -0.8673898971196854,
                -0.9075973864303294
            ],
            "65.07 s to 69.27 s": [
                -0.9302728449426475,
                -0.9578709759292856,
                -1.323269366564807,
                -0.6937551453084894
            ]
        }
    },
    "ego_interaction": {
        "19.03 s to 20.06 s": {
            "mode": "attached to obj3",
            "start-end coordinates": [
                1.2617356213262771,
                0.023658905723352816,
                1.2681607735113158,
                0.49648174479491736
            ]
        },
        "19.12 s to 19.03 s": {
            "mode": "free",
            "start-end coordinates": [
                1.2710248239245003,
                0.07553780767357349,
                1.2617356213262771,
                0.023658905723352816
            ]
        },
        "20.06 s to 22.43 s": {
            "mode": "free",
            "start-end coordinates": [
                1.2681607735113158,
                0.49648174479491736,
                -0.8818336772882885,
                -1.4599101453862005
            ]
        },
        "23.37 s to 26.71 s": {
            "mode": "attached to obj1",
            "start-end coordinates": [
                -0.9257698892351874,
                -1.4149106820193627,
                1.5473871080431156,
                1.250321793167914
            ]
        },
        "23.38 s to 23.37 s": {
            "mode": "free",
            "start-end coordinates": [
                -0.9187519891231888,
                -1.4176911019887564,
                -0.9257698892351874,
                -1.4149106820193627
            ]
        },
        "26.71 s to 26.15 s": {
            "mode": "free",