{
    "moved_objects": [
        "ego",
        "box1",
        "obj1",
        "obj2",
        "obj3"
    ],
    "interactions": {
        "ego": {
            "0.74 s to 2.37 s": [
                1.3723510154506318,
                1.459884310916423,
                -0.11392112992882093,
                -1.3267319360964813
            ]
        },
        "box1": {
            "1.59 s to 2.38 s": [
                -1.0060358806447511,
                0.011072559941476705,
                -1.0418182605860296,
                0.12341646648174452
            ],
            "3.77 s to 4.12 s": [
                -1.029896803529655,
                0.3041493075266607,
                -1.060297283944464,
                0.43292421192377883
            ]
        },
        "obj1": {
            "0.99 s to 2.37 s": [
                -0.9996728014708216,
                -1.1073023911981301,
                -0.8613420029008654,
                -0.807414646516736
            ],
            "3.77 s to 4.11 s": [
                -0.8570300967386117,
                -0.4000646330563469,
                -0.90194497505774,
                -0.24526894133407046
            ]
        },
        "obj2": {
            "0.77 s to 2.36 s": [
                1.667142704588727,
                0.8976393543523182,
                0.22085914474292068,
                -0.587385790412384
            ],
            "3.77 s to 4.13 s": [
                0.2319317480360687,
                -0.38690676136728985,
                0.09209618251337476,
                -0.42962733677902226
            ]
        },
        "obj3": {
            "0.48 s to 2.37 s": [
                0.9756896686710319,
                1.0995318850585694,
                0.848992465712288,
                0.899243593009313
            ],
            "4.0 s to 4.13 s": [
                0.8509013501659316,
                0.9095219879805411,
                0.6150409202320628,
                0.7746072700615354
            ]
        }
    },
    "ego_interaction": {
        "0.48 s to 2.37 s": {
            "mode": "attached to obj3",
            "start-end coordinates": [
                0.9624091743377092,
                1.5540050233354747,
                -0.11392112992882093,
                -1.3267319360964813
            ]
        },
        "0.74 s to 1.59 s": {
            "mode": "free",
            "start-end coordinates": [
                1.3723510154506318,
                1.459884310916423,
                1.0205690892538783,
                -1.440600545624389
            ]
        },
        "0.74 s to 0.99 s": {
            "mode": "free",
            "start-end coordinates": [
                1.3723510154506318,
                1.459884310916423,
                1.0512418389167875,
                -0.5516635756211288
            ]
        },
        "0.74 s to 0.77 s": {
            "mode": "free",
            "start-end coordinates": [
                1.3723510154506318,
                1.459884310916423,
                1.4108863044962843,
                1.3567103511320397
            ]
        },
        "0.74 s to 0.48 s": {
            "mode": "free",
            "start-end coordinates": [
                1.3723510154506318,
                1.459884310916423,
                0.9624091743377092,
                1.5540050233354747
            ]
        },
        "0.77 s to 2.36 s": {
            "mode": "attached to obj2",
            "start-end coordinates": [
                1.4108863044962843,
                1.3567103511320397,
                -0.07461942107183976,
                -1.2802827120623206
            ]
        },
        "0.99 s to 2.37 s": {
            "mode": "attached to obj1",
            "start-end coordinates": [
                1.0512418389167875,
                -0.5516635756211288,
                -0.11392112992882093,
                -1.3267319360964813
            ]
        },
        "1.59 s to 2.38 s": {
            "mode": "attached to box1",
            "start-end coordinates": [
                1.0205690892538783,
                -1.440600545624389,
                -0.10089876105834893,
                -1.3203956208830419
            ]
        },
        "2.36 s to 2.37 s": {
            "mode": "free",
            "start-end coordinates": [
                -0.07461942107183976,
                -1.2802827120623206,
                -0.11392112992882093,
                -1.3267319360964813
            ]
        },
        "2.37 s to 2.37 s": {
            "mode": "free",
            "start-end coordinates": [
                -0.11392112992882093,
                -1.3267319360964813,
                -0.11392112992882093,
                -1.3267319360964813
            ]
        },
        "2.38 s to 2.37 s": {
            "mode": "free",
            "start-end coordinates": [
                -0.10089876105834893,
                -1.3203956208830419,
                -0.11392112992882093,
                -1.3267319360964813
            ]
        }
    }
}