{
    "moved_objects": [
        "ego",
        "box1",
        "obj1",
        "obj2",
        "obj3"
    ],
    "interactions": {
        "ego": {
            "4.1 s to 4.37 s": [
                0.8339491968399122,
                1.5500651836755877,
                0.42544312233710363,
                1.3801468557753496
            ],
            "7.53 s to 8.34 s": [
                0.42612656207499033,
                1.4018047860358451,
                1.316702703164676,
                1.5291231522582602
            ],
            "9.39 s to 10.57 s": [
                1.4878881240142134,
                1.0866587641599155,
                1.037217875953134,
                1.2307361082939918
            ],
            "11.67 s to 11.86 s": [
                1.1032063810633146,
                1.1088173563575123,
                1.4470246120981636,
                0.760170323470943
            ],
            "15.23 s to 21.24 s": [
                1.5636871843374396,
                0.12691699461853365,
                -0.9266685417285552,
                -1.2365887781414386
            ]
        },
        "box1": {
            "21.0 s to 23.07 s": [
                -0.9991528869059683,
                0.00243404294219006,
                -0.9598361038792779,
                0.6443681677031194
            ]
        },
        "obj1": {
            "20.97 s to 26.03 s": [
                -1.0106285867943696,
                -1.0494247363966032,
                2.074333194312216,
                17.090888828008914
            ]
        },
        "obj2": {
            "7.93 s to 9.19 s": [
                1.288856277299592,
                1.1101084993556267,
                1.9881827851934137,
                0.5837824429610623
            ]
        },
        "obj3": {
            "14.41 s to 15.33 s": [
                1.5637630216079268,
                -0.23501807309407596,
                0.9577011887926619,
                0.6413864633560709
            ],
            "17.1 s to 21.05 s": [
                0.7192827023541006,
                -0.2920358044940109,
                -0.30395915979637333,
                0.19784210188802792
            ]
        }
    },
    "ego_interaction": {
        "7.53 s to 7.93 s": {
            "mode": "free",
            "start-end coordinates": [
                0.42612656207499033,
                1.4018047860358451,
                0.5829832533386654,
                1.5815844618825434
            ]
        },
        "7.93 s to 9.19 s": {
            "mode": "attached to obj2",
            "start-end coordinates": [
                0.5829832533386654,
                1.5815844618825434,
                1.523907907230981,
                1.1769582895608393
            ]
        },
        "9.19 s to 8.34 s": {
            "mode": "free",
            "start-end coordinates": [
                1.523907907230981,
                1.1769582895608393,
                1.316702703164676,
                1.5291231522582602
            ]
        },
        "14.41 s to 15.33 s": {
            "mode": "attached to obj3",
            "start-end coordinates": [
                1.2777148746106157,
                -0.0028812439362951876,
                1.5225487117491545,
                0.18335870716999503
            ]
        },
        "15.23 s to 21.0 s": {
            "mode": "free",
            "start-end coordinates": [
                1.5636871843374396,
                0.12691699461853365,
                -0.9984469515350367,
                -1.8926215692192894
            ]
        },
        "15.23 s to 20.97 s": {
            "mode": "free",
            "start-end coordinates": [
                1.5636871843374396,
                0.12691699461853365,
                -0.9901273231610284,
                -1.7797063230954013
            ]
        },
        "15.23 s to 14.41 s": {
            "mode": "free",
            "start-end coordinates": [
                1.5636871843374396,
                0.12691699461853365,
                1.2777148746106157,
                -0.0028812439362951876
            ]
        },
        "15.23 s to 17.1 s": {
            "mode": "free",
            "start-end coordinates": [
                1.5636871843374396,
                0.12691699461853365,
                0.8742967248585876,
                1.06355768275078
            ]
        },
        "15.33 s to 21.24 s": {
            "mode": "free",
            "start-end coordinates": [
                1.5225487117491545,
                0.18335870716999503,
                -0.9266685417285552,
                -1.2365887781414386
            ]
        },
        "17.1 s to 21.05 s": {
            "mode": "attached to obj3",
            "start-end coordinates": [
                0.8742967248585876,
                1.06355768275078,
                -1.0099899041751519,
                -1.7693899629927072
            ]
        },
        "20.97 s to 26.03 s": {
            "mode": "attached to obj1",
            "start-end coordinates": [
                -0.9901273231610284,
                -1.7797063230954013,
                -0.9901471875406005,
                -1.6210006936074541
            ]
        },
        "21.0 s to 23.07 s": {
            "mode": "attached to box1",
            "start-end coordinates": [
                -0.9984469515350367,
                -1.8926215692192894,
                -0.9625170724319934,
                -1.6243095514492258
            ]
        },
        "21.05 s to 21.24 s": {
            "mode": "free",
            "start-end coordinates": [
                -1.0099899041751519,
                -1.7693899629927072,
                -0.9266685417285552,
                -1.2365887781414386
            ]
        },
        "23.07 s to 21.24 s": {
            "mode": "free",
            "start-end coordinates": [
                -0.9625170724319934,
                -1.6243095514492258,
                -0.9266685417285552,
                -1.2365887781414386
            ]
        },
        "26.03 s to 21.24 s": {
            "mode": "free",
            "start-end coordinates": [
                -0.9901471875406005,
                -1.6210006936074541,
                -0.9266685417285552,
                -1.2365887781414386
            ]
        }
    }
}