{
    "moved_objects": [
        "ego",
        "box1",
        "obj1",
        "obj1_a",
        "obj2",
        "obj3"
    ],
    "interactions": {
        "ego": {
            "0.0 s to 0.23 s": [
                -0.566499536439022,
                -0.2349147446980034,
                0.4920042164955007,
                0.6053088518123624
            ],
            "1.1 s to 2.08 s": [
                0.6863255971029777,
                0.43388715509617226,
                -0.048419553861468845,
                0.015142468359297905
            ]
        },
        "box1": {
            "1.1 s to 2.09 s": [
                -1.1281458413484275,
                1.4377185033891628,
                -1.1223056121954542,
                0.9801791648820849
            ]
        },
        "obj1": {
            "1.11 s to 2.06 s": [
                -0.6978841040905034,
                -0.4606626623140128,
                -0.943214399677214,
                0.23144175028344094
            ]
        },
        "obj1_a": {
            "1.17 s to 2.03 s": [
                -0.5648637670439494,
                -0.42561449848382293,
                -1.0622211603723366,
                0.24425677808912236
            ]
        },
        "obj2": {
            "1.11 s to 2.08 s": [
                1.0694814261976073,
                0.8429730784186225,
                0.14980355270701842,
                0.517768066640829
            ]
        },
        "obj3": {
            "0.0 s to 0.23 s": [
                0.10327461114395942,
                0.48250308952242005,
                0.7161262743202769,
                0.9563265714647431
            ],
            "1.11 s to 2.08 s": [
                0.7117832343742735,
                0.8296706174953631,
                0.23770266450739305,
                0.8916538614526182
            ]
        }
    },
    "ego_interaction": {
        "0.0 s to 0.0 s": {
            "mode": "free",
            "start-end coordinates": [
                -0.566499536439022,
                -0.2349147446980034,
                -0.566499536439022,
                -0.2349147446980034
            ]
        },
        "0.0 s to 0.23 s": {
            "mode": "attached to obj3",
            "start-end coordinates": [
                -0.566499536439022,
                -0.2349147446980034,
                0.4920042164955007,
                0.6053088518123624
            ]
        },
        "0.23 s to 0.23 s": {
            "mode": "free",
            "start-end coordinates": [
                0.4920042164955007,
                0.6053088518123624,
                0.4920042164955007,
                0.6053088518123624
            ]
        },
        "1.1 s to 1.1 s": {
            "mode": "free",
            "start-end coordinates": [
                0.6863255971029777,
                0.43388715509617226,
                0.6863255971029777,
                0.43388715509617226
            ]
        },
        "1.1 s to 2.09 s": {
            "mode": "attached to box1",
            "start-end coordinates": [
                0.6863255971029777,
                0.43388715509617226,
                -0.03833268174635589,
                0.008761252886948774
            ]
        },
        "1.1 s to 1.11 s": {
            "mode": "free",
            "start-end coordinates": [
                0.6863255971029777,
                0.43388715509617226,
                0.6694920860309568,
                0.4080258362970823
            ]
        },
        "1.1 s to 1.17 s": {
            "mode": "free",
            "start-end coordinates": [
                0.6863255971029777,
                0.43388715509617226,
                0.08487977442960078,
                -0.09935620942846236
            ]
        },
        "1.11 s to 2.06 s": {
            "mode": "attached to obj1",
            "start-end coordinates": [
                0.6694920860309568,
                0.4080258362970823,
                -0.15420906728228248,
                0.01753135853913175
            ]
        },
        "1.11 s to 2.08 s": {
            "mode": "attached to obj3",
            "start-end coordinates": [
                0.6694920860309568,
                0.4080258362970823,
                -0.048419553861468845,
                0.015142468359297905
            ]
        },
        "1.17 s to 2.03 s": {
            "mode": "attached to obj1_a",
            "start-end coordinates": [
                0.08487977442960078,
                -0.09935620942846236,
                -0.3080604130184939,
                0.008489870866239299
            ]
        },
        "2.03 s to 2.08 s": {
            "mode": "free",
            "start-end coordinates": [
                -0.3080604130184939,
                0.008489870866239299,
                -0.048419553861468845,
                0.015142468359297905
            ]
        },
        "2.06 s to 2.08 s": {
            "mode": "free",
            "start-end coordinates": [
                -0.15420906728228248,
                0.01753135853913175,
                -0.048419553861468845,
                0.015142468359297905
            ]
        },
        "2.08 s to 2.08 s": {
            "mode": "free",
            "start-end coordinates": [
                -0.048419553861468845,
                0.015142468359297905,
                -0.048419553861468845,
                0.015142468359297905
            ]
        },
        "2.09 s to 2.08 s": {
            "mode": "free",
            "start-end coordinates": [
                -0.03833268174635589,
                0.008761252886948774,
                -0.048419553861468845,
                0.015142468359297905
            ]
        }
    }
}