{
    "moved_objects": [
        "ego",
        "obj1",
        "obj1_a",
        "obj2",
        "obj3"
    ],
    "interactions": {
        "ego": {
            "1.72 s to 4.62 s": [
                1.2149138384780365,
                1.2215456754612437,
                0.34741044929369647,
                0.09801816820003054
            ],
            "5.19 s to 5.4 s": [
                -2.0609152806225564e-05,
                0.12748465864843186,
                0.6758095290067304,
                0.20353530217018864
            ],
            "5.95 s to 6.71 s": [
                0.1390375664608526,
                -0.29496442171373477,
                0.19638132064407832,
                0.2911119907593538
            ]
        },
        "obj1": {
            "0.91 s to 1.13 s": [
                -0.9872464157894898,
                -1.1202703536283232,
                0.027119108214190744,
                0.15043627019646397
            ],
            "2.15 s to 2.88 s": [
                0.054347125224009966,
                0.04533210869147184,
                -0.37525134424470563,
                0.009310616881161528
            ],
            "3.58 s to 4.48 s": [
                -0.36312424004071403,
                0.03069580932029048,
                -0.6457446332641384,
                -0.25330578155707834
            ],
            "6.15 s to 7.18 s": [
                -0.6647631516174181,
                -0.2620627256807998,
                0.09611520392089913,
                0.22086020543988183
            ]
        },
        "obj1_a": {
            "0.91 s to 1.13 s": [
                -0.7403924368644358,
                -1.273446915776139,
                0.21818793132662012,
                0.2337185243274838
            ],
            "2.14 s to 2.88 s": [
                0.26338451985997824,
                0.129508164203018,
                -0.14188491871216086,
                -0.16378955227034256
            ],
            "3.58 s to 4.48 s": [
                -0.13007592600106188,
                -0.14284694821535107,
                -0.57416499029218,
                -0.25178252371876897
            ],
            "6.15 s to 7.22 s": [
                -0.61072134399003,
                -0.28164951036842356,
                0.23395203474082438,
                0.390287251765233
            ]
        },
        "obj2": {
            "0.28 s to 1.11 s": [
                1.2815545042265521,
                1.037898126760548,
                1.6225341070625088,
                0.5761300218731954
            ],
            "4.31 s to 4.59 s": [
                1.8205344924009066,
                0.39307009621010175,
                1.060809413635114,
                -0.09996850581038277
            ]
        },
        "obj3": {
            "1.05 s to 5.4 s": [
                1.025531984477293,
                0.9149871675984013,
                77.990019063493,
                -26.591955326105474
            ],
            "6.16 s to 6.7 s": [
                84.80161132274473,
                -28.300870644029626,
                91.70526427000894,
                -31.195910667701828
            ]
        }
    },
    "ego_interaction": {
        "1.05 s to 5.4 s": {
            "mode": "attached to obj3",
            "start-end coordinates": [
                1.058427807493102,
                0.5672473026669107,
                0.6758095290067304,
                0.20353530217018864
            ]
        },
        "1.72 s to 2.15 s": {
            "mode": "free",
            "start-end coordinates": [
                1.2149138384780365,
                1.2215456754612437,
                0.6890265007462599,
                0.21274533945255278
            ]
        },
        "1.72 s to 3.58 s": {
            "mode": "free",
            "start-end coordinates": [
                1.2149138384780365,
                1.2215456754612437,
                0.7880627964227853,
                0.26828214241256976
            ]
        },
        "1.72 s to 2.14 s": {
            "mode": "free",
            "start-end coordinates": [
                1.2149138384780365,
                1.2215456754612437,
                0.7419129890846998,
                0.2665852038807748
            ]
        },
        "1.72 s to 4.31 s": {
            "mode": "free",
            "start-end coordinates": [
                1.2149138384780365,
                1.2215456754612437,
                1.431084067218185,
                0.7816487728374544
            ]
        },
        "1.72 s to 1.05 s": {
            "mode": "free",
            "start-end coordinates": [
                1.2149138384780365,
                1.2215456754612437,
                1.058427807493102,
                0.5672473026669107
            ]
        },
        "2.14 s to 2.88 s": {
            "mode": "attached to obj1_a",
            "start-end coordinates": [
                0.7419129890846998,
                0.2665852038807748,
                1.1054758259963706,
                0.07148719383359241
            ]
        },
        "2.15 s to 2.88 s": {
            "mode": "attached to obj1",
            "start-end coordinates": [
                0.6890265007462599,
                0.21274533945255278,
                1.1054758259963706,
                0.07148719383359241
            ]
        },
        "2.88 s to 4.62 s": {
            "mode": "free",
            "start-end coordinates": [
                1.1054758259963706,
                0.07148719383359241,
                0.34741044929369647,
                0.09801816820003054
            ]
        },
        "3.58 s to 4.48 s": {
            "mode": "attached to obj1_a",
            "start-end coordinates": [
                0.7880627964227853,
                0.26828214241256976,
                0.9319165272501159,
                0.40281656495086243
            ]
        },
        "4.31 s to 4.59 s": {
            "mode": "attached to obj2",
            "start-end coordinates": [
                1.431084067218185,
                0.7816487728374544,
                0.4473682790278461,
                0.12616321993546237
            ]
        },
        "4.48 s to 4.62 s": {
            "mode": "free",
            "start-end coordinates": [
                0.9319165272501159,
                0.40281656495086243,
                0.34741044929369647,
                0.09801816820003054
            ]
        },
        "4.59 s to 4.62 s": {
            "mode": "free",
            "start-end coordinates": [
                0.4473682790278461,
                0.12616321993546237,
                0.34741044929369647,
                0.09801816820003054
            ]
        },
        "5.19 s to 1.05 s": {
            "mode": "free",
            "start-end coordinates": [
                -2.0609152806225564e-05,
                0.12748465864843186,
                1.058427807493102,
                0.5672473026669107
            ]
        },
        "5.4 s to 4.62 s": {
            "mode": "free",
            "start-end coordinates": [
                0.6758095290067304,
                0.20353530217018864,
                0.34741044929369647,
                0.09801816820003054
            ]
        },
        "5.4 s to 5.4 s": {
            "mode": "free",
            "start-end coordinates": [
                0.6758095290067304,
                0.20353530217018864,
                0.6758095290067304,
                0.20353530217018864
            ]
        },
        "5.95 s to 6.15 s": {
            "mode": "free",
            "start-end coordinates": [
                0.1390375664608526,
                -0.29496442171373477,
                -0.15237017192259325,
                -0.31676108203142134
            ]
        },
        "5.95 s to 6.16 s": {
            "mode": "free",