{
    "moved_objects": [
        "ego",
        "box1"
    ],
    "interactions": {
        "ego": {
            "0": [
                0.25217364250966656,
                -0.10213376371324559,
                1.4204379715130042,
                -0.974511896039508
            ],
            "1": [
                1.5520844476894764,
                -0.8335522353164448,
                -0.8844401304116061,
                -0.9125928279490452
            ],
            "4": [
                -1.327108769332834,
                -0.9483831959349255,
                -1.2781845656622401,
                0.7700162208696264
            ]
        },
        "box1": {
            "2": [
                1.506283506511306,
                -0.5163100754963884,
                0.37034531798185777,
                0.6483583722931433
            ],
            "3": [
                0.35584289972432204,
                0.6539515119257235,
                -1.2342553946505253,
                -0.6683533817773271
            ],
            "5": [
                -1.3078993262593488,
                -0.5313049709562714,
                -1.32609305625303,
                1.188944209840061
            ]
        }
    }
}