{
    "moved_objects": [
        "ego",
        "box1"
    ],
    "interactions": {
        "ego": {
            "0": [
                0.08954953516158845,
                -0.07596909279122084,
                1.4309572969739175,
                -0.9482389121010769
            ],
            "1": [
                1.5321351262526504,
                -0.7691488755255722,
                0.24653868511251165,
                0.5157156022794855
            ],
            "3": [
                0.3216828216734645,
                0.45313572017005666,
                -0.7937884544354097,
                0.7624353293385292
            ],
            "5": [
                -0.8891985974848767,
                0.7594760104313385,
                -1.2731158437507903,
                0.3217727656252028
            ],
            "7": [
                -1.2806386497339475,
                0.4799262462268321,
                -1.2861438866055905,
                0.9875122404964437
            ]
        },
        "box1": {
            "2": [
                1.4844904543714803,
                -0.4807740205755573,
                0.13135848697262728,
                0.784540587779766
            ],
            "4": [
                0.12129494910300243,
                0.7726506390216779,
                -1.246497455845701,
                0.7944818478810763
            ],
            "6": [
                -1.2574556106183024,
                0.8006604080683484,
                -1.2750085646224867,
                1.385351383994486
            ]
        }
    }
}