{
    "moved_objects": [
        "ego",
        "box1"
    ],
    "interactions": {
        "ego": {
            "0": [
                0.08960716049456258,
                -0.06870878597024385,
                1.2408335702538325,
                -0.8533061753230324
            ],
            "2": [
                1.3983857786913803,
                -0.7718362972707803,
                -1.296277016481607,
                1.0217580756654834
            ]
        },
        "box1": {
            "1": [
                1.4422388303941527,
                -0.5028432788843987,
                -1.2904436352395012,
                1.4283815633419679
            ]
        }
    }
}