{
    "moved_objects": [
        "ego",
        "box1"
    ],
    "interactions": {
        "ego": {
            "0": [
                0.19362617363474122,
                -0.22638127788175538,
                0.9864677489580367,
                -0.35192242031192444
            ],
            "2": [
                1.2273520501929363,
                -0.3319542971451347,
                -1.3702705577664316,
                0.7469795578706557
            ],
            "3": [
                -1.3178898195127742,
                0.5646554303177038,
                -0.370503868566765,
                0.7324208823055369
            ],
            "4": [
                -0.828197325815607,
                0.7611970284129266,
                -1.2930112655058732,
                0.3799342157732674
            ],
            "6": [
                -1.3177968359794001,
                0.5592083275363526,
                -0.9349969598626058,
                0.8766227782105318
            ]
        },
        "box1": {
            "1": [
                1.5002601061021907,
                -0.4862565152233519,
                -1.067968484839024,
                0.7623803762699748
            ],
            "5": [
                -1.2811384134485595,
                0.7914625293691129,
                -1.253727847843329,
                1.4957530398598209
            ]
        }
    }
}