{
    "moved_objects": [
        "ego",
        "box1"
    ],
    "interactions": {
        "ego": {
            "0": [
                0.02372019288262575,
                0.017540845618667297,
                1.0475494438624897,
                -0.6215697959257286
            ],
            "2": [
                1.1578392403317057,
                -0.5283999271753678,
                -1.519377442194883,
                0.7535007639802715
            ],
            "4": [
                -1.2387960470694928,
                0.7081381333582272,
                -0.5067776870594325,
                0.7211354344982802
            ],
            "5": [
                0.003342512848141698,
                0.6939739420936064,
                0.553991258527423,
                0.6773159474008252
            ],
            "7": [
                0.08519941223402241,
                0.5996170609293769,
                -1.1762367081641483,
                0.6824128157371422
            ]
        },
        "box1": {
            "1": [
                1.4965723596585878,
                -0.4775558832184824,
                -1.2257468013453026,
                0.8210025002026428
            ],
            "3": [
                -0.9364819874580019,
                0.7502514390187212,
                0.14822155758379282,
                0.754071822914917
            ],
            "6": [
                0.23519715738798058,
                0.5928243353543547,
                -1.3478292926088957,
                1.4170676521915901
            ]
        }
    }
}