{
    "moved_objects": [
        "ego",
        "box1",
        "obj1",
        "obj2"
    ],
    "interactions": {
        "ego": {
            "0.94 s to 2.43 s": [
                1.2333374730115574,
                1.6260304783939545,
                0.9889456290490993,
                1.4021454153720363
            ],
            "4.57 s to 4.76 s": [
                0.9225112566453124,
                1.1981757690198152,
                0.7139912212270509,
                1.2545211029605257
            ],
            "5.47 s to 5.53 s": [
                0.7662281442898135,
                1.1821632073144133,
                0.7822250744506167,
                1.0767363968667714
            ]
        },
        "box1": {
            "2.06 s to 2.43 s": [
                0.4209697152967419,
                0.6780645763581636,
                0.36900121918242235,
                0.48108744433003553
            ],
            "4.63 s to 5.58 s": [
                0.3294368583164729,
                0.3540627795849764,
                0.5700515032567863,
                -0.16368619968832882
            ]
        },
        "obj1": {
            "4.66 s to 5.61 s": [
                -0.08112768014754373,
                -0.33731065731378174,
                0.05781816417095939,
                -0.3139341961956173
            ]
        },
        "obj2": {
            "0.97 s to 2.79 s": [
                0.9646556230021965,
                0.818474772773463,
                1.1327856011152424,
                -0.8762111027629788
            ]
        }
    },
    "ego_interaction": {
        "0.94 s to 2.06 s": {
            "mode": "free",
            "start-end coordinates": [
                1.2333374730115574,
                1.6260304783939545,
                0.47042876552071833,
                1.1818112783855346
            ]
        },
        "0.94 s to 0.97 s": {
            "mode": "free",
            "start-end coordinates": [
                1.2333374730115574,
                1.6260304783939545,
                1.2021509491647475,
                1.6370448885153601
            ]
        },
        "0.97 s to 2.79 s": {
            "mode": "attached to obj2",
            "start-end coordinates": [
                1.2021509491647475,
                1.6370448885153601,
                1.0191522501933241,
                1.3741208585172888
            ]
        },
        "2.06 s to 2.43 s": {
            "mode": "attached to box1",
            "start-end coordinates": [
                0.47042876552071833,
                1.1818112783855346,
                0.9889456290490993,
                1.4021454153720363
            ]
        },
        "2.43 s to 2.43 s": {
            "mode": "free",
            "start-end coordinates": [
                0.9889456290490993,
                1.4021454153720363,
                0.9889456290490993,
                1.4021454153720363
            ]
        },
        "2.79 s to 2.43 s": {
            "mode": "free",
            "start-end coordinates": [
                1.0191522501933241,
                1.3741208585172888,
                0.9889456290490993,
                1.4021454153720363
            ]
        },
        "4.57 s to 4.63 s": {
            "mode": "free",
            "start-end coordinates": [
                0.9225112566453124,
                1.1981757690198152,
                0.8389904289142718,
                1.2213052224545553
            ]
        },
        "4.57 s to 4.66 s": {
            "mode": "free",
            "start-end coordinates": [
                0.9225112566453124,
                1.1981757690198152,
                0.7827850904316423,
                1.232276422936542
            ]
        },
        "4.63 s to 5.58 s": {
            "mode": "attached to box1",
            "start-end coordinates": [
                0.8389904289142718,
                1.2213052224545553,
                0.7746176358452973,
                1.0718533384514473
            ]
        },
        "4.66 s to 5.61 s": {
            "mode": "attached to obj1",
            "start-end coordinates": [
                0.7827850904316423,
                1.232276422936542,
                0.7743816405857795,
                1.0803679500494565
            ]
        },
        "5.47 s to 4.63 s": {
            "mode": "free",
            "start-end coordinates": [
                0.7662281442898135,
                1.1821632073144133,
                0.8389904289142718,
                1.2213052224545553
            ]
        },
        "5.47 s to 4.66 s": {
            "mode": "free",
            "start-end coordinates": [
                0.7662281442898135,
                1.1821632073144133,
                0.7827850904316423,
                1.232276422936542
            ]
        },
        "5.58 s to 4.76 s": {
            "mode": "free",
            "start-end coordinates": [
                0.7746176358452973,
                1.0718533384514473,
                0.7139912212270509,
                1.2545211029605257
            ]
        },
        "5.58 s to 5.53 s": {
            "mode": "free",
            "start-end coordinates": [
                0.7746176358452973,
                1.0718533384514473,
                0.7822250744506167,
                1.0767363968667714
            ]
        },
        "5.61 s to 4.76 s": {
            "mode": "free",
            "start-end coordinates": [
                0.7743816405857795,
                1.0803679500494565,
                0.7139912212270509,
                1.2545211029605257
            ]
        },
        "5.61 s to 5.53 s": {
            "mode": "free",
            "start-end coordinates": [
                0.7743816405857795,
                1.0803679500494565,
                0.7822250744506167,
                1.0767363968667714
            ]
        }
    }
}