{
    "moved_objects": [
        "ego",
        "box1",
        "obj2"
    ],
    "interactions": {
        "ego": {
            "0.6 s to 1.44 s": [
                1.389375317916704,
                1.5226474270133479,
                1.3653154281637878,
                1.3674119058175809
            ],
            "1.99 s to 3.52 s": [
                1.2974031743274212,
                1.4842225834408547,
                0.768780851990571,
                1.5192047362281735
            ],
            "4.43 s to 4.55 s": [
                0.7122111962046755,
                1.158970405342624,
                0.6403380738299299,
                1.117991845005681
            ],
            "5.79 s to 6.22 s": [
                0.4993481113947002,
                0.8930227908779057,
                0.6225918456352365,
                1.1788799736755733
            ],
            "6.91 s to 12.25 s": [
                0.6582647492545959,
                1.20784695989639,
                0.6038577599487881,
                0.9986721971834581
            ]
        },
        "box1": {
            "7.46 s to 12.3 s": [
                0.1656270031072832,
                0.2072318825722672,
                -0.308237218089061,
                0.3616651329371241
            ]
        },
        "obj2": {
            "2.02 s to 3.52 s": [
                0.9968650770573517,
                0.9074821579284085,
                0.9557771669406128,
                0.8356558772489029
            ],
            "5.94 s to 6.11 s": [
                0.9779703561105568,
                0.8283285446545463,
                1.0585648331589574,
                0.8129576986344338
            ],
            "7.13 s to 12.3 s": [
                1.0688321388420543,
                0.8874029957140909,
                0.6179635545711364,
                -0.24403172667449757
            ]
        }
    },
    "ego_interaction": {
        "1.99 s to 2.02 s": {
            "mode": "free",
            "start-end coordinates": [
                1.2974031743274212,
                1.4842225834408547,
                1.3716078404290664,
                1.3314997143691907
            ]
        },
        "2.02 s to 3.52 s": {
            "mode": "attached to obj2",
            "start-end coordinates": [
                1.3716078404290664,
                1.3314997143691907,
                0.768780851990571,
                1.5192047362281735
            ]
        },
        "3.52 s to 3.52 s": {
            "mode": "free",
            "start-end coordinates": [
                0.768780851990571,
                1.5192047362281735,
                0.768780851990571,
                1.5192047362281735
            ]
        },
        "5.79 s to 5.94 s": {
            "mode": "free",
            "start-end coordinates": [
                0.4993481113947002,
                0.8930227908779057,
                0.8813090876674597,
                1.390951216832949
            ]
        },
        "5.94 s to 6.11 s": {
            "mode": "attached to obj2",
            "start-end coordinates": [
                0.8813090876674597,
                1.390951216832949,
                0.8222831290708263,
                1.2670591000666116
            ]
        },
        "6.11 s to 6.22 s": {
            "mode": "free",
            "start-end coordinates": [
                0.8222831290708263,
                1.2670591000666116,
                0.6225918456352365,
                1.1788799736755733
            ]
        },
        "6.91 s to 7.46 s": {
            "mode": "free",
            "start-end coordinates": [
                0.6582647492545959,
                1.20784695989639,
                1.4862946705459597,
                1.3782086305234618
            ]
        },
        "6.91 s to 7.13 s": {
            "mode": "free",
            "start-end coordinates": [
                0.6582647492545959,
                1.20784695989639,
                0.9013267108581413,
                1.5398178798646616
            ]
        },
        "7.13 s to 12.3 s": {
            "mode": "attached to obj2",
            "start-end coordinates": [
                0.9013267108581413,
                1.5398178798646616,
                0.6725183665363103,
                1.0024069334145183
            ]
        },
        "7.46 s to 12.3 s": {
            "mode": "attached to box1",
            "start-end coordinates": [
                1.4862946705459597,
                1.3782086305234618,
                0.6725183665363103,
                1.0024069334145183
            ]
        },
        "12.3 s to 12.25 s": {
            "mode": "free",
            "start-end coordinates": [
                0.6725183665363103,
                1.0024069334145183,
                0.6038577599487881,
                0.9986721971834581
            ]
        }
    }
}