{
    "moved_objects": [
        "ego",
        "box1",
        "obj2"
    ],
    "interactions": {
        "ego": {
            "1.99 s to 3.52 s": [
                1.2974031743274212,
                1.4842225834408547,
                0.768780851990571,
                1.5192047362281735
            ]
        },
        "box1": {
            "7.46 s to 12.3 s": [
                0.1656270031072832,
                0.2072318825722672,
                -0.308237218089061,
                0.3616651329371241
            ]
        },
        "obj2": {
            "7.13 s to 12.3 s": [
                1.0688321388420543,
                0.8874029957140909,
                0.6179635545711364,
                -0.24403172667449757
            ]
        }
    },
    "ego_interaction": {}
}