{
    "moved_objects": [
        "ego",
        "box1",
        "obj1",
        "obj2"
    ],
    "interactions": {
        "ego": {
            "0.0 s to 1.52 s": [
                1.1498457028881386,
                1.321197030552219,
                0.6658500349273889,
                1.0790976238889798
            ],
            "2.12 s to 2.9 s": [
                0.4565913599916378,
                0.8295281335954182,
                1.2243640522120134,
                1.5140807429262648
            ],
            "3.44 s to 6.68 s": [
                1.153108878923867,
                1.220926125680031,
                0.9481672244615807,
                1.3034774990120368
            ]
        },
        "box1": {
            "0.0 s to 2.22 s": [
                0.4080924459619793,
                0.666233687889168,
                0.11930002097899561,
                0.04537448525400936
            ],
            "3.68 s to 6.7 s": [
                0.16060415880020604,
                0.08227412915842933,
                -1.4601956993781238,
                0.23606881250915193
            ]
        },
        "obj1": {
            "3.88 s to 6.68 s": [
                -0.11132181405035563,
                -0.36997031490271026,
                -0.2809931912944341,
                -0.3793444230924255
            ]
        },
        "obj2": {
            "0.0 s to 2.33 s": [
                0.9014990079106218,
                0.7649349126864373,
                1.1021150759904437,
                0.6505160229641321
            ],
            "3.48 s to 6.7 s": [
                0.9128707754887975,
                0.7682728606516527,
                0.4388269896192245,
                0.47920050908647394
            ]
        }
    },
    "ego_interaction": {
        "0.0 s to 0.0 s": {
            "mode": "free",
            "start-end coordinates": [
                1.1498457028881386,
                1.321197030552219,
                1.1498457028881386,
                1.321197030552219
            ]
        },
        "0.0 s to 2.22 s": {
            "mode": "attached to box1",
            "start-end coordinates": [
                1.1498457028881386,
                1.321197030552219,
                0.48317392147049676,
                0.831146377718537
            ]
        },
        "0.0 s to 2.33 s": {
            "mode": "attached to obj2",
            "start-end coordinates": [
                1.1498457028881386,
                1.321197030552219,
                0.7097324677782195,
                1.0477644998577829
            ]
        },
        "2.12 s to 0.0 s": {
            "mode": "free",
            "start-end coordinates": [
                0.4565913599916378,
                0.8295281335954182,
                1.1498457028881386,
                1.321197030552219
            ]
        },
        "2.22 s to 1.52 s": {
            "mode": "free",
            "start-end coordinates": [
                0.48317392147049676,
                0.831146377718537,
                0.6658500349273889,
                1.0790976238889798
            ]
        },
        "2.22 s to 2.9 s": {
            "mode": "free",
            "start-end coordinates": [
                0.48317392147049676,
                0.831146377718537,
                1.2243640522120134,
                1.5140807429262648
            ]
        },
        "2.33 s to 1.52 s": {
            "mode": "free",
            "start-end coordinates": [
                0.7097324677782195,
                1.0477644998577829,
                0.6658500349273889,
                1.0790976238889798
            ]
        },
        "2.33 s to 2.9 s": {
            "mode": "free",
            "start-end coordinates": [
                0.7097324677782195,
                1.0477644998577829,
                1.2243640522120134,
                1.5140807429262648
            ]
        },
        "3.44 s to 3.68 s": {
            "mode": "free",
            "start-end coordinates": [
                1.153108878923867,
                1.220926125680031,
                0.8122929710710555,
                1.4246534740031098
            ]
        },
        "3.44 s to 3.88 s": {
            "mode": "free",
            "start-end coordinates": [
                1.153108878923867,
                1.220926125680031,
                0.5365065424628269,
                1.2235705495000233
            ]
        },
        "3.44 s to 3.48 s": {
            "mode": "free",
            "start-end coordinates": [
                1.153108878923867,
                1.220926125680031,
                1.1303373850806648,
                1.325502672712674
            ]
        },
        "3.48 s to 6.7 s": {
            "mode": "attached to obj2",
            "start-end coordinates": [
                1.1303373850806648,
                1.325502672712674,
                0.915981369400302,
                1.2939334761087076
            ]
        },
        "3.68 s to 6.7 s": {
            "mode": "attached to box1",
            "start-end coordinates": [
                0.8122929710710555,
                1.4246534740031098,
                0.915981369400302,
                1.2939334761087076
            ]
        },
        "3.88 s to 6.68 s": {
            "mode": "attached to obj1",
            "start-end coordinates": [
                0.5365065424628269,
                1.2235705495000233,
                0.9481672244615807,
                1.3034774990120368
            ]
        },
        "6.68 s to 6.68 s": {
            "mode": "free",
            "start-end coordinates": [
                0.9481672244615807,
                1.3034774990120368,
                0.9481672244615807,
                1.3034774990120368
            ]
        },
        "6.7 s to 6.68 s": {
            "mode": "free",
            "start-end coordinates": [
                0.915981369400302,
                1.2939334761087076,
                0.9481672244615807,
                1.3034774990120368
            ]
        }
    }
}