{
    "moved_objects": [
        "ego",
        "box1",
        "obj2"
    ],
    "interactions": {
        "ego": {
            "0.58 s to 4.27 s": [
                1.4027614507683417,
                1.6410705404006283,
                0.7271333567225838,
                1.155807668324892
            ],
            "7.55 s to 10.12 s": [
                0.7229719558991203,
                1.4978487236528832,
                1.278725357455881,
                1.5454525993501118
            ]
        },
        "box1": {
            "17.9 s to 19.2 s": [
                0.32400793817394224,
                0.44529832354220644,
                0.9980400219882821,
                0.8434337918783203
            ],
            "23.89 s to 24.84 s": [
                0.9698275848942614,
                0.5618976044661731,
                1.0610764990490968,
                -0.5430644370435497
            ]
        },
        "obj2": {
            "13.64 s to 14.77 s": [
                0.44634555569308854,
                0.3951160244422858,
                0.6817626181712675,
                -0.35728687070939397
            ]
        }
    },
    "ego_interaction": {}
}