{
    "moved_objects": [
        "box1",
        "obj2"
    ],
    "interactions": {
        "box1": {
            "4.63 s to 5.58 s": [
                0.3294368583164729,
                0.3540627795849764,
                0.5700515032567863,
                -0.16368619968832882
            ]
        },
        "obj2": {
            "0.97 s to 2.79 s": [
                0.9646556230021965,
                0.818474772773463,
                1.1327856011152424,
                -0.8762111027629788
            ]
        }
    },
    "ego_interaction": {}
}