{
    "moved_objects": [
        "ego",
        "box1",
        "obj1",
        "obj2"
    ],
    "interactions": {
        "ego": {
            "0.58 s to 4.27 s": [
                1.4027614507683417,
                1.6410705404006283,
                0.7271333567225838,
                1.155807668324892
            ],
            "5.43 s to 6.38 s": [
                0.7702442815927955,
                1.3010632843901124,
                0.5971514971374545,
                1.5303238205715197
            ],
            "7.55 s to 10.12 s": [
                0.7229719558991203,
                1.4978487236528832,
                1.278725357455881,
                1.5454525993501118
            ],
            "13.62 s to 13.75 s": [
                0.9425593818388301,
                1.3196655728535682,
                0.8952101379330801,
                1.122581841431427
            ],
            "15.77 s to 15.89 s": [
                0.770388131627772,
                0.8434179916241457,
                0.9363388327126598,
                0.8894747950136861
            ],
            "17.92 s to 19.38 s": [
                0.8847532511697821,
                0.9513611185294031,
                1.202361490071976,
                1.0460636642117813
            ],
            "20.14 s to 20.46 s": [
                1.0264035896122217,
                0.9693035445350027,
                1.2064360476693816,
                1.0673223037317576
            ],
            "21.26 s to 21.89 s": [
                1.4597042957072113,
                1.4024199297200712,
                1.509512340414429,
                1.233371437250229
            ],
            "22.97 s to 23.08 s": [
                1.523456694046098,
                1.2496465074647467,
                1.2417406082144162,
                1.1866050788939204
            ]
        },
        "box1": {
            "2.18 s to 4.75 s": [
                0.5038236217571471,
                0.6951413079819253,
                0.33734781039439404,
                0.8520313818478462
            ],
            "13.75 s to 13.9 s": [
                0.16620357979849004,
                0.5324070122313943,
                0.257995705774376,
                0.594019261062313
            ],
            "17.9 s to 19.2 s": [
                0.32400793817394224,
                0.44529832354220644,
                0.9980400219882821,
                0.8434337918783203
            ],
            "23.89 s to 24.84 s": [
                0.9698275848942614,
                0.5618976044661731,
                1.0610764990490968,
                -0.5430644370435497
            ]
        },
        "obj1": {
            "13.67 s to 16.86 s": [
                -0.09034569698337944,
                -0.38334835724732885,
                0.1089688877099819,
                -0.31900983181739445
            ]
        },
        "obj2": {
            "1.18 s to 4.26 s": [
                1.010716167801992,
                0.82426670256942,
                0.8000626636752901,
                0.8428220109457651
            ],
            "7.51 s to 7.65 s": [
                0.7428144375457271,
                0.7097478315215875,
                0.7185221991449853,
                0.8516621083355418
            ],
            "8.59 s to 9.65 s": [
                0.6817579416687447,
                0.9335153066447867,
                0.7514749583809817,
                0.7565155351499234
            ],
            "13.64 s to 14.77 s": [
                0.44634555569308854,
                0.3951160244422858,
                0.6817626181712675,
                -0.35728687070939397
            ]
        }
    },
    "ego_interaction": {
        "0.58 s to 2.18 s": {
            "mode": "free",
            "start-end coordinates": [
                1.4081054610490877,
                1.6315091576206338,
                0.6984662834413623,
                1.0912288257199045
            ]
        },
        "0.58 s to 1.18 s": {
            "mode": "free",
            "start-end coordinates": [
                1.4081054610490877,
                1.6315091576206338,
                1.1131850124720253,
                1.6892975983712093
            ]
        },
        "1.18 s to 4.26 s": {
            "mode": "attached to obj2",
            "start-end coordinates": [
                1.1131850124720253,
                1.6892975983712093,
                0.7347126511943742,
                1.1467489798865347
            ]
        },
        "2.18 s to 4.75 s": {
            "mode": "attached to box1",
            "start-end coordinates": [
                0.6984662834413623,
                1.0912288257199045,
                0.6589630668797489,
                1.0077589058782936
            ]
        },
        "4.26 s to 4.27 s": {
            "mode": "free",
            "start-end coordinates": [
                0.7347126511943742,
                1.1467489798865347,
                0.7347126511943742,
                1.1467489798865347
            ]
        },
        "4.75 s to 4.27 s": {
            "mode": "free",
            "start-end coordinates": [
                0.6589630668797489,
                1.0077589058782936,
                0.7347126511943742,
                1.1467489798865347
            ]
        },
        "7.51 s to 7.65 s": {
            "mode": "attached to obj2",
            "start-end coordinates": [
                0.7209921497626446,
                1.4644050251676557,
                0.6866049048127529,
                1.6115619271125214
            ]
        },
        "7.55 s to 7.51 s": {
            "mode": "free",
            "start-end coordinates": [
                0.7229719558991203,
                1.4978487236528832,
                0.7209921497626446,
                1.4644050251676557
            ]
        },
        "7.55 s to 8.59 s": {
            "mode": "free",
            "start-end coordinates": [
                0.7229719558991203,
                1.4978487236528832,
                1.3392152807190276,
                1.113250348466144
            ]
        },
        "7.65 s to 10.12 s": {
            "mode": "free",
            "start-end coordinates": [
                0.6866049048127529,
                1.6115619271125214,
                1.2895646041975324,
                1.5404977935419593
            ]
        },
        "8.59 s to 9.65 s": {
            "mode": "attached to obj2",
            "start-end coordinates": [
                1.3392152807190276,
                1.113250348466144,
                1.369339485138695,
                1.1550382940088633
            ]
        },
        "9.65 s to 10.12 s": {
            "mode": "free",
            "start-end coordinates": [
                1.369339485138695,
                1.1550382940088633,
                1.2895646041975324,
                1.5404977935419593
            ]
        },
        "13.62 s to 13.67 s": {
            "mode": "free",
            "start-end coordinates": [
                0.9425593818388301,
                1.3196655728535682,
                0.9230763280458772,
                1.2447732459864316
            ]
        },
        "13.62 s to 13.64 s": {
            "mode": "free",
            "start-end coordinates": [
                0.9425593818388301,
                1.3196655728535682,
                0.936268189970845,
                1.2944107940829412
            ]
        },
        "13.64 s to 14.77 s": {
            "mode": "attached to obj2",
            "start-end coordinates": [
                0.936268189970845,
                1.2944107940829412,
                0.9622917503904371,
                0.8688250423608688
            ]
        },
        "13.67 s to 16.86 s": {
            "mode": "attached to obj1",