{
    "moved_objects": [
        "ego",
        "box1",
        "obj2"
    ],
    "interactions": {
        "ego": {
            "0.0 s to 1.52 s": [
                1.1498457028881386,
                1.321197030552219,
                0.6658500349273889,
                1.0790976238889798
            ],
            "2.12 s to 2.9 s": [
                0.4565913599916378,
                0.8295281335954182,
                1.2243640522120134,
                1.5140807429262648
            ]
        },
        "box1": {
            "0.0 s to 2.22 s": [
                0.4080924459619793,
                0.666233687889168,
                0.11930002097899561,
                0.04537448525400936
            ],
            "3.68 s to 6.7 s": [
                0.16060415880020604,
                0.08227412915842933,
                -1.4601956993781238,
                0.23606881250915193
            ]
        },
        "obj2": {
            "3.48 s to 6.7 s": [
                0.9128707754887975,
                0.7682728606516527,
                0.4388269896192245,
                0.47920050908647394
            ]
        }
    },
    "ego_interaction": {
        "0.0 s to 0.0 s": {
            "mode": "free",
            "start-end coordinates": [
                1.1498457028881386,
                1.321197030552219,
                1.1498457028881386,
                1.321197030552219
            ]
        },
        "0.0 s to 2.22 s": {
            "mode": "attached to box1",
            "start-end coordinates": [
                1.1498457028881386,
                1.321197030552219,
                0.48317392147049676,
                0.831146377718537
            ]
        },
        "2.12 s to 0.0 s": {
            "mode": "free",
            "start-end coordinates": [
                0.4565913599916378,
                0.8295281335954182,
                1.1498457028881386,
                1.321197030552219
            ]
        },
        "2.22 s to 1.52 s": {
            "mode": "free",
            "start-end coordinates": [
                0.48317392147049676,
                0.831146377718537,
                0.6658500349273889,
                1.0790976238889798
            ]
        },
        "2.22 s to 2.9 s": {
            "mode": "free",
            "start-end coordinates": [
                0.48317392147049676,
                0.831146377718537,
                1.2243640522120134,
                1.5140807429262648
            ]
        }
    }
}