{
    "moved_objects": [
        "ego",
        "box1",
        "obj1",
        "obj2",
        "obj3"
    ],
    "interactions": {
        "ego": {
            "5.55 s to 6.71 s": [
                1.2524934450899532,
                1.326947206235433,
                1.4115046433086524,
                0.33001096693050913
            ],
            "7.33 s to 7.42 s": [
                1.431608625793105,
                0.49503978377130253,
                1.4094384811974128,
                0.6125659807870528
            ],
            "9.88 s to 15.33 s": [
                1.2811598983515844,
                0.5439945802963674,
                1.321418736202336,
                -1.2854387832598955
            ],
            "18.31 s to 18.47 s": [
                1.3238785569889997,
                -0.4219695579676194,
                1.4362509415707863,
                -0.16945543977874983
            ],
            "23.21 s to 24.03 s": [
                1.217435586918301,
                -1.076150516563175,
                0.84550447640926,
                -1.140094008082173
            ],
            "31.01 s to 31.12 s": [
                0.48008342999838605,
                -0.865788184816034,
                0.34163263768757773,
                -0.8149059593239569
            ]
        },
        "box1": {
            "14.36 s to 15.31 s": [
                -1.01089450400177,
                0.007539060476104582,
                -1.090085595325864,
                0.040246130705018555
            ],
            "23.22 s to 24.03 s": [
                -1.057402054484324,
                0.02868850799093848,
                -1.1690057385812676,
                0.13305640302919197
            ],
            "33.03 s to 34.11 s": [
                -1.2601732326168165,
                0.5888775584016082,
                -1.2958544659715638,
                0.939765643223593
            ]
        },
        "obj1": {
            "13.29 s to 15.45 s": [
                -0.937517274442312,
                -1.12638588771845,
                1.2201282069766655,
                -0.969308039240921
            ],
            "18.17 s to 18.45 s": [
                1.3501516396394229,
                -0.6422657202864239,
                1.2455508530715194,
                -0.5157221001118711
            ],
            "21.11 s to 21.75 s": [
                1.148428502739376,
                -0.8214555004929815,
                1.091007118743811,
                -0.9625674549074964
            ],
            "23.21 s to 24.19 s": [
                1.0866191783146282,
                -0.7664930067801534,
                0.7942069924859563,
                -0.5127701501639356
            ],
            "30.71 s to 31.12 s": [
                0.5365369927020751,
                -0.37079859299636453,
                0.18474046693753687,
                -0.24491541963285055
            ],
            "33.26 s to 33.47 s": [
                0.1725040269533124,
                -0.03576641581009708,
                0.23150047160370824,
                0.09006212780903118
            ]
        },
        "obj2": {
            "5.55 s to 6.71 s": [
                1.5816254272972503,
                1.0347881419596718,
                1.6675857903054387,
                0.18015194712879573
            ],
            "10.8 s to 11.84 s": [
                1.6765627511027215,
                -0.06084244354937162,
                1.5299053036151609,
                -0.3979298299417968
            ],
            "12.99 s to 15.24 s": [
                1.5905769492946815,
                -0.3784769143202502,
                1.3888205114903072,
                0.10054060117637342
            ],
            "18.31 s to 18.45 s": [
                1.3661775114034977,
                0.18547892992300757,
                1.2342869375969796,
                0.02992469697825592
            ],
            "21.47 s to 21.72 s": [
                0.7144108458785863,
                -0.2907720081326927,
                0.6579822889031732,
                -0.40795826204261115
            ],
            "23.21 s to 24.04 s": [
                0.7584181657134403,
                -0.259464170800363,
                -0.1545575496486617,
                -0.5468722247321633
            ],
            "31.02 s to 31.12 s": [
                -0.4350888853031845,
                -0.2690371448838574,
                -0.5096739489064213,
                -0.18789734319511603
            ]
        },
        "obj3": {
            "5.97 s to 6.72 s": [
                0.9462722064729143,
                1.2223768504915924,
                1.4424309135738997,
                0.5894482637425347
            ],
            "10.82 s to 11.86 s": [
                1.3493778383163602,
                0.33301345527401743,
                1.2287153622029627,
                0.3023279516571273
            ],
            "12.97 s to 15.29 s": [
                1.1222144402456318,
                0.21490820896510676,
                1.011419580249316,
                0.23856118915081384
            ],
            "18.31 s to 18.45 s": [
                0.9693586706838504,
                0.409014424740319,
                0.8201072261962894,
                0.3388386336500275
            ],
            "19.74 s to 20.11 s": [
                0.8486713673735315,
                0.2691505472046456,
                0.9134181359414719,
                0.3791562466469484
            ],
            "23.21 s to 24.04 s": [
                0.359922285803967,
                0.15497862169637236,
                -0.5011526013815154,
                -0.46422291096907164
            ],
            "31.02 s to 31.12 s": [
                -0.6548618928894916,
                -0.15156171919062286,
                -0.7975782209969522,
                -0.059801961996858714
            ]
        }
    },
    "ego_interaction": {
        "5.55 s to 5.55 s": {
            "mode": "free",
            "start-end coordinates": [
                1.2524934450899532,
                1.326947206235433,
                1.2524934450899532,
                1.326947206235433
            ]
        },
        "5.55 s to 6.71 s": {
            "mode": "attached to obj2",
            "start-end coordinates": [
                1.2524934450899532,
                1.326947206235433,
                1.4115046433086524,
                0.33001096693050913
            ]
        },
        "5.55 s to 5.97 s": {
            "mode": "free",
            "start-end coordinates": [
                1.2524934450899532,
                1.326947206235433,
                1.3500679763033836,
                1.0708119395807232
            ]
        },
        "5.97 s to 6.72 s": {
            "mode": "attached to obj3",
            "start-end coordinates": [
                1.3500679763033836,
                1.0708119395807232,
                1.4150855432255853,
                0.3359567799633979
            ]
        },
        "6.71 s to 6.71 s": {
            "mode": "free",
            "start-end coordinates": [
                1.4115046433086524,
                0.33001096693050913,
                1.4115046433086524,
                0.33001096693050913
            ]
        },
        "6.72 s to 6.71 s": {
            "mode": "free",
            "start-end coordinates": [
                1.4150855432255853,
                0.3359567799633979,
                1.4115046433086524,
                0.33001096693050913
            ]
        },
        "9.88 s to 14.36 s": {
            "mode": "free",
            "start-end coordinates": [
                1.2811598983515844,
                0.5439945802963674,
                -0.49199406937628404,
                -1.3997465193901704
            ]
        },
        "9.88 s to 13.29 s": {
            "mode": "free",