{
    "moved_objects": [
        "ego",
        "box1",
        "obj1",
        "obj2"
    ],
    "interactions": {
        "ego": {
            "0.66 s to 2.28 s": [
                1.256994365788669,
                1.4778856730963323,
                -0.3039978140488142,
                -1.3135143315828277
            ]
        },
        "box1": {
            "3.26 s to 4.34 s": [
                -1.0222786305802731,
                0.056174243460358084,
                -1.0554944804074984,
                0.642009892744497
            ]
        },
        "obj1": {
            "3.26 s to 4.28 s": [
                -0.9838004720018005,
                -0.9538138021953203,
                -0.9206666707066694,
                0.4367346318174973
            ]
        },
        "obj2": {
            "0.82 s to 2.28 s": [
                1.7278330859324946,
                0.8137564523607553,
                1.7395427969341413,
                -0.5934005100493852
            ]
        }
    },
    "ego_interaction": {
        "0.66 s to 0.82 s": {
            "mode": "free",
            "start-end coordinates": [
                1.256994365788669,
                1.4778856730963323,
                1.4364244686255565,
                1.089061084454991
            ]
        },
        "0.82 s to 2.28 s": {
            "mode": "attached to obj2",
            "start-end coordinates": [
                1.4364244686255565,
                1.089061084454991,
                -0.31982353359588855,
                -1.325852385594418
            ]
        },
        "2.28 s to 2.28 s": {
            "mode": "free",
            "start-end coordinates": [
                -0.31982353359588855,
                -1.325852385594418,
                -0.31982353359588855,
                -1.325852385594418
            ]
        }
    }
}