{
    "moved_objects": [
        "ego",
        "obj1",
        "obj2",
        "obj3"
    ],
    "interactions": {
        "ego": {
            "3.6 s to 6.58 s": [
                1.2209626967903346,
                1.3606630647028486,
                1.392262119536372,
                0.7996435721909299
            ],
            "10.03 s to 12.48 s": [
                1.3114588212314084,
                -0.477293219689475,
                -0.17461433848740543,
                -1.4174926578958094
            ]
        },
        "obj1": {
            "10.02 s to 12.58 s": [
                -1.0356556476123564,
                -0.9975338258607066,
                -1.2359171402168023,
                -0.4576281909116468
            ]
        },
        "obj2": {
            "4.29 s to 4.84 s": [
                1.7244009410550964,
                0.9335682750689238,
                1.4726921368568013,
                0.3235329190949209
            ],
            "10.02 s to 12.47 s": [
                1.2214071716210702,
                -0.7098642884840298,
                -0.7189825913045285,
                -0.6892138595719401
            ]
        },
        "obj3": {
            "4.39 s to 6.54 s": [
                0.9642135275959054,
                1.0079397528933276,
                1.2267411232043863,
                0.5579306594009459
            ],
            "10.02 s to 12.47 s": [
                1.0055854859160234,
                -0.4383564601715326,
                -0.3579067645435655,
                -0.9135256548317557
            ]
        }
    },
    "ego_interaction": {
        "3.6 s to 4.29 s": {
            "mode": "free",
            "start-end coordinates": [
                1.2209626967903346,
                1.3606630647028486,
                1.3746104689276972,
                1.4202981203461447
            ]
        },
        "3.6 s to 4.39 s": {
            "mode": "free",
            "start-end coordinates": [
                1.2209626967903346,
                1.3606630647028486,
                1.3907168213933245,
                1.1377300827740013
            ]
        },
        "4.29 s to 4.84 s": {
            "mode": "attached to obj2",
            "start-end coordinates": [
                1.3746104689276972,
                1.4202981203461447,
                1.3894345823533607,
                0.8609198822129038
            ]
        },
        "4.39 s to 6.54 s": {
            "mode": "attached to obj3",
            "start-end coordinates": [
                1.3907168213933245,
                1.1377300827740013,
                1.3952629718893608,
                0.7297097551186832
            ]
        },
        "4.84 s to 6.58 s": {
            "mode": "free",
            "start-end coordinates": [
                1.3894345823533607,
                0.8609198822129038,
                1.392262119536372,
                0.7996435721909299
            ]
        },
        "6.54 s to 6.58 s": {
            "mode": "free",
            "start-end coordinates": [
                1.3952629718893608,
                0.7297097551186832,
                1.392262119536372,
                0.7996435721909299
            ]
        },
        "10.02 s to 12.58 s": {
            "mode": "attached to obj1",
            "start-end coordinates": [
                1.3090458645414682,
                -0.47866322887775886,
                -0.23940706355569127,
                -1.409476485010086
            ]
        },
        "10.02 s to 12.47 s": {
            "mode": "attached to obj3",
            "start-end coordinates": [
                1.3090458645414682,
                -0.47866322887775886,
                -0.16373150716103813,
                -1.4233535160885364
            ]
        },
        "10.03 s to 10.02 s": {
            "mode": "free",
            "start-end coordinates": [
                1.3090458645414682,
                -0.47866322887775886,
                1.3090458645414682,
                -0.47866322887775886
            ]
        },
        "12.47 s to 12.48 s": {
            "mode": "free",
            "start-end coordinates": [
                -0.16373150716103813,
                -1.4233535160885364,
                -0.17461433848740543,
                -1.4174926578958094
            ]
        },
        "12.58 s to 12.48 s": {
            "mode": "free",
            "start-end coordinates": [
                -0.23940706355569127,
                -1.409476485010086,
                -0.17461433848740543,
                -1.4174926578958094
            ]
        }
    }
}