{
    "moved_objects": [
        "ego",
        "box1",
        "obj2"
    ],
    "interactions": {
        "ego": {
            "3.81 s to 4.72 s": [
                1.4533055850863204,
                1.3661744641285913,
                1.2960770525891339,
                -0.4846869230504611
            ],
            "5.25 s to 8.47 s": [
                1.3313525886225028,
                -0.35628929452107094,
                -0.5916840213102825,
                -1.5649860618418578
            ],
            "10.78 s to 12.6 s": [
                -1.0151525503038894,
                -1.549209917685444,
                -0.3927113062165752,
                -1.3765419624840503
            ]
        },
        "box1": {
            "10.53 s to 12.61 s": [
                -1.0772852987020687,
                0.19027274841625713,
                -1.0920030172060402,
                0.8902793740691257
            ]
        },
        "obj2": {
            "3.94 s to 5.3 s": [
                1.7160628234113304,
                0.7360793824657142,
                1.4582676044046048,
                -0.7665915593710263
            ],
            "7.26 s to 8.42 s": [
                0.9825754835520121,
                -1.2118958527811943,
                -0.6575307637741653,
                -0.9564137736596809
            ]
        }
    },
    "ego_interaction": {
        "3.81 s to 3.94 s": {
            "mode": "free",
            "start-end coordinates": [
                1.4533055850863204,
                1.3661744641285913,
                1.4782957710002251,
                1.1704422056545905
            ]
        },
        "3.94 s to 5.3 s": {
            "mode": "attached to obj2",
            "start-end coordinates": [
                1.4782957710002251,
                1.1704422056545905,
                1.292968733395836,
                -0.2481771941336786
            ]
        },
        "5.25 s to 3.94 s": {
            "mode": "free",
            "start-end coordinates": [
                1.3313525886225028,
                -0.35628929452107094,
                1.4782957710002251,
                1.1704422056545905
            ]
        },
        "5.25 s to 7.26 s": {
            "mode": "free",
            "start-end coordinates": [
                1.3313525886225028,
                -0.35628929452107094,
                1.2458286378918089,
                -1.5673794127748293
            ]
        },
        "5.3 s to 4.72 s": {
            "mode": "free",
            "start-end coordinates": [
                1.292968733395836,
                -0.2481771941336786,
                1.2960770525891339,
                -0.4846869230504611
            ]
        },
        "5.3 s to 8.47 s": {
            "mode": "free",
            "start-end coordinates": [
                1.292968733395836,
                -0.2481771941336786,
                -0.5916840213102825,
                -1.5649860618418578
            ]
        },
        "7.26 s to 8.42 s": {
            "mode": "attached to obj2",
            "start-end coordinates": [
                1.2458286378918089,
                -1.5673794127748293,
                -0.719804704694214,
                -1.5633607929999536
            ]
        },
        "8.42 s to 8.47 s": {
            "mode": "free",
            "start-end coordinates": [
                -0.719804704694214,
                -1.5633607929999536,
                -0.5916840213102825,
                -1.5649860618418578
            ]
        },
        "10.53 s to 12.61 s": {
            "mode": "attached to box1",
            "start-end coordinates": [
                -0.9738244082340355,
                -1.5484765208077444,
                -0.390140640808908,
                -1.367290912716944
            ]
        },
        "10.78 s to 10.53 s": {
            "mode": "free",
            "start-end coordinates": [
                -1.0151525503038894,
                -1.549209917685444,
                -0.9738244082340355,
                -1.5484765208077444
            ]
        },
        "12.61 s to 12.6 s": {
            "mode": "free",
            "start-end coordinates": [
                -0.390140640808908,
                -1.367290912716944,
                -0.3927113062165752,
                -1.3765419624840503
            ]
        }
    }
}