{
    "moved_objects": [
        "ego",
        "box1",
        "obj1",
        "obj2"
    ],
    "interactions": {
        "ego": {
            "3.81 s to 4.72 s": [
                1.4533055850863204,
                1.3661744641285913,
                1.2960770525891339,
                -0.4846869230504611
            ],
            "5.25 s to 8.47 s": [
                1.3313525886225028,
                -0.35628929452107094,
                -0.5916840213102825,
                -1.5649860618418578
            ],
            "10.78 s to 12.6 s": [
                -1.0151525503038894,
                -1.549209917685444,
                -0.3927113062165752,
                -1.3765419624840503
            ]
        },
        "box1": {
            "10.53 s to 12.61 s": [
                -1.0772852987020687,
                0.19027274841625713,
                -1.0920030172060402,
                0.8902793740691257
            ]
        },
        "obj1": {
            "7.46 s to 8.47 s": [
                -0.9953886642165484,
                -1.093162961790645,
                -1.0601584036325267,
                -0.8514371844636133
            ],
            "10.8 s to 12.61 s": [
                -1.276046794573768,
                -0.7432194143750201,
                -1.3383174195574785,
                -0.580801731645332
            ]
        },
        "obj2": {
            "3.94 s to 5.3 s": [
                1.7160628234113304,
                0.7360793824657142,
                1.4582676044046048,
                -0.7665915593710263
            ],
            "5.97 s to 6.75 s": [
                1.3526015650731582,
                -0.946806675958831,
                1.1568145622603678,
                -1.1523268061845298
            ],
            "7.26 s to 8.42 s": [
                0.9825754835520121,
                -1.2118958527811943,
                -0.6575307637741653,
                -0.9564137736596809
            ],
            "10.81 s to 11.7 s": [
                -0.8108961840277472,
                -0.8134478696698492,
                -0.7224086271174623,
                -0.4974180905043835
            ],
            "12.22 s to 12.61 s": [
                -0.7931423604595064,
                -0.6387107420822342,
                -0.6479875311156146,
                -0.43290699761558404
            ]
        }
    },
    "ego_interaction": {
        "3.81 s to 3.94 s": {
            "mode": "free",
            "start-end coordinates": [
                1.4533055850863204,
                1.3661744641285913,
                1.4782957710002251,
                1.1704422056545905
            ]
        },
        "3.94 s to 5.3 s": {
            "mode": "attached to obj2",
            "start-end coordinates": [
                1.4782957710002251,
                1.1704422056545905,
                1.292968733395836,
                -0.2481771941336786
            ]
        },
        "5.25 s to 7.46 s": {
            "mode": "free",
            "start-end coordinates": [
                1.3313525886225028,
                -0.35628929452107094,
                0.5035078351230983,
                -1.5091573765609496
            ]
        },
        "5.25 s to 3.94 s": {
            "mode": "free",
            "start-end coordinates": [
                1.3313525886225028,
                -0.35628929452107094,
                1.4782957710002251,
                1.1704422056545905
            ]
        },
        "5.25 s to 5.97 s": {
            "mode": "free",
            "start-end coordinates": [
                1.3313525886225028,
                -0.35628929452107094,
                1.5043628171985715,
                -0.31259300824097097
            ]
        },
        "5.25 s to 7.26 s": {
            "mode": "free",
            "start-end coordinates": [
                1.3313525886225028,
                -0.35628929452107094,
                1.2458286378918089,
                -1.5673794127748293
            ]
        },
        "5.3 s to 4.72 s": {
            "mode": "free",
            "start-end coordinates": [
                1.292968733395836,
                -0.2481771941336786,
                1.2960770525891339,
                -0.4846869230504611
            ]
        },
        "5.3 s to 8.47 s": {
            "mode": "free",
            "start-end coordinates": [
                1.292968733395836,
                -0.2481771941336786,
                -0.5916840213102825,
                -1.5649860618418578
            ]
        },
        "5.97 s to 6.75 s": {
            "mode": "attached to obj2",
            "start-end coordinates": [
                1.5043628171985715,
                -0.31259300824097097,
                1.5168596253315139,
                -0.9452734918059673
            ]
        },
        "6.75 s to 8.47 s": {
            "mode": "free",
            "start-end coordinates": [
                1.5168596253315139,
                -0.9452734918059673,
                -0.5916840213102825,
                -1.5649860618418578
            ]
        },
        "7.26 s to 8.42 s": {
            "mode": "attached to obj2",
            "start-end coordinates": [
                1.2458286378918089,
                -1.5673794127748293,
                -0.719804704694214,
                -1.5633607929999536
            ]
        },
        "7.46 s to 8.47 s": {
            "mode": "attached to obj1",
            "start-end coordinates": [
                0.5035078351230983,
                -1.5091573765609496,
                -0.5916840213102825,
                -1.5649860618418578
            ]
        },
        "8.42 s to 8.47 s": {
            "mode": "free",
            "start-end coordinates": [
                -0.719804704694214,
                -1.5633607929999536,
                -0.5916840213102825,
                -1.5649860618418578
            ]
        },
        "8.47 s to 8.47 s": {
            "mode": "free",
            "start-end coordinates": [
                -0.5916840213102825,
                -1.5649860618418578,
                -0.5916840213102825,
                -1.5649860618418578
            ]
        },
        "10.53 s to 12.61 s": {
            "mode": "attached to box1",
            "start-end coordinates": [
                -0.9738244082340355,
                -1.5484765208077444,
                -0.390140640808908,
                -1.367290912716944
            ]
        },
        "10.78 s to 10.53 s": {
            "mode": "free",
            "start-end coordinates": [
                -1.0151525503038894,
                -1.549209917685444,
                -0.9738244082340355,
                -1.5484765208077444
            ]
        },
        "10.78 s to 10.8 s": {
            "mode": "free",
            "start-end coordinates": [
                -1.0151525503038894,
                -1.549209917685444,
                -1.08348998030143,
                -1.5340474038107317
            ]
        },
        "10.78 s to 10.81 s": {
            "mode": "free",
            "start-end coordinates": [
                -1.0151525503038894,
                -1.549209917685444,
                -1.1276884839337968,
                -1.5202725446870635
            ]
        },
        "10.78 s to 12.22 s": {
            "mode": "free",
            "start-end coordinates": [
                -1.0151525503038894,
                -1.549209917685444,
                -0.6357856269813492,
                -1.405771128155642
            ]
        },
        "10.8 s to 12.61 s": {
            "mode": "attached to obj1",
            "start-end coordinates": [
                -1.08348998030143,
                -1.5340474038107317,
                -0.390140640808908,
                -1.367290912716944
            ]
        },
        "10.81 s to 11.7 s": {
            "mode": "attached to obj2",