{
    "moved_objects": [
        "ego",
        "box1",
        "obj1",
        "obj2",
        "obj3"
    ],
    "interactions": {
        "ego": {
            "0.66 s to 2.28 s": [
                1.256994365788669,
                1.4778856730963323,
                -0.3039978140488142,
                -1.3135143315828277
            ],
            "3.22 s to 3.95 s": [
                -0.5763295017080516,
                -1.289371605583561,
                -0.5549299702435164,
                -1.128901406699664
            ]
        },
        "box1": {
            "3.26 s to 4.34 s": [
                -1.0222786305802731,
                0.056174243460358084,
                -1.0554944804074984,
                0.642009892744497
            ]
        },
        "obj1": {
            "3.26 s to 4.28 s": [
                -0.9838004720018005,
                -0.9538138021953203,
                -0.9206666707066694,
                0.4367346318174973
            ]
        },
        "obj2": {
            "0.82 s to 2.28 s": [
                1.7278330859324946,
                0.8137564523607553,
                1.7395427969341413,
                -0.5934005100493852
            ]
        },
        "obj3": {
            "0.84 s to 1.15 s": [
                0.9635776873237376,
                0.9376266423047218,
                0.9168033419623416,
                0.8610570424916584
            ],
            "1.84 s to 2.24 s": [
                0.9481363727848935,
                0.8170026338689395,
                0.849873906634829,
                0.7035779852989679
            ]
        }
    },
    "ego_interaction": {
        "0.66 s to 0.82 s": {
            "mode": "free",
            "start-end coordinates": [
                1.256994365788669,
                1.4778856730963323,
                1.4364244686255565,
                1.089061084454991
            ]
        },
        "0.66 s to 0.84 s": {
            "mode": "free",
            "start-end coordinates": [
                1.256994365788669,
                1.4778856730963323,
                1.427644675215283,
                0.9119553821445102
            ]
        },
        "0.66 s to 1.84 s": {
            "mode": "free",
            "start-end coordinates": [
                1.256994365788669,
                1.4778856730963323,
                1.088724629882874,
                -1.2245808457545224
            ]
        },
        "0.82 s to 2.28 s": {
            "mode": "attached to obj2",
            "start-end coordinates": [
                1.4364244686255565,
                1.089061084454991,
                -0.31982353359588855,
                -1.325852385594418
            ]
        },
        "0.84 s to 1.15 s": {
            "mode": "attached to obj3",
            "start-end coordinates": [
                1.427644675215283,
                0.9119553821445102,
                1.252022381246751,
                -0.006004109986295586
            ]
        },
        "1.15 s to 2.28 s": {
            "mode": "free",
            "start-end coordinates": [
                1.252022381246751,
                -0.006004109986295586,
                -0.31982353359588855,
                -1.325852385594418
            ]
        },
        "1.84 s to 2.24 s": {
            "mode": "attached to obj3",
            "start-end coordinates": [
                1.088724629882874,
                -1.2245808457545224,
                -0.31567134726737056,
                -1.3675048484002583
            ]
        },
        "2.24 s to 2.28 s": {
            "mode": "free",
            "start-end coordinates": [
                -0.31567134726737056,
                -1.3675048484002583,
                -0.31982353359588855,
                -1.325852385594418
            ]
        },
        "2.28 s to 2.28 s": {
            "mode": "free",
            "start-end coordinates": [
                -0.31982353359588855,
                -1.325852385594418,
                -0.31982353359588855,
                -1.325852385594418
            ]
        },
        "3.22 s to 3.26 s": {
            "mode": "free",
            "start-end coordinates": [
                -0.5763295017080516,
                -1.289371605583561,
                -0.6409053893229217,
                -1.3464034461259613
            ]
        },
        "3.26 s to 4.34 s": {
            "mode": "attached to box1",
            "start-end coordinates": [
                -0.6409053893229217,
                -1.3464034461259613,
                -0.5805286169457539,
                -1.1479602485719127
            ]
        },
        "3.26 s to 4.28 s": {
            "mode": "attached to obj1",
            "start-end coordinates": [
                -0.6409053893229217,
                -1.3464034461259613,
                -0.5704316285486906,
                -1.1420302407804028
            ]
        },
        "4.28 s to 3.95 s": {
            "mode": "free",
            "start-end coordinates": [
                -0.5704316285486906,
                -1.1420302407804028,
                -0.5549299702435164,
                -1.128901406699664
            ]
        },
        "4.34 s to 3.95 s": {
            "mode": "free",
            "start-end coordinates": [
                -0.5805286169457539,
                -1.1479602485719127,
                -0.5549299702435164,
                -1.128901406699664
            ]
        }
    }
}