{
    "moved_objects": [
        "ego",
        "obj1",
        "obj2",
        "obj3"
    ],
    "interactions": {
        "ego": {
            "5.55 s to 6.71 s": [
                1.2524934450899532,
                1.326947206235433,
                1.4115046433086524,
                0.33001096693050913
            ],
            "9.88 s to 15.33 s": [
                1.2811598983515844,
                0.5439945802963674,
                1.321418736202336,
                -1.2854387832598955
            ]
        },
        "obj1": {
            "13.29 s to 15.45 s": [
                -0.937517274442312,
                -1.12638588771845,
                1.2201282069766655,
                -0.969308039240921
            ]
        },
        "obj2": {
            "5.55 s to 6.71 s": [
                1.5816254272972503,
                1.0347881419596718,
                1.6675857903054387,
                0.18015194712879573
            ],
            "12.99 s to 15.24 s": [
                1.5905769492946815,
                -0.3784769143202502,
                1.3888205114903072,
                0.10054060117637342
            ],
            "23.21 s to 24.04 s": [
                0.7584181657134403,
                -0.259464170800363,
                -0.1545575496486617,
                -0.5468722247321633
            ]
        },
        "obj3": {
            "5.97 s to 6.72 s": [
                0.9462722064729143,
                1.2223768504915924,
                1.4424309135738997,
                0.5894482637425347
            ],
            "23.21 s to 24.04 s": [
                0.359922285803967,
                0.15497862169637236,
                -0.5011526013815154,
                -0.46422291096907164
            ]
        }
    },
    "ego_interaction": {
        "5.55 s to 5.55 s": {
            "mode": "free",
            "start-end coordinates": [
                1.2524934450899532,
                1.326947206235433,
                1.2524934450899532,
                1.326947206235433
            ]
        },
        "5.55 s to 6.71 s": {
            "mode": "attached to obj2",
            "start-end coordinates": [
                1.2524934450899532,
                1.326947206235433,
                1.4115046433086524,
                0.33001096693050913
            ]
        },
        "5.55 s to 5.97 s": {
            "mode": "free",
            "start-end coordinates": [
                1.2524934450899532,
                1.326947206235433,
                1.3500679763033836,
                1.0708119395807232
            ]
        },
        "5.97 s to 6.72 s": {
            "mode": "attached to obj3",
            "start-end coordinates": [
                1.3500679763033836,
                1.0708119395807232,
                1.4150855432255853,
                0.3359567799633979
            ]
        },
        "6.71 s to 6.71 s": {
            "mode": "free",
            "start-end coordinates": [
                1.4115046433086524,
                0.33001096693050913,
                1.4115046433086524,
                0.33001096693050913
            ]
        },
        "6.72 s to 6.71 s": {
            "mode": "free",
            "start-end coordinates": [
                1.4150855432255853,
                0.3359567799633979,
                1.4115046433086524,
                0.33001096693050913
            ]
        },
        "9.88 s to 13.29 s": {
            "mode": "free",
            "start-end coordinates": [
                1.2811598983515844,
                0.5439945802963674,
                1.1687160864843202,
                -1.4464254329065191
            ]
        },
        "9.88 s to 12.99 s": {
            "mode": "free",
            "start-end coordinates": [
                1.2811598983515844,
                0.5439945802963674,
                1.3332732879053246,
                -1.1470380185686218
            ]
        },
        "12.99 s to 15.24 s": {
            "mode": "attached to obj2",
            "start-end coordinates": [
                1.3332732879053246,
                -1.1470380185686218,
                1.37124197888386,
                -1.3981961211499194
            ]
        },
        "13.29 s to 15.45 s": {
            "mode": "attached to obj1",
            "start-end coordinates": [
                1.1687160864843202,
                -1.4464254329065191,
                1.295225017641737,
                -1.2465189296850745
            ]
        },
        "15.24 s to 15.33 s": {
            "mode": "free",
            "start-end coordinates": [
                1.37124197888386,
                -1.3981961211499194,
                1.321418736202336,
                -1.2854387832598955
            ]
        },
        "15.45 s to 15.33 s": {
            "mode": "free",
            "start-end coordinates": [
                1.295225017641737,
                -1.2465189296850745,
                1.321418736202336,
                -1.2854387832598955
            ]
        }
    }
}