{
    "moved_objects": [
        "ego",
        "box1",
        "obj1",
        "obj2"
    ],
    "interactions": {
        "ego": {
            "6.01 s to 8.72 s": [
                0.38203408425808316,
                1.4119379125990486,
                -0.7558178085423981,
                -0.6790190146773805
            ],
            "25.02 s to 26.24 s": [
                -0.18706337977158774,
                -1.145155054067636,
                -0.8183307915853324,
                -1.1931876743984644
            ],
            "38.38 s to 38.99 s": [
                -0.3739657097574753,
                -0.2718692644059214,
                -0.09574988715812259,
                0.2999475230754896
            ],
            "41.55 s to 43.36 s": [
                -0.502723920289632,
                -0.3959902288498877,
                -0.4087413550753021,
                -0.8270583791501299
            ],
            "54.55 s to 58.58 s": [
                -0.3322826441047393,
                -0.38386781876630527,
                -1.3982936183408392,
                -0.5964930300065463
            ],
            "59.42 s to 60.59 s": [
                -1.1915438371524258,
                -0.6810587704630223,
                -0.07420331257783688,
                -0.5469229791241249
            ],
            "63.77 s to 64.17 s": [
                -0.005390665929133513,
                -0.5683240999361221,
                0.06404792548557696,
                -0.9951048660741253
            ]
        },
        "box1": {
            "68.57 s to 71.23 s": [
                1.5513120740583455,
                0.2686734094914121,
                1.5330498338099632,
                0.7300313691237678
            ]
        },
        "obj1": {
            "37.3 s to 39.38 s": [
                -0.4090199212807881,
                -0.2312028889594361,
                -0.2539574805723883,
                0.3191504830880315
            ],
            "45.94 s to 48.07 s": [
                -0.4844065864003969,
                -0.33425218427385006,
                -1.331423318196413,
                -0.8443348405999287
            ],
            "59.05 s to 60.59 s": [
                -1.2081955505769228,
                -0.4607287951402065,
                0.3620389147098155,
                -0.28253378255913125
            ]
        },
        "obj2": {
            "6.04 s to 11.65 s": [
                0.004237222298783127,
                1.204238859100787,
                0.15066652136578346,
                -0.8041642672079117
            ],
            "23.54 s to 24.46 s": [
                -0.11864712601737017,
                -0.8358989973534388,
                0.37424703388586883,
                -0.7789863727466569
            ],
            "46.36 s to 48.0 s": [
                0.5353211232692507,
                -0.24023097801597218,
                -0.33011867134016665,
                -0.5454292519889385
            ],
            "59.03 s to 60.58 s": [
                -0.46395417600945377,
                -0.3190610252580661,
                0.7259267397239486,
                -0.6421022278579709
            ]
        }
    },
    "ego_interaction": {
        "6.01 s to 6.04 s": {
            "mode": "free",
            "start-end coordinates": [
                0.38203408425808316,
                1.4119379125990486,
                0.4299254755176322,
                1.4073563083785436
            ]
        },
        "6.04 s to 11.65 s": {
            "mode": "attached to obj2",
            "start-end coordinates": [
                0.4299254755176322,
                1.4073563083785436,
                -0.3212123290531645,
                -0.8178984903508868
            ]
        },
        "11.65 s to 8.72 s": {
            "mode": "free",
            "start-end coordinates": [
                -0.3212123290531645,
                -0.8178984903508868,
                -0.7558178085423981,
                -0.6790190146773805
            ]
        },
        "37.3 s to 39.38 s": {
            "mode": "attached to obj1",
            "start-end coordinates": [
                -0.3361488632603551,
                -0.5195963243823317,
                -0.17701326430117922,
                0.25532162155580174
            ]
        },
        "38.38 s to 37.3 s": {
            "mode": "free",
            "start-end coordinates": [
                -0.3739657097574753,
                -0.2718692644059214,
                -0.3361488632603551,
                -0.5195963243823317
            ]
        },
        "39.38 s to 38.99 s": {
            "mode": "free",
            "start-end coordinates": [
                -0.17701326430117922,
                0.25532162155580174,
                -0.09574988715812259,
                0.2999475230754896
            ]
        },
        "59.03 s to 60.58 s": {
            "mode": "attached to obj2",
            "start-end coordinates": [
                -1.391586072687198,
                -0.4193749544486933,
                -0.08392976432138806,
                -0.5385494100435304
            ]
        },
        "59.05 s to 60.59 s": {
            "mode": "attached to obj1",
            "start-end coordinates": [
                -1.3911431952463755,
                -0.4319342804391879,
                -0.07420331257783688,
                -0.5469229791241249
            ]
        },
        "59.42 s to 59.05 s": {
            "mode": "free",
            "start-end coordinates": [
                -1.1915438371524258,
                -0.6810587704630223,
                -1.3911431952463755,
                -0.4319342804391879
            ]
        },
        "59.42 s to 59.03 s": {
            "mode": "free",
            "start-end coordinates": [
                -1.1915438371524258,
                -0.6810587704630223,
                -1.391586072687198,
                -0.4193749544486933
            ]
        },
        "60.58 s to 60.59 s": {
            "mode": "free",
            "start-end coordinates": [
                -0.08392976432138806,
                -0.5385494100435304,
                -0.07420331257783688,
                -0.5469229791241249
            ]
        },
        "60.59 s to 60.59 s": {
            "mode": "free",
            "start-end coordinates": [
                -0.07420331257783688,
                -0.5469229791241249,
                -0.07420331257783688,
                -0.5469229791241249
            ]
        }
    }
}