{
    "moved_objects": [
        "ego",
        "box1",
        "obj2"
    ],
    "interactions": {
        "ego": {
            "1.79 s to 3.03 s": [
                0.22772360505715997,
                1.3316862085898873,
                1.2193203195630864,
                1.5593436233154776
            ],
            "11.13 s to 12.48 s": [
                1.3581549986178236,
                1.2812570950884445,
                -0.07531028705087632,
                0.4480931612235959
            ]
        },
        "box1": {
            "11.13 s to 12.64 s": [
                1.321647074718344,
                -0.1050817235126678,
                0.38038999398952744,
                -0.15418713703091172
            ],
            "14.18 s to 15.05 s": [
                0.40586607285240744,
                -0.02753294664805294,
                0.3426732824620658,
                1.020348262423818
            ]
        },
        "obj2": {
            "1.85 s to 3.05 s": [
                -0.046480441822805765,
                1.0813090946117347,
                1.2614936182496355,
                1.0301280168853109
            ],
            "11.17 s to 12.5 s": [
                1.5795249220790302,
                0.42372178160621266,
                0.9273133091367471,
                0.05628203577033636
            ]
        }
    },
    "ego_interaction": {
        "1.79 s to 1.85 s": {
            "mode": "free",
            "start-end coordinates": [
                0.22772360505715997,
                1.3316862085898873,
                0.2473040029820507,
                1.139750455742357
            ]
        },
        "1.85 s to 3.05 s": {
            "mode": "attached to obj2",
            "start-end coordinates": [
                0.2473040029820507,
                1.139750455742357,
                1.2413317535995196,
                1.5595020177029286
            ]
        },
        "3.05 s to 3.03 s": {
            "mode": "free",
            "start-end coordinates": [
                1.2413317535995196,
                1.5595020177029286,
                1.2193203195630864,
                1.5593436233154776
            ]
        },
        "11.13 s to 11.13 s": {
            "mode": "free",
            "start-end coordinates": [
                1.3581549986178236,
                1.2812570950884445,
                1.3581549986178236,
                1.2812570950884445
            ]
        },
        "11.13 s to 12.64 s": {
            "mode": "attached to box1",
            "start-end coordinates": [
                1.3581549986178236,
                1.2812570950884445,
                -0.029286784810509767,
                0.5175858269144659
            ]
        },
        "11.13 s to 11.17 s": {
            "mode": "free",
            "start-end coordinates": [
                1.3581549986178236,
                1.2812570950884445,
                1.1066434013703645,
                1.3122680040378425
            ]
        },
        "11.17 s to 12.5 s": {
            "mode": "attached to obj2",
            "start-end coordinates": [
                1.1066434013703645,
                1.3122680040378425,
                -0.06548021537431042,
                0.4675347374836919
            ]
        },
        "12.5 s to 12.48 s": {
            "mode": "free",
            "start-end coordinates": [
                -0.06548021537431042,
                0.4675347374836919,
                -0.07531028705087632,
                0.4480931612235959
            ]
        },
        "12.64 s to 12.48 s": {
            "mode": "free",
            "start-end coordinates": [
                -0.029286784810509767,
                0.5175858269144659,
                -0.07531028705087632,
                0.4480931612235959
            ]
        }
    }
}