{
    "moved_objects": [
        "ego",
        "box1",
        "obj1",
        "obj2"
    ],
    "interactions": {
        "ego": {
            "0.0 s to 2.54 s": [
                0.996104944318781,
                1.4945963371801343,
                -0.6969040796822703,
                -0.8920537662398246
            ],
            "4.57 s to 5.93 s": [
                -0.6046082639954703,
                -0.8147091375214399,
                -0.16838127987501744,
                -0.35605292183117637
            ]
        },
        "box1": {
            "6.92 s to 8.52 s": [
                1.5845871780539447,
                0.17116237799284928,
                1.5284911206672411,
                0.757746236971789
            ]
        },
        "obj1": {
            "0.39 s to 2.6 s": [
                -1.0274513359138429,
                -1.2123584006333759,
                -0.6113763606255191,
                -1.01880598599298
            ],
            "4.56 s to 5.98 s": [
                -0.3555235174817819,
                -0.961652591824544,
                0.8220947195222019,
                -0.4588310770182581
            ]
        },
        "obj2": {
            "0.0 s to 2.59 s": [
                0.21626345988919693,
                1.015038538413447,
                -0.5754671307915314,
                -0.3810341153704522
            ],
            "4.6 s to 5.97 s": [
                -0.38285454759468196,
                -0.38786972222697746,
                0.8511852034910716,
                -0.326607894850932
            ]
        }
    },
    "ego_interaction": {
        "0.0 s to 0.39 s": {
            "mode": "free",
            "start-end coordinates": [
                0.996104944318781,
                1.4945963371801343,
                -0.20261811984892283,
                0.11266438558921438
            ]
        },
        "0.0 s to 0.0 s": {
            "mode": "free",
            "start-end coordinates": [
                0.996104944318781,
                1.4945963371801343,
                0.996104944318781,
                1.4945963371801343
            ]
        },
        "0.0 s to 2.59 s": {
            "mode": "attached to obj2",
            "start-end coordinates": [
                0.996104944318781,
                1.4945963371801343,
                -0.7119155460146905,
                -0.7793113489971596
            ]
        },
        "0.39 s to 2.6 s": {
            "mode": "attached to obj1",
            "start-end coordinates": [
                -0.20261811984892283,
                0.11266438558921438,
                -0.7235804151541536,
                -0.7572454376628284
            ]
        },
        "2.59 s to 2.54 s": {
            "mode": "free",
            "start-end coordinates": [
                -0.7119155460146905,
                -0.7793113489971596,
                -0.6969040796822703,
                -0.8920537662398246
            ]
        },
        "2.6 s to 2.54 s": {
            "mode": "free",
            "start-end coordinates": [
                -0.7235804151541536,
                -0.7572454376628284,
                -0.6969040796822703,
                -0.8920537662398246
            ]
        },
        "4.56 s to 5.98 s": {
            "mode": "attached to obj1",
            "start-end coordinates": [
                -0.5977282202114107,
                -0.8252482799027167,
                -0.1273416333109355,
                -0.43294284300567026
            ]
        },
        "4.57 s to 4.56 s": {
            "mode": "free",
            "start-end coordinates": [
                -0.6046082639954703,
                -0.8147091375214399,
                -0.5977282202114107,
                -0.8252482799027167
            ]
        },
        "4.57 s to 4.6 s": {
            "mode": "free",
            "start-end coordinates": [
                -0.6046082639954703,
                -0.8147091375214399,
                -0.7226740697972236,
                -0.7456233635445897
            ]
        },
        "4.6 s to 5.97 s": {
            "mode": "attached to obj2",
            "start-end coordinates": [
                -0.7226740697972236,
                -0.7456233635445897,
                -0.13527409109490587,
                -0.4397248507942908
            ]
        },
        "5.97 s to 5.93 s": {
            "mode": "free",
            "start-end coordinates": [
                -0.13527409109490587,
                -0.4397248507942908,
                -0.16838127987501744,
                -0.35605292183117637
            ]
        },
        "5.98 s to 5.93 s": {
            "mode": "free",
            "start-end coordinates": [
                -0.1273416333109355,
                -0.43294284300567026,
                -0.16838127987501744,
                -0.35605292183117637
            ]
        }
    }
}