{
    "moved_objects": [
        "ego",
        "obj2",
        "obj3",
        "box1"
    ],
    "interactions": {
        "ego": {
            "0.53 s to 1.06 s": [
                -1.3357517510074381,
                -1.3524051812668079,
                -1.1026499836533517,
                -1.439659507122105
            ],
            "3.27 s to 4.27 s": [
                -0.8169159241628678,
                -1.7542839567324526,
                -0.9928729110441445,
                -1.6879207774696858
            ],
            "4.9 s to 7.14 s": [
                -0.9143858182330721,
                -1.7005345574268396,
                -1.694495004851587,
                1.3635016968418245
            ]
        },
        "obj2": {
            "4.46 s to 6.13 s": [
                -0.6920558249451668,
                -1.0836044497205668,
                0.6695932224114166,
                1.1904722144095334
            ]
        },
        "obj3": {
            "4.91 s to 6.13 s": [
                -0.4986462018925373,
                -1.318615260481036,
                0.8617045343117964,
                0.9242779489555182
            ]
        },
        "box1": {
            "6.66 s to 7.51 s": [
                1.5901101646146745,
                -0.5006104568140493,
                -1.4515695429107636,
                1.393013166973889
            ]
        }
    },
    "ego_interaction": {
        "4.46 s to 6.13 s": {
            "mode": "attached to obj2",
            "start-end coordinates": [
                -0.8663689396801773,
                -1.683974011265528,
                0.5217258013416337,
                0.0963378143666996
            ]
        },
        "4.9 s to 4.46 s": {
            "mode": "free",
            "start-end coordinates": [
                -0.9143858182330721,
                -1.7005345574268396,
                -0.8663689396801773,
                -1.683974011265528
            ]
        },
        "4.9 s to 4.91 s": {
            "mode": "free",
            "start-end coordinates": [
                -0.9143858182330721,
                -1.7005345574268396,
                -0.9263766259195836,
                -1.680610084809467
            ]
        },
        "4.9 s to 6.66 s": {
            "mode": "free",
            "start-end coordinates": [
                -0.9143858182330721,
                -1.7005345574268396,
                1.3013740659628217,
                -0.5268991538896145
            ]
        },
        "4.91 s to 6.13 s": {
            "mode": "attached to obj3",
            "start-end coordinates": [
                -0.9263766259195836,
                -1.680610084809467,
                0.5217258013416337,
                0.0963378143666996
            ]
        },
        "6.13 s to 7.14 s": {
            "mode": "free",
            "start-end coordinates": [
                0.5217258013416337,
                0.0963378143666996,
                -1.694495004851587,
                1.3635016968418245
            ]
        },
        "6.66 s to 7.51 s": {
            "mode": "attached to box1",
            "start-end coordinates": [
                1.3013740659628217,
                -0.5268991538896145,
                -1.6384083911898768,
                0.9250748390144716
            ]
        },
        "7.51 s to 7.14 s": {
            "mode": "free",
            "start-end coordinates": [
                -1.6384083911898768,
                0.9250748390144716,
                -1.694495004851587,
                1.3635016968418245
            ]
        }
    }
}