{
    "moved_objects": [
        "ego",
        "obj3",
        "box1"
    ],
    "interactions": {
        "ego": {
            "0.25 s to 1.47 s": [
                -1.2667839541145214,
                -1.3246960193746646,
                -1.4694916014905544,
                -0.9785910409791879
            ],
            "3.74 s to 6.2 s": [
                -0.9157734527068765,
                -1.6400366688122774,
                -1.262184220712928,
                1.0961087948457098
            ],
            "6.83 s to 7.29 s": [
                -1.4835584527730281,
                1.1823313122522654,
                -0.6148069581890102,
                0.6646745009503223
            ]
        },
        "obj3": {
            "3.94 s to 4.62 s": [
                -0.4202180658282557,
                -1.296980540924489,
                0.7884330487956392,
                1.2657812359881433
            ]
        },
        "box1": {
            "5.75 s to 6.51 s": [
                1.5931916811411095,
                -0.49633037756853793,
                -1.3633492148702124,
                1.4227849586370862
            ]
        }
    },
    "ego_interaction": {
        "3.74 s to 3.94 s": {
            "mode": "free",
            "start-end coordinates": [
                -0.9157734527068765,
                -1.6400366688122774,
                -0.690547838413833,
                -1.7315887235865852
            ]
        },
        "3.74 s to 5.75 s": {
            "mode": "free",
            "start-end coordinates": [
                -0.9157734527068765,
                -1.6400366688122774,
                1.2920605567201198,
                -0.5053710544159804
            ]
        },
        "3.94 s to 4.62 s": {
            "mode": "attached to obj3",
            "start-end coordinates": [
                -0.690547838413833,
                -1.7315887235865852,
                0.5184330437247446,
                0.8367885879015389
            ]
        },
        "4.62 s to 6.2 s": {
            "mode": "free",
            "start-end coordinates": [
                0.5184330437247446,
                0.8367885879015389,
                -1.262184220712928,
                1.0961087948457098
            ]
        },
        "5.75 s to 6.51 s": {
            "mode": "attached to box1",
            "start-end coordinates": [
                1.2920605567201198,
                -0.5053710544159804,
                -1.5379547284608823,
                1.3511920940484994
            ]
        },
        "6.51 s to 6.2 s": {
            "mode": "free",
            "start-end coordinates": [
                -1.5379547284608823,
                1.3511920940484994,
                -1.262184220712928,
                1.0961087948457098
            ]
        }
    }
}