{
    "moved_objects": [
        "ego",
        "obj2",
        "obj3",
        "obj4",
        "box1"
    ],
    "interactions": {
        "ego": {
            "0.25 s to 1.47 s": [
                -1.2667839541145214,
                -1.3246960193746646,
                -1.4694916014905544,
                -0.9785910409791879
            ],
            "3.74 s to 6.2 s": [
                -0.9157734527068765,
                -1.6400366688122774,
                -1.262184220712928,
                1.0961087948457098
            ],
            "6.83 s to 7.29 s": [
                -1.4835584527730281,
                1.1823313122522654,
                -0.6148069581890102,
                0.6646745009503223
            ]
        },
        "obj2": {
            "0.54 s to 2.52 s": [
                -0.7199465186726,
                -1.1008168136973215,
                -0.7111400434516209,
                -1.1930371874286438
            ],
            "3.14 s to 3.38 s": [
                -0.7214331616208713,
                -1.1601245392099404,
                -0.725008172313144,
                -0.9989892086643474
            ]
        },
        "obj3": {
            "3.94 s to 4.62 s": [
                -0.4202180658282557,
                -1.296980540924489,
                0.7884330487956392,
                1.2657812359881433
            ]
        },
        "obj4": {
            "0.33 s to 2.03 s": [
                -1.405075122078953,
                -0.6126491007276256,
                -1.330121802468725,
                -0.8243801707868066
            ]
        },
        "box1": {
            "5.75 s to 6.51 s": [
                1.5931916811411095,
                -0.49633037756853793,
                -1.3633492148702124,
                1.4227849586370862
            ]
        }
    },
    "ego_interaction": {
        "0.25 s to 0.54 s": {
            "mode": "free",
            "start-end coordinates": [
                -1.2667839541145214,
                -1.3246960193746646,
                -1.4118715067773815,
                -0.9107026187052835
            ]
        },
        "0.25 s to 0.33 s": {
            "mode": "free",
            "start-end coordinates": [
                -1.2667839541145214,
                -1.3246960193746646,
                -1.1231040022517402,
                -0.9359880443930968
            ]
        },
        "0.33 s to 2.03 s": {
            "mode": "attached to obj4",
            "start-end coordinates": [
                -1.1231040022517402,
                -0.9359880443930968,
                -1.2004992686569076,
                -1.303894297585403
            ]
        },
        "0.54 s to 2.52 s": {
            "mode": "attached to obj2",
            "start-end coordinates": [
                -1.4118715067773815,
                -0.9107026187052835,
                -1.0546260965193384,
                -1.537616492984707
            ]
        },
        "2.03 s to 1.47 s": {
            "mode": "free",
            "start-end coordinates": [
                -1.2004992686569076,
                -1.303894297585403,
                -1.4694916014905544,
                -0.9785910409791879
            ]
        },
        "2.52 s to 1.47 s": {
            "mode": "free",
            "start-end coordinates": [
                -1.0546260965193384,
                -1.537616492984707,
                -1.4694916014905544,
                -0.9785910409791879
            ]
        },
        "3.74 s to 3.94 s": {
            "mode": "free",
            "start-end coordinates": [
                -0.9157734527068765,
                -1.6400366688122774,
                -0.690547838413833,
                -1.7315887235865852
            ]
        },
        "3.74 s to 5.75 s": {
            "mode": "free",
            "start-end coordinates": [
                -0.9157734527068765,
                -1.6400366688122774,
                1.2920605567201198,
                -0.5053710544159804
            ]
        },
        "3.94 s to 4.62 s": {
            "mode": "attached to obj3",
            "start-end coordinates": [
                -0.690547838413833,
                -1.7315887235865852,
                0.5184330437247446,
                0.8367885879015389
            ]
        },
        "4.62 s to 6.2 s": {
            "mode": "free",
            "start-end coordinates": [
                0.5184330437247446,
                0.8367885879015389,
                -1.262184220712928,
                1.0961087948457098
            ]
        },
        "5.75 s to 6.51 s": {
            "mode": "attached to box1",
            "start-end coordinates": [
                1.2920605567201198,
                -0.5053710544159804,
                -1.5379547284608823,
                1.3511920940484994
            ]
        },
        "6.51 s to 6.2 s": {
            "mode": "free",
            "start-end coordinates": [
                -1.5379547284608823,
                1.3511920940484994,
                -1.262184220712928,
                1.0961087948457098
            ]
        }
    }
}