{
    "moved_objects": [
        "ego",
        "obj1",
        "obj2",
        "box1"
    ],
    "interactions": {
        "ego": {
            "1.01 s to 1.49 s": [
                0.08892427836598726,
                -0.1491245948322217,
                1.3898351254896868,
                -0.8614088620350634
            ],
            "2.37 s to 3.06 s": [
                1.391005327957384,
                -0.7178431115605672,
                -0.8128529676305462,
                0.4155409402320299
            ],
            "3.8 s to 4.61 s": [
                -1.3258950182402776,
                0.5270622641691548,
                -1.0689268676939958,
                0.4483604569952263
            ],
            "5.6 s to 5.69 s": [
                -0.9975142359430513,
                0.5327773117421866,
                -0.7947595817350239,
                0.5579750030852317
            ],
            "6.48 s to 8.45 s": [
                -0.8813533748286349,
                0.7247747206946135,
                -0.5929287877975555,
                0.46785576040218746
            ]
        },
        "obj1": {
            "6.6 s to 8.48 s": [
                -1.49356956908777,
                1.0493586266852413,
                -1.5068069421124592,
                1.254114893551154
            ]
        },
        "obj2": {
            "6.46 s to 8.48 s": [
                -0.8845548069977628,
                1.4482419379042235,
                -0.5539716191775104,
                1.2772165553677126
            ]
        },
        "box1": {
            "2.35 s to 3.22 s": [
                1.4724984482498564,
                -0.48855354831786124,
                -0.9249378373470706,
                0.6829961845807615
            ],
            "6.53 s to 8.46 s": [
                -1.128457585221671,
                0.5590432598669572,
                -1.315047391205471,
                1.4281323948572768
            ]
        }
    },
    "ego_interaction": {
        "2.35 s to 3.22 s": {
            "mode": "attached to box1",
            "start-end coordinates": [
                1.4108188692526356,
                -0.7362657123319644,
                -1.0152589751118373,
                0.4804047190566693
            ]
        },
        "2.37 s to 2.35 s": {
            "mode": "free",
            "start-end coordinates": [
                1.391005327957384,
                -0.7178431115605672,
                1.4108188692526356,
                -0.7362657123319644
            ]
        },
        "3.22 s to 3.06 s": {
            "mode": "free",
            "start-end coordinates": [
                -1.0152589751118373,
                0.4804047190566693,
                -0.8128529676305462,
                0.4155409402320299
            ]
        },
        "6.46 s to 8.48 s": {
            "mode": "attached to obj2",
            "start-end coordinates": [
                -0.9131918933437569,
                0.734302025151989,
                -0.5643966889372135,
                0.4564470409446474
            ]
        },
        "6.48 s to 6.6 s": {
            "mode": "free",
            "start-end coordinates": [
                -0.8813533748286349,
                0.7247747206946135,
                -0.5366927273437422,
                0.6717788281201145
            ]
        },
        "6.48 s to 6.46 s": {
            "mode": "free",
            "start-end coordinates": [
                -0.8813533748286349,
                0.7247747206946135,
                -0.9131918933437569,
                0.734302025151989
            ]
        },
        "6.48 s to 6.53 s": {
            "mode": "free",
            "start-end coordinates": [
                -0.8813533748286349,
                0.7247747206946135,
                -0.7727849553611517,
                0.6915279691807741
            ]
        },
        "6.53 s to 8.46 s": {
            "mode": "attached to box1",
            "start-end coordinates": [
                -0.7727849553611517,
                0.6915279691807741,
                -0.5791264675048422,
                0.47344067548065405
            ]
        },
        "6.6 s to 8.48 s": {
            "mode": "attached to obj1",
            "start-end coordinates": [
                -0.5366927273437422,
                0.6717788281201145,
                -0.5643966889372135,
                0.4564470409446474
            ]
        },
        "8.46 s to 8.45 s": {
            "mode": "free",
            "start-end coordinates": [
                -0.5791264675048422,
                0.47344067548065405,
                -0.6230489700774193,
                0.4489098067944528
            ]
        },
        "8.48 s to 8.45 s": {
            "mode": "free",
            "start-end coordinates": [
                -0.5643966889372135,
                0.4564470409446474,
                -0.6230489700774193,
                0.4489098067944528
            ]
        }
    }
}