{
    "moved_objects": [
        "ego",
        "box1"
    ],
    "interactions": {
        "ego": {
            "1.01 s to 1.49 s": [
                0.08892427836598726,
                -0.1491245948322217,
                1.3898351254896868,
                -0.8614088620350634
            ],
            "2.37 s to 3.06 s": [
                1.391005327957384,
                -0.7178431115605672,
                -0.8128529676305462,
                0.4155409402320299
            ]
        },
        "box1": {
            "2.35 s to 3.22 s": [
                1.4724984482498564,
                -0.48855354831786124,
                -0.9249378373470706,
                0.6829961845807615
            ],
            "6.53 s to 8.46 s": [
                -1.128457585221671,
                0.5590432598669572,
                -1.315047391205471,
                1.4281323948572768
            ]
        }
    },
    "ego_interaction": {
        "2.35 s to 3.22 s": {
            "mode": "attached to box1",
            "start-end coordinates": [
                1.4108188692526356,
                -0.7362657123319644,
                -1.0152589751118373,
                0.4804047190566693
            ]
        },
        "2.37 s to 2.35 s": {
            "mode": "free",
            "start-end coordinates": [
                1.391005327957384,
                -0.7178431115605672,
                1.4108188692526356,
                -0.7362657123319644
            ]
        },
        "3.22 s to 3.06 s": {
            "mode": "free",
            "start-end coordinates": [
                -1.0152589751118373,
                0.4804047190566693,
                -0.8128529676305462,
                0.4155409402320299
            ]
        }
    }
}