{
    "moved_objects": [
        "ego",
        "obj1",
        "box1"
    ],
    "interactions": {
        "ego": {
            "1.0 s to 1.41 s": [
                -0.03009852746398175,
                -0.01561578882049369,
                -1.159097750370699,
                0.5218690672444192
            ]
        },
        "obj1": {
            "2.05 s to 3.07 s": [
                -1.5081337164187902,
                0.947423326899377,
                -1.2517597102853604,
                -0.3494884113880323
            ]
        },
        "box1": {
            "3.52 s to 4.64 s": [
                1.4861158190001584,
                -0.49571594660311236,
                -1.4598671858166152,
                1.410427583206102
            ]
        }
    },
    "ego_interaction": {}
}