{
    "moved_objects": [
        "ego",
        "box1",
        "obj1",
        "obj3"
    ],
    "interactions": {
        "ego": {
            "7.09 s to 8.26 s": [
                0.14554379918546181,
                1.2126772097318907,
                -0.31656469938670756,
                -0.5433201898797211
            ],
            "15.37 s to 17.18 s": [
                -0.9942171568378386,
                -0.9674091104032034,
                0.32180330251781475,
                0.969376751466492
            ],
            "21.21 s to 24.84 s": [
                0.221351721259893,
                0.7088111481470541,
                -0.003461153139410034,
                0.36665182324995094
            ],
            "30.35 s to 31.19 s": [
                0.10404922502738886,
                0.6326758007257955,
                -0.2979278327020324,
                -0.12038441728105569
            ]
        },
        "box1": {
            "30.29 s to 31.31 s": [
                1.6491822718796365,
                0.46004619160479526,
                1.5278204757267104,
                1.0174585964163183
            ]
        },
        "obj1": {
            "15.38 s to 17.25 s": [
                -0.7332880367076514,
                -1.0015813398474789,
                0.6356515384394722,
                0.8039858808732694
            ],
            "30.36 s to 31.2 s": [
                0.5903677655731894,
                0.5703270305448231,
                0.20654685937841363,
                -0.041100351161325294
            ]
        },
        "obj3": {
            "6.91 s to 8.25 s": [
                -0.03508447348053309,
                1.108120746891053,
                -0.33751713213866563,
                -0.7781599992505465
            ],
            "15.37 s to 17.24 s": [
                -0.3845769302778729,
                -0.8421212737203414,
                0.8796489510188357,
                0.8918042942170549
            ],
            "30.29 s to 31.19 s": [
                0.6870232344302247,
                0.519219036504782,
                0.30965180625162797,
                -0.022279872852551504
            ]
        }
    },
    "ego_interaction": {
        "6.91 s to 8.25 s": {
            "mode": "attached to obj3",
            "start-end coordinates": [
                0.09040674248657847,
                1.3351839159430434,
                -0.30417841097536324,
                -0.5517981348480783
            ]
        },
        "7.09 s to 6.91 s": {
            "mode": "free",
            "start-end coordinates": [
                0.14554379918546181,
                1.2126772097318907,
                0.09040674248657847,
                1.3351839159430434
            ]
        },
        "8.25 s to 8.26 s": {
            "mode": "free",
            "start-end coordinates": [
                -0.30417841097536324,
                -0.5517981348480783,
                -0.31656469938670756,
                -0.5433201898797211
            ]
        },
        "15.37 s to 15.38 s": {
            "mode": "free",
            "start-end coordinates": [
                -0.9942171568378386,
                -0.9674091104032034,
                -0.9816772912181168,
                -0.9626663639886948
            ]
        },
        "15.37 s to 15.37 s": {
            "mode": "free",
            "start-end coordinates": [
                -0.9942171568378386,
                -0.9674091104032034,
                -0.9942171568378386,
                -0.9674091104032034
            ]
        },
        "15.37 s to 17.24 s": {
            "mode": "attached to obj3",
            "start-end coordinates": [
                -0.9942171568378386,
                -0.9674091104032034,
                0.26511792323773536,
                0.9545682748004634
            ]
        },
        "15.38 s to 17.25 s": {
            "mode": "attached to obj1",
            "start-end coordinates": [
                -0.9816772912181168,
                -0.9626663639886948,
                0.24373844169965442,
                0.9500238453892862
            ]
        },
        "17.24 s to 17.18 s": {
            "mode": "free",
            "start-end coordinates": [
                0.26511792323773536,
                0.9545682748004634,
                0.32180330251781475,
                0.969376751466492
            ]
        },
        "17.25 s to 17.18 s": {
            "mode": "free",
            "start-end coordinates": [
                0.24373844169965442,
                0.9500238453892862,
                0.32180330251781475,
                0.969376751466492
            ]
        },
        "30.29 s to 31.31 s": {
            "mode": "attached to box1",
            "start-end coordinates": [
                0.11925032185010731,
                0.6123615010040573,
                -0.31204755393555433,
                -0.06367394743997529
            ]
        },
        "30.29 s to 31.19 s": {
            "mode": "attached to obj3",
            "start-end coordinates": [
                0.11925032185010731,
                0.6123615010040573,
                -0.2979278327020324,
                -0.12038441728105569
            ]
        },
        "30.35 s to 30.29 s": {
            "mode": "free",
            "start-end coordinates": [
                0.10404922502738886,
                0.6326758007257955,
                0.11925032185010731,
                0.6123615010040573
            ]
        },
        "30.35 s to 30.36 s": {
            "mode": "free",
            "start-end coordinates": [
                0.10404922502738886,
                0.6326758007257955,
                0.09736124048037681,
                0.6208206044957546
            ]
        },
        "30.36 s to 31.2 s": {
            "mode": "attached to obj1",
            "start-end coordinates": [
                0.09736124048037681,
                0.6208206044957546,
                -0.2973226870628321,
                -0.130367950037802
            ]
        },
        "31.19 s to 31.19 s": {
            "mode": "free",
            "start-end coordinates": [
                -0.2979278327020324,
                -0.12038441728105569,
                -0.2979278327020324,
                -0.12038441728105569
            ]
        },
        "31.2 s to 31.19 s": {
            "mode": "free",
            "start-end coordinates": [
                -0.2973226870628321,
                -0.130367950037802,
                -0.2979278327020324,
                -0.12038441728105569
            ]
        },
        "31.31 s to 31.19 s": {
            "mode": "free",
            "start-end coordinates": [
                -0.31204755393555433,
                -0.06367394743997529,
                -0.2979278327020324,
                -0.12038441728105569
            ]
        }
    }
}