{
    "moved_objects": [
        "ego",
        "box1",
        "obj1",
        "obj2",
        "obj3"
    ],
    "interactions": {
        "ego": {
            "3.75 s to 4.92 s": [
                0.11999670569894495,
                1.0272934599253785,
                -0.43818731818741935,
                -0.8000920761551068
            ],
            "6.22 s to 7.86 s": [
                -0.4879588679581644,
                -0.8829020912107672,
                -1.4105056588899472,
                -0.7364212941429393
            ],
            "8.36 s to 9.31 s": [
                -1.4057658213489952,
                -1.078803724949074,
                0.1767876818579743,
                -1.3461023817530426
            ],
            "10.95 s to 14.9 s": [
                0.24508655303087615,
                -0.9501809431642936,
                1.0147164920351817,
                1.4746055582055535
            ],
            "15.87 s to 16.13 s": [
                1.2018246167487656,
                1.3738443145062602,
                0.7908952973273212,
                1.360846581970935
            ],
            "20.34 s to 20.59 s": [
                -0.21639904267237778,
                0.282575762745551,
                -0.25743888377355306,
                0.4178369558449237
            ],
            "21.39 s to 22.52 s": [
                -0.6082340324284243,
                0.20920966838339236,
                -0.7335359315786705,
                -0.3448581810678675
            ],
            "29.0 s to 29.75 s": [
                -0.8158386607625441,
                -0.7202180087519103,
                -0.9445917849323489,
                -0.8731282732158526
            ],
            "30.35 s to 31.95 s": [
                -0.44399548994131743,
                -0.7107745578660153,
                -0.1643529703218822,
                0.09766812175433723
            ]
        },
        "box1": {
            "30.36 s to 30.72 s": [
                1.7153702161315487,
                0.027005833798702344,
                1.7113319631321295,
                0.32732638510413953
            ]
        },
        "obj1": {
            "8.36 s to 9.29 s": [
                -1.014000039402179,
                -1.1439454201873425,
                0.7670808751759151,
                -1.2622082450784546
            ],
            "10.95 s to 13.65 s": [
                0.8266673277313877,
                -0.9245868258308997,
                -0.288560416309227,
                -0.8097745063669457
            ],
            "28.96 s to 29.75 s": [
                -0.22952691468720918,
                -0.9799408373443188,
                0.0036683113811243426,
                -0.8522609162169402
            ],
            "30.35 s to 31.99 s": [
                0.22493035419698354,
                -0.7275825833091032,
                0.4781356720229298,
                -0.10485979195568415
            ]
        },
        "obj2": {
            "11.87 s to 13.65 s": [
                1.3142323152453024,
                0.1485029589621323,
                1.298221129352489,
                0.6832271263855054
            ],
            "15.87 s to 16.56 s": [
                1.3681721150442472,
                0.643228692051379,
                0.5312651115587015,
                0.6327762906458559
            ],
            "20.34 s to 20.59 s": [
                -0.011457398913973828,
                -0.31980197960778717,
                -0.09229927717090795,
                -0.24619171630914852
            ],
            "21.38 s to 22.52 s": [
                -0.33112351001715873,
                -0.373014277692617,
                -0.40010874738700214,
                -0.5878410886822735
            ],
            "29.0 s to 32.01 s": [
                -0.18743614793306362,
                -0.7471069125680389,
                0.8667597343739473,
                0.11174151803835641
            ]
        },
        "obj3": {
            "3.73 s to 4.92 s": [
                -0.018383945676373217,
                0.8359507486694165,
                -0.5447253368813729,
                -0.920269498606224
            ],
            "8.36 s to 9.26 s": [
                -0.6966401034536773,
                -1.0600608085035752,
                0.992922493548171,
                -1.1964730658285208
            ],
            "10.95 s to 13.65 s": [
                1.0629782766071734,
                -0.884354860290905,
                -0.09571267213591583,
                -0.7742589016809296
            ],
            "28.98 s to 29.75 s": [
                -0.09238463963944676,
                -0.9059050345620491,
                0.13631632637585706,
                -0.7677308768703635
            ],
            "30.36 s to 31.98 s": [
                0.347836419958075,
                -0.6716386682844591,
                0.54503562605684,
                -0.06729198797618992
            ]
        }
    },
    "ego_interaction": {
        "3.73 s to 4.92 s": {
            "mode": "attached to obj3",
            "start-end coordinates": [
                0.12178328486552895,
                1.0572692149224805,
                -0.43818731818741935,
                -0.8000920761551068
            ]
        },
        "3.75 s to 3.73 s": {
            "mode": "free",
            "start-end coordinates": [
                0.11999670569894495,
                1.0272934599253785,
                0.12178328486552895,
                1.0572692149224805
            ]
        },
        "4.92 s to 4.92 s": {
            "mode": "free",
            "start-end coordinates": [
                -0.43818731818741935,
                -0.8000920761551068,
                -0.43818731818741935,
                -0.8000920761551068
            ]
        },
        "8.36 s to 8.36 s": {
            "mode": "free",
            "start-end coordinates": [
                -1.4057658213489952,
                -1.078803724949074,
                -1.4057658213489952,
                -1.078803724949074
            ]
        },
        "8.36 s to 9.29 s": {
            "mode": "attached to obj1",
            "start-end coordinates": [
                -1.4057658213489952,
                -1.078803724949074,
                0.1288229249639076,
                -1.2966300012025265
            ]
        },
        "8.36 s to 9.26 s": {
            "mode": "attached to obj3",
            "start-end coordinates": [
                -1.4057658213489952,
                -1.078803724949074,
                0.11371184263554186,
                -1.2377054706932706
            ]
        },
        "9.26 s to 9.31 s": {
            "mode": "free",
            "start-end coordinates": [
                0.11371184263554186,
                -1.2377054706932706,
                0.1767876818579743,
                -1.3461023817530426
            ]
        },
        "9.29 s to 9.31 s": {
            "mode": "free",
            "start-end coordinates": [
                0.1288229249639076,
                -1.2966300012025265,
                0.1767876818579743,
                -1.3461023817530426
            ]
        },
        "10.95 s to 10.95 s": {
            "mode": "free",
            "start-end coordinates": [
                0.24508655303087615,
                -0.9501809431642936,
                0.24508655303087615,
                -0.9501809431642936
            ]
        },
        "10.95 s to 13.65 s": {
            "mode": "attached to obj3",
            "start-end coordinates": [
                0.24508655303087615,
                -0.9501809431642936,
                -0.683298617316065,
                -0.18328396625359858
            ]
        },
        "10.95 s to 11.87 s": {
            "mode": "free",