{
    "moved_objects": [
        "ego",
        "box1",
        "obj1",
        "obj2",
        "obj3"
    ],
    "interactions": {
        "ego": {
            "7.09 s to 8.26 s": [
                0.14554379918546181,
                1.2126772097318907,
                -0.31656469938670756,
                -0.5433201898797211
            ],
            "13.55 s to 13.67 s": [
                -1.0898742012756157,
                -0.7544274928741658,
                -1.2162905185422257,
                -0.8281382070942452
            ],
            "15.37 s to 17.18 s": [
                -0.9942171568378386,
                -0.9674091104032034,
                0.32180330251781475,
                0.969376751466492
            ],
            "18.16 s to 18.97 s": [
                0.16043680903579147,
                0.882230474596696,
                0.3875720884867332,
                1.0139965788236927
            ],
            "21.21 s to 24.84 s": [
                0.221351721259893,
                0.7088111481470541,
                -0.003461153139410034,
                0.36665182324995094
            ],
            "26.03 s to 26.67 s": [
                0.09726035871595794,
                0.6908104732742104,
                0.2851078224679098,
                0.648306653077248
            ],
            "30.35 s to 31.19 s": [
                0.10404922502738886,
                0.6326758007257955,
                -0.2979278327020324,
                -0.12038441728105569
            ]
        },
        "box1": {
            "22.29 s to 24.84 s": [
                1.7121949121616535,
                0.003929596915058595,
                1.669865836265501,
                0.34834347929837056
            ],
            "30.29 s to 31.31 s": [
                1.6491822718796365,
                0.46004619160479526,
                1.5278204757267104,
                1.0174585964163183
            ]
        },
        "obj1": {
            "15.38 s to 17.25 s": [
                -0.7332880367076514,
                -1.0015813398474789,
                0.6356515384394722,
                0.8039858808732694
            ],
            "18.17 s to 18.96 s": [
                0.51809203902223,
                0.706409261528643,
                0.7245047281483847,
                0.7575118911204137
            ],
            "21.21 s to 24.84 s": [
                0.5638129776094349,
                0.5054365522400075,
                0.6421745059971943,
                0.7020684604677501
            ],
            "26.03 s to 26.62 s": [
                0.7478311364186236,
                0.9267199314399086,
                0.885487323850605,
                0.7606181058557581
            ],
            "28.98 s to 29.08 s": [
                0.9249404106909738,
                0.6699107238551218,
                0.870409332064311,
                0.5672433414069418
            ],
            "30.36 s to 31.2 s": [
                0.5903677655731894,
                0.5703270305448231,
                0.20654685937841363,
                -0.041100351161325294
            ]
        },
        "obj2": {
            "15.67 s to 16.55 s": [
                1.3054949988099178,
                -0.21118409135740984,
                1.3070127020699083,
                -0.12630538058257448
            ],
            "18.47 s to 18.8 s": [
                1.3270859248249276,
                -0.1785720443007494,
                1.1862044348837582,
                -0.26818412202572706
            ],
            "21.21 s to 24.84 s": [
                1.181314982474462,
                -0.32304236828819916,
                1.1938872804561158,
                -0.07358843621371075
            ],
            "30.42 s to 31.33 s": [
                1.105250496350977,
                -0.14892344368554578,
                1.0563926019385437,
                0.011224241613591437
            ]
        },
        "obj3": {
            "6.91 s to 8.25 s": [
                -0.03508447348053309,
                1.108120746891053,
                -0.33751713213866563,
                -0.7781599992505465
            ],
            "15.37 s to 17.24 s": [
                -0.3845769302778729,
                -0.8421212737203414,
                0.8796489510188357,
                0.8918042942170549
            ],
            "18.24 s to 18.81 s": [
                0.7786194524001102,
                0.7636604914745897,
                1.0400104145615459,
                0.8999979134062435
            ],
            "21.21 s to 24.84 s": [
                0.7992881827632614,
                0.5589497272435128,
                0.7185608882405375,
                0.625907557332269
            ],
            "26.03 s to 26.67 s": [
                0.852959311501212,
                0.891531951675494,
                0.9450455796809886,
                0.7504408069167052
            ],
            "28.98 s to 29.08 s": [
                0.9674131818211957,
                0.6321485413830902,
                0.9358619796737948,
                0.5025429828001851
            ],
            "30.29 s to 31.19 s": [
                0.6870232344302247,
                0.519219036504782,
                0.30965180625162797,
                -0.022279872852551504
            ]
        }
    },
    "ego_interaction": {
        "6.91 s to 8.25 s": {
            "mode": "attached to obj3",
            "start-end coordinates": [
                0.09040674248657847,
                1.3351839159430434,
                -0.30417841097536324,
                -0.5517981348480783
            ]
        },
        "7.09 s to 6.91 s": {
            "mode": "free",
            "start-end coordinates": [
                0.14554379918546181,
                1.2126772097318907,
                0.09040674248657847,
                1.3351839159430434
            ]
        },
        "8.25 s to 8.26 s": {
            "mode": "free",
            "start-end coordinates": [
                -0.30417841097536324,
                -0.5517981348480783,
                -0.31656469938670756,
                -0.5433201898797211
            ]
        },
        "15.37 s to 15.38 s": {
            "mode": "free",
            "start-end coordinates": [
                -0.9942171568378386,
                -0.9674091104032034,
                -0.9816772912181168,
                -0.9626663639886948
            ]
        },
        "15.37 s to 15.67 s": {
            "mode": "free",
            "start-end coordinates": [
                -0.9942171568378386,
                -0.9674091104032034,
                -0.6391299954471905,
                -0.8226959603345111
            ]
        },
        "15.37 s to 15.37 s": {
            "mode": "free",
            "start-end coordinates": [
                -0.9942171568378386,
                -0.9674091104032034,
                -0.9942171568378386,
                -0.9674091104032034
            ]
        },
        "15.37 s to 17.24 s": {
            "mode": "attached to obj3",
            "start-end coordinates": [
                -0.9942171568378386,
                -0.9674091104032034,
                0.26511792323773536,
                0.9545682748004634
            ]
        },
        "15.38 s to 17.25 s": {
            "mode": "attached to obj1",
            "start-end coordinates": [
                -0.9816772912181168,
                -0.9626663639886948,
                0.24373844169965442,
                0.9500238453892862
            ]
        },
        "15.67 s to 16.55 s": {
            "mode": "attached to obj2",
            "start-end coordinates": [
                -0.6391299954471905,
                -0.8226959603345111,
                -0.05965601703315404,
                0.9096480262489061
            ]
        },
        "16.55 s to 17.18 s": {
            "mode": "free",