{
    "moved_objects": [
        "ego",
        "obj1",
        "obj3"
    ],
    "interactions": {
        "ego": {
            "1.06 s to 2.19 s": [
                0.1392079556708622,
                1.2578024208682614,
                -0.47753278122002824,
                -0.8376141460000589
            ],
            "3.26 s to 3.83 s": [
                -0.9876708556192872,
                -0.9427131526407655,
                -0.4200589149140608,
                -1.0972298545883754
            ]
        },
        "obj1": {
            "3.27 s to 3.94 s": [
                -0.7589496478927964,
                -1.1259649596590617,
                0.9677563060152711,
                -0.6330072307792857
            ]
        },
        "obj3": {
            "1.13 s to 2.13 s": [
                -0.0896752271161588,
                1.0654879022134782,
                -0.5348344303028215,
                -1.1394585224060485
            ],
            "3.26 s to 3.84 s": [
                -0.23380742997444512,
                -1.0779449742983038,
                0.737676996344588,
                -1.0728930074271978
            ]
        }
    },
    "ego_interaction": {
        "1.06 s to 1.13 s": {
            "mode": "free",
            "start-end coordinates": [
                0.1392079556708622,
                1.2578024208682614,
                0.010147208750974258,
                0.9142323940972829
            ]
        },
        "1.13 s to 2.13 s": {
            "mode": "attached to obj3",
            "start-end coordinates": [
                0.010147208750974258,
                0.9142323940972829,
                -0.4132611679218864,
                -0.9617319961279681
            ]
        },
        "2.13 s to 2.19 s": {
            "mode": "free",
            "start-end coordinates": [
                -0.4132611679218864,
                -0.9617319961279681,
                -0.47753278122002824,
                -0.8376141460000589
            ]
        },
        "3.26 s to 3.27 s": {
            "mode": "free",
            "start-end coordinates": [
                -0.9876708556192872,
                -0.9427131526407655,
                -0.9130244714857292,
                -0.9268900870145552
            ]
        },
        "3.26 s to 3.26 s": {
            "mode": "free",
            "start-end coordinates": [
                -0.9876708556192872,
                -0.9427131526407655,
                -0.9876708556192872,
                -0.9427131526407655
            ]
        },
        "3.26 s to 3.84 s": {
            "mode": "attached to obj3",
            "start-end coordinates": [
                -0.9876708556192872,
                -0.9427131526407655,
                -0.4060130975409535,
                -1.1324009724035076
            ]
        },
        "3.27 s to 3.94 s": {
            "mode": "attached to obj1",
            "start-end coordinates": [
                -0.9130244714857292,
                -0.9268900870145552,
                0.10957965305133077,
                0.20795565150472137
            ]
        },
        "3.84 s to 3.83 s": {
            "mode": "free",
            "start-end coordinates": [
                -0.4060130975409535,
                -1.1324009724035076,
                -0.4200589149140608,
                -1.0972298545883754
            ]
        },
        "3.94 s to 3.83 s": {
            "mode": "free",
            "start-end coordinates": [
                0.10957965305133077,
                0.20795565150472137,
                -0.4200589149140608,
                -1.0972298545883754
            ]
        }
    }
}