{
    "moved_objects": [
        "ego",
        "box1",
        "obj1",
        "obj2",
        "obj3"
    ],
    "interactions": {
        "ego": {
            "0.38 s to 0.89 s": [
                1.0251638570134516,
                1.4772008033609336,
                0.39326130288672795,
                1.464664684998582
            ],
            "1.39 s to 2.4 s": [
                0.22798990985512468,
                1.3759661350880235,
                -0.2748458982260909,
                -0.2913036649405566
            ],
            "6.81 s to 7.01 s": [
                -0.7572665877865913,
                -0.8642569403159626,
                -0.5595705938350783,
                -0.9559570610857547
            ],
            "11.14 s to 14.71 s": [
                -1.3372868598616097,
                -1.1056719740829057,
                0.6089397495165029,
                1.52146579709582
            ],
            "16.08 s to 16.96 s": [
                1.1035573409019839,
                1.3572151382216324,
                -0.5382104139399156,
                -0.008838115079354666
            ],
            "17.93 s to 18.99 s": [
                -0.7884675189381005,
                0.054419761479397546,
                -0.7538547234834886,
                -0.8906185117468216
            ],
            "21.0 s to 22.07 s": [
                -0.3540800570743371,
                0.2679478698682244,
                -0.554859860518216,
                -0.7603812215566037
            ],
            "22.65 s to 24.64 s": [
                -0.2787956684156917,
                -0.3496790517063743,
                -0.0040152353244837305,
                -0.3955279732874396
            ]
        },
        "box1": {
            "22.62 s to 25.41 s": [
                1.7075012893950046,
                0.05017321532636476,
                1.6213717924225262,
                1.1703554759367003
            ]
        },
        "obj1": {
            "11.12 s to 13.79 s": [
                -0.789218587840817,
                -1.1809679596939926,
                -0.3041174136857516,
                -0.9533180349728869
            ],
            "16.34 s to 16.93 s": [
                -0.21966744640058994,
                -0.8558504360374396,
                -0.22855209055454634,
                -1.0822898238780856
            ],
            "21.0 s to 22.07 s": [
                -0.23910530821086554,
                -1.1763451604703734,
                0.1944858645421018,
                -1.1351130588975382
            ],
            "22.65 s to 24.64 s": [
                0.30363697221147423,
                -1.051046503821076,
                0.6395326238965555,
                -0.9464746414857195
            ]
        },
        "obj2": {
            "12.2 s to 13.64 s": [
                1.29472621828173,
                -0.07713827852316658,
                1.297754849565961,
                0.768499542298711
            ],
            "15.99 s to 16.96 s": [
                1.3741402927493227,
                0.6572445738625851,
                -0.2120103904190906,
                -0.2755215913741894
            ],
            "17.68 s to 19.72 s": [
                -0.29751775406453723,
                -0.28466781723809365,
                -0.1089966041964241,
                -0.2848112018711458
            ],
            "20.97 s to 24.77 s": [
                -0.052779297630925814,
                -0.04782953354205982,
                1.0683557464619158,
                -0.14513649435125814
            ]
        },
        "obj3": {
            "1.32 s to 3.15 s": [
                0.014124835198339316,
                1.0938530604165002,
                -0.607623755728794,
                -0.9810450045454178
            ],
            "11.13 s to 13.78 s": [
                -0.6407789335086121,
                -1.1402719708787574,
                -0.14084491865964233,
                -0.9099691450650375
            ],
            "16.34 s to 16.96 s": [
                0.033438070452553884,
                -0.7718348880631247,
                -0.02906946207752053,
                -1.0250323379196264
            ],
            "21.0 s to 22.07 s": [
                -0.05251883394690755,
                -1.1242029358352985,
                0.2984988443932256,
                -1.086866864765469
            ],
            "22.65 s to 24.64 s": [
                0.37077488413410586,
                -1.0170906726209534,
                0.7837072617619745,
                -0.9112898161252951
            ]
        }
    },
    "ego_interaction": {
        "1.32 s to 3.15 s": {
            "mode": "attached to obj3",
            "start-end coordinates": [
                0.17644827998398122,
                1.3824678937474735,
                -0.6018727470302887,
                -0.6740890227526827
            ]
        },
        "1.39 s to 1.32 s": {
            "mode": "free",
            "start-end coordinates": [
                0.22798990985512468,
                1.3759661350880235,
                0.17644827998398122,
                1.3824678937474735
            ]
        },
        "3.15 s to 2.4 s": {
            "mode": "free",
            "start-end coordinates": [
                -0.6018727470302887,
                -0.6740890227526827,
                -0.2748458982260909,
                -0.2913036649405566
            ]
        },
        "11.12 s to 13.79 s": {
            "mode": "attached to obj1",
            "start-end coordinates": [
                -1.3639471131616883,
                -1.1024394129387705,
                -0.8767660417095051,
                -0.4474960164287571
            ]
        },
        "11.13 s to 13.78 s": {
            "mode": "attached to obj3",
            "start-end coordinates": [
                -1.3517853858324953,
                -1.1042403488237658,
                -0.8997421764883711,
                -0.4888938724567419
            ]
        },
        "11.14 s to 11.12 s": {
            "mode": "free",
            "start-end coordinates": [
                -1.3372868598616097,
                -1.1056719740829057,
                -1.3639471131616883,
                -1.1024394129387705
            ]
        },
        "11.14 s to 12.2 s": {
            "mode": "free",
            "start-end coordinates": [
                -1.3372868598616097,
                -1.1056719740829057,
                0.24492559898767152,
                -1.2510713265597877
            ]
        },
        "11.14 s to 11.13 s": {
            "mode": "free",
            "start-end coordinates": [
                -1.3372868598616097,
                -1.1056719740829057,
                -1.3517853858324953,
                -1.1042403488237658
            ]
        },
        "12.2 s to 13.64 s": {
            "mode": "attached to obj2",
            "start-end coordinates": [
                0.24492559898767152,
                -1.2510713265597877,
                -1.0982739048534418,
                -1.0861582134228078
            ]
        },
        "13.64 s to 14.71 s": {
            "mode": "free",
            "start-end coordinates": [
                -1.0982739048534418,
                -1.0861582134228078,
                0.6089397495165029,
                1.52146579709582
            ]
        },
        "13.78 s to 14.71 s": {
            "mode": "free",
            "start-end coordinates": [
                -0.8997421764883711,
                -0.4888938724567419,
                0.6089397495165029,
                1.52146579709582
            ]
        },
        "13.79 s to 14.71 s": {
            "mode": "free",
            "start-end coordinates": [
                -0.8767660417095051,
                -0.4474960164287571,
                0.6089397495165029,
                1.52146579709582
            ]
        },
        "15.99 s to 16.96 s": {
            "mode": "attached to obj2",