{
    "moved_objects": [
        "ego",
        "box1",
        "obj1",
        "obj2",
        "obj3"
    ],
    "interactions": {
        "ego": {
            "0.81 s to 1.14 s": [
                0.9361456064568039,
                1.4421195188051419,
                0.375482300202822,
                1.487961285028474
            ],
            "2.03 s to 2.85 s": [
                0.1450659795411663,
                1.2705213893224316,
                -0.3831890424115155,
                -0.7779283632891134
            ],
            "10.83 s to 12.01 s": [
                -0.7802848878614917,
                -0.7894352524688903,
                0.27414821853103316,
                1.0126594007263985
            ],
            "16.53 s to 18.07 s": [
                0.21908135232260986,
                1.129681550037865,
                -0.5340176812559261,
                0.054500310180812035
            ],
            "26.18 s to 27.16 s": [
                -0.6173253843427713,
                -0.642392425345495,
                0.022172063683898995,
                -0.3189779635701263
            ],
            "30.21 s to 31.05 s": [
                -0.15494686483205036,
                -0.13025042613564697,
                -0.17001973192856723,
                0.5122552145414887
            ]
        },
        "box1": {
            "28.19 s to 31.3 s": [
                1.7060615139910333,
                0.18760043922874675,
                1.5025223831206298,
                1.340293222103481
            ]
        },
        "obj1": {
            "10.66 s to 12.01 s": [
                -0.5189492253137206,
                -0.9113022785439501,
                0.43697924206189237,
                0.4875862072121513
            ],
            "16.53 s to 18.06 s": [
                0.48061891771824805,
                0.5706248672234339,
                -0.29683767630640234,
                -0.30393182027481436
            ],
            "26.18 s to 26.75 s": [
                -0.24195266000277374,
                -0.6112511069440978,
                0.11893844191763217,
                -0.3541718925236268
            ],
            "30.11 s to 31.31 s": [
                0.1647056208685152,
                -0.05864354405603442,
                0.19546559286770884,
                0.342322172240131
            ]
        },
        "obj2": {
            "16.54 s to 18.09 s": [
                1.1869881722930968,
                0.0705165700156394,
                0.3709257251679958,
                -0.46867152961755976
            ],
            "25.88 s to 27.12 s": [
                0.23940705907822596,
                -0.7904090112378868,
                0.9747056689774465,
                -0.3181942868295186
            ],
            "30.1 s to 31.33 s": [
                0.9532284164894991,
                -0.09358865100711217,
                0.8034683335586527,
                0.4445123235627979
            ]
        },
        "obj3": {
            "2.06 s to 2.85 s": [
                0.0053431706424096805,
                1.0137212409771699,
                -0.5065088232023326,
                -0.9329342860462637
            ],
            "10.84 s to 12.01 s": [
                -0.2226320538101904,
                -0.6273867757909493,
                0.4054483738698394,
                0.43543202044324747
            ],
            "16.53 s to 18.06 s": [
                0.5338718776211095,
                0.5958136269991481,
                -0.1799925327121161,
                -0.26520083581445897
            ],
            "26.18 s to 26.74 s": [
                -0.15230219201330714,
                -0.5539608943364522,
                0.22783974597167228,
                -0.3422659852669903
            ]
        }
    },
    "ego_interaction": {
        "2.03 s to 2.06 s": {
            "mode": "free",
            "start-end coordinates": [
                0.1449934918060405,
                1.280260524857074,
                0.136624924496353,
                1.2293271427440127
            ]
        },
        "2.06 s to 2.85 s": {
            "mode": "attached to obj3",
            "start-end coordinates": [
                0.136624924496353,
                1.2293271427440127,
                -0.3831890424115155,
                -0.7779283632891134
            ]
        },
        "2.85 s to 2.85 s": {
            "mode": "free",
            "start-end coordinates": [
                -0.3831890424115155,
                -0.7779283632891134,
                -0.3831890424115155,
                -0.7779283632891134
            ]
        },
        "10.66 s to 12.01 s": {
            "mode": "attached to obj1",
            "start-end coordinates": [
                -0.9061153046700728,
                -0.8650238906003134,
                0.27414821853103316,
                1.0126594007263985
            ]
        },
        "10.83 s to 10.66 s": {
            "mode": "free",
            "start-end coordinates": [
                -0.7802848878614917,
                -0.7894352524688903,
                -0.9061153046700728,
                -0.8650238906003134
            ]
        },
        "10.83 s to 10.84 s": {
            "mode": "free",
            "start-end coordinates": [
                -0.7802848878614917,
                -0.7894352524688903,
                -0.76811426830609,
                -0.7876676795196644
            ]
        },
        "10.84 s to 12.01 s": {
            "mode": "attached to obj3",
            "start-end coordinates": [
                -0.76811426830609,
                -0.7876676795196644,
                0.27414821853103316,
                1.0126594007263985
            ]
        },
        "12.01 s to 12.01 s": {
            "mode": "free",
            "start-end coordinates": [
                0.27414821853103316,
                1.0126594007263985,
                0.27414821853103316,
                1.0126594007263985
            ]
        },
        "16.53 s to 16.53 s": {
            "mode": "free",
            "start-end coordinates": [
                0.21908135232260986,
                1.129681550037865,
                0.21908135232260986,
                1.129681550037865
            ]
        },
        "16.53 s to 18.06 s": {
            "mode": "attached to obj3",
            "start-end coordinates": [
                0.21908135232260986,
                1.129681550037865,
                -0.5730325389205043,
                -0.05725718470678338
            ]
        },
        "16.53 s to 16.54 s": {
            "mode": "free",
            "start-end coordinates": [
                0.21908135232260986,
                1.129681550037865,
                0.2046333004422216,
                1.1394814060422596
            ]
        },
        "16.54 s to 18.09 s": {
            "mode": "attached to obj2",
            "start-end coordinates": [
                0.2046333004422216,
                1.1394814060422596,
                -0.5187284606916254,
                0.0683056249480501
            ]
        },
        "18.06 s to 18.07 s": {
            "mode": "free",
            "start-end coordinates": [
                -0.5730325389205043,
                -0.05725718470678338,
                -0.5340176812559261,
                0.054500310180812035
            ]
        },
        "18.09 s to 18.07 s": {
            "mode": "free",
            "start-end coordinates": [
                -0.5187284606916254,
                0.0683056249480501,
                -0.5340176812559261,
                0.054500310180812035
            ]
        },
        "25.88 s to 27.12 s": {
            "mode": "attached to obj2",
            "start-end coordinates": [
                -0.849798576365942,
                -0.6709620454580512,
                0.00882355002792157,
                -0.39081834259270554
            ]
        },