{
    "moved_objects": [
        "ego",
        "obj1",
        "obj3"
    ],
    "interactions": {
        "ego": {
            "0.41 s to 2.88 s": [
                0.9524082599032417,
                1.5182936523903063,
                -0.2879626014454841,
                -0.40111039925476394
            ],
            "3.9 s to 4.13 s": [
                -0.20904480143279888,
                -0.023030855684960577,
                -0.25837029775024956,
                -0.13385403378903968
            ],
            "4.67 s to 6.89 s": [
                -0.38887147760044266,
                -0.3244392686779818,
                0.8383286735188211,
                1.1609335036078616
            ],
            "8.23 s to 8.26 s": [
                0.34028017303623775,
                0.7776641670291133,
                0.24218547015064348,
                0.6569458149844141
            ]
        },
        "obj1": {
            "1.54 s to 2.88 s": [
                -0.9947244532247304,
                -1.0992672316754524,
                0.03453648620827547,
                -0.6063522063931793
            ],
            "4.67 s to 6.75 s": [
                -0.01711737347600941,
                -0.44835396182135845,
                1.1570646001393388,
                0.6947351426519985
            ]
        },
        "obj3": {
            "1.4 s to 2.88 s": [
                -0.07402819150673974,
                0.958567587923675,
                0.29013595404276477,
                -0.20341092574642244
            ],
            "3.9 s to 4.14 s": [
                0.31320034875542974,
                0.11541015565755072,
                0.49945641566827254,
                0.05866775852856061
            ],
            "4.67 s to 6.78 s": [
                0.5044007223718298,
                0.014176153382409401,
                1.0858839748280769,
                0.46717584255310174
            ]
        }
    },
    "ego_interaction": {
        "0.41 s to 1.54 s": {
            "mode": "free",
            "start-end coordinates": [
                0.9524082599032417,
                1.5182936523903063,
                -0.4488401234736874,
                0.3673968574986059
            ]
        },
        "0.41 s to 1.4 s": {
            "mode": "free",
            "start-end coordinates": [
                0.9524082599032417,
                1.5182936523903063,
                0.1463938411821244,
                1.2235244852142872
            ]
        },
        "1.4 s to 2.88 s": {
            "mode": "attached to obj3",
            "start-end coordinates": [
                0.1463938411821244,
                1.2235244852142872,
                -0.2879626014454841,
                -0.40111039925476394
            ]
        },
        "1.54 s to 2.88 s": {
            "mode": "attached to obj1",
            "start-end coordinates": [
                -0.4488401234736874,
                0.3673968574986059,
                -0.2879626014454841,
                -0.40111039925476394
            ]
        },
        "2.88 s to 2.88 s": {
            "mode": "free",
            "start-end coordinates": [
                -0.2879626014454841,
                -0.40111039925476394,
                -0.2879626014454841,
                -0.40111039925476394
            ]
        },
        "3.9 s to 3.9 s": {
            "mode": "free",
            "start-end coordinates": [
                -0.20904480143279888,
                -0.023030855684960577,
                -0.20904480143279888,
                -0.023030855684960577
            ]
        },
        "3.9 s to 4.14 s": {
            "mode": "attached to obj3",
            "start-end coordinates": [
                -0.20904480143279888,
                -0.023030855684960577,
                -0.25837029775024956,
                -0.13385403378903968
            ]
        },
        "4.14 s to 4.13 s": {
            "mode": "free",
            "start-end coordinates": [
                -0.25837029775024956,
                -0.13385403378903968,
                -0.25837029775024956,
                -0.13385403378903968
            ]
        },
        "4.67 s to 4.67 s": {
            "mode": "free",
            "start-end coordinates": [
                -0.38887147760044266,
                -0.3244392686779818,
                -0.38887147760044266,
                -0.3244392686779818
            ]
        },
        "4.67 s to 6.75 s": {
            "mode": "attached to obj1",
            "start-end coordinates": [
                -0.38887147760044266,
                -0.3244392686779818,
                0.9146072000168182,
                1.145376916662058
            ]
        },
        "4.67 s to 6.78 s": {
            "mode": "attached to obj3",
            "start-end coordinates": [
                -0.38887147760044266,
                -0.3244392686779818,
                0.8791516935765652,
                1.1072472372107178
            ]
        },
        "6.75 s to 6.89 s": {
            "mode": "free",
            "start-end coordinates": [
                0.9146072000168182,
                1.145376916662058,
                0.8383286735188211,
                1.1609335036078616
            ]
        },
        "6.78 s to 6.89 s": {
            "mode": "free",
            "start-end coordinates": [
                0.8791516935765652,
                1.1072472372107178,
                0.8383286735188211,
                1.1609335036078616
            ]
        }
    }
}