{
    "moved_objects": [
        "ego",
        "obj1",
        "obj3"
    ],
    "interactions": {
        "ego": {
            "0.4 s to 2.87 s": [
                1.0109172342877533,
                1.5075057100729718,
                -0.4086206591027427,
                -0.4490778817318914
            ],
            "5.73 s to 8.07 s": [
                -0.8265061811830945,
                -0.781982154266959,
                -0.07893141405601839,
                -0.934915828158032
            ]
        },
        "obj1": {
            "6.55 s to 8.07 s": [
                -0.885225051475558,
                -1.0961179034682254,
                0.970383060733221,
                -0.8660611175115779
            ]
        },
        "obj3": {
            "1.51 s to 2.87 s": [
                0.030850160510564693,
                1.0979158244985248,
                -0.4883853773410565,
                -0.7715997222328426
            ],
            "6.59 s to 8.07 s": [
                -0.3280571229410222,
                -1.074445069396297,
                1.4214575554475546,
                -1.1159163462434867
            ]
        }
    },
    "ego_interaction": {
        "0.4 s to 1.51 s": {
            "mode": "free",
            "start-end coordinates": [
                1.0109172342877533,
                1.5075057100729718,
                0.25967245957138263,
                1.362097099809903
            ]
        },
        "1.51 s to 2.87 s": {
            "mode": "attached to obj3",
            "start-end coordinates": [
                0.25967245957138263,
                1.362097099809903,
                -0.4086206591027427,
                -0.4490778817318914
            ]
        },
        "2.87 s to 2.87 s": {
            "mode": "free",
            "start-end coordinates": [
                -0.4086206591027427,
                -0.4490778817318914,
                -0.4086206591027427,
                -0.4490778817318914
            ]
        },
        "5.73 s to 6.55 s": {
            "mode": "free",
            "start-end coordinates": [
                -0.8265061811830945,
                -0.781982154266959,
                -1.2154943538561307,
                -1.0803235576344754
            ]
        },
        "5.73 s to 6.59 s": {
            "mode": "free",
            "start-end coordinates": [
                -0.8265061811830945,
                -0.781982154266959,
                -1.1495474659504317,
                -1.073883574013814
            ]
        },
        "6.55 s to 8.07 s": {
            "mode": "attached to obj1",
            "start-end coordinates": [
                -1.2154943538561307,
                -1.0803235576344754,
                -0.07893141405601839,
                -0.934915828158032
            ]
        },
        "6.59 s to 8.07 s": {
            "mode": "attached to obj3",
            "start-end coordinates": [
                -1.1495474659504317,
                -1.073883574013814,
                -0.07893141405601839,
                -0.934915828158032
            ]
        },
        "8.07 s to 8.07 s": {
            "mode": "free",
            "start-end coordinates": [
                -0.07893141405601839,
                -0.934915828158032,
                -0.07893141405601839,
                -0.934915828158032
            ]
        }
    }
}