{
    "moved_objects": [
        "ego",
        "obj1",
        "obj2",
        "obj3"
    ],
    "interactions": {
        "ego": {
            "0.4 s to 2.87 s": [
                1.0109172342877533,
                1.5075057100729718,
                -0.4086206591027427,
                -0.4490778817318914
            ],
            "3.53 s to 4.09 s": [
                -0.4898991046650886,
                -0.5684948668897098,
                -0.6448643681066637,
                -0.7491552024669546
            ],
            "5.73 s to 8.07 s": [
                -0.8265061811830945,
                -0.781982154266959,
                -0.07893141405601839,
                -0.934915828158032
            ]
        },
        "obj1": {
            "4.69 s to 5.2 s": [
                -1.0310662777186945,
                -1.1343654786954582,
                -0.9685897831731365,
                -1.0514415829808004
            ],
            "6.55 s to 8.07 s": [
                -0.885225051475558,
                -1.0961179034682254,
                0.970383060733221,
                -0.8660611175115779
            ]
        },
        "obj2": {
            "6.87 s to 8.08 s": [
                1.2973903232881367,
                -0.20542924386395559,
                1.4272635225431487,
                -0.13021763309670653
            ]
        },
        "obj3": {
            "1.51 s to 2.87 s": [
                0.030850160510564693,
                1.0979158244985248,
                -0.4883853773410565,
                -0.7715997222328426
            ],
            "6.59 s to 8.07 s": [
                -0.3280571229410222,
                -1.074445069396297,
                1.4214575554475546,
                -1.1159163462434867
            ]
        }
    },
    "ego_interaction": {
        "0.4 s to 1.51 s": {
            "mode": "free",
            "start-end coordinates": [
                1.0109172342877533,
                1.5075057100729718,
                0.25967245957138263,
                1.362097099809903
            ]
        },
        "1.51 s to 2.87 s": {
            "mode": "attached to obj3",
            "start-end coordinates": [
                0.25967245957138263,
                1.362097099809903,
                -0.4086206591027427,
                -0.4490778817318914
            ]
        },
        "2.87 s to 2.87 s": {
            "mode": "free",
            "start-end coordinates": [
                -0.4086206591027427,
                -0.4490778817318914,
                -0.4086206591027427,
                -0.4490778817318914
            ]
        },
        "5.73 s to 6.55 s": {
            "mode": "free",
            "start-end coordinates": [
                -0.8265061811830945,
                -0.781982154266959,
                -1.2154943538561307,
                -1.0803235576344754
            ]
        },
        "5.73 s to 6.87 s": {
            "mode": "free",
            "start-end coordinates": [
                -0.8265061811830945,
                -0.781982154266959,
                -0.6963074704701601,
                -0.9362763472337299
            ]
        },
        "5.73 s to 6.59 s": {
            "mode": "free",
            "start-end coordinates": [
                -0.8265061811830945,
                -0.781982154266959,
                -1.1495474659504317,
                -1.073883574013814
            ]
        },
        "6.55 s to 8.07 s": {
            "mode": "attached to obj1",
            "start-end coordinates": [
                -1.2154943538561307,
                -1.0803235576344754,
                -0.07893141405601839,
                -0.934915828158032
            ]
        },
        "6.59 s to 8.07 s": {
            "mode": "attached to obj3",
            "start-end coordinates": [
                -1.1495474659504317,
                -1.073883574013814,
                -0.07893141405601839,
                -0.934915828158032
            ]
        },
        "6.87 s to 8.08 s": {
            "mode": "attached to obj2",
            "start-end coordinates": [
                -0.6963074704701601,
                -0.9362763472337299,
                -0.08845830417058306,
                -0.9381288334472576
            ]
        },
        "8.07 s to 8.07 s": {
            "mode": "free",
            "start-end coordinates": [
                -0.07893141405601839,
                -0.934915828158032,
                -0.07893141405601839,
                -0.934915828158032
            ]
        },
        "8.08 s to 8.07 s": {
            "mode": "free",
            "start-end coordinates": [
                -0.08845830417058306,
                -0.9381288334472576,
                -0.07893141405601839,
                -0.934915828158032
            ]
        }
    }
}