{
    "moved_objects": [
        "ego",
        "box1",
        "obj2"
    ],
    "interactions": {
        "ego": {
            "1.07 s to 1.2 s": [
                0.7467269804165454,
                1.5226512583917404,
                0.521446823369319,
                1.5029943379561062
            ],
            "1.81 s to 2.98 s": [
                0.24960121302305527,
                1.2973170801687044,
                1.2643777831932113,
                1.5744747560473444
            ],
            "11.13 s to 12.48 s": [
                1.3991709948885722,
                1.2785006368182483,
                0.1293774466813307,
                0.8594123724895164
            ],
            "13.13 s to 14.93 s": [
                0.17414042625919066,
                0.8584470983675975,
                0.07696452071112378,
                1.150997428902028
            ]
        },
        "box1": {
            "11.14 s to 12.51 s": [
                1.304058102822127,
                -0.09171024816407444,
                0.228807742059107,
                -0.1389086875073699
            ],
            "13.94 s to 14.92 s": [
                0.16194025933072775,
                -0.09623532880170807,
                0.22783839906362954,
                1.117810240057093
            ]
        },
        "obj2": {
            "1.93 s to 3.02 s": [
                -0.025966326872914704,
                1.0390887840829677,
                1.285795486141805,
                1.020365553648507
            ],
            "3.86 s to 3.99 s": [
                1.3081125611953413,
                0.9419336634656305,
                1.4082550673409282,
                0.983838187029967
            ],
            "11.18 s to 12.46 s": [
                1.6013787467779692,
                0.38611573202490485,
                0.8727510493554489,
                0.17430196521892427
            ],
            "13.1 s to 13.31 s": [
                0.8299281987905767,
                0.19018522280160735,
                1.0390471062568494,
                0.2272798675949688
            ],
            "14.75 s to 14.94 s": [
                1.0098268328920872,
                0.24051648224188488,
                1.0084654361993266,
                0.3266518934445952
            ]
        }
    },
    "ego_interaction": {
        "1.81 s to 1.93 s": {
            "mode": "free",
            "start-end coordinates": [
                0.24960121302305527,
                1.2973170801687044,
                0.04838472490785574,
                0.6045766459688455
            ]
        },
        "1.93 s to 3.02 s": {
            "mode": "attached to obj2",
            "start-end coordinates": [
                0.04838472490785574,
                0.6045766459688455,
                1.31083749396421,
                1.574601996029902
            ]
        },
        "3.02 s to 2.98 s": {
            "mode": "free",
            "start-end coordinates": [
                1.31083749396421,
                1.574601996029902,
                1.2643777831932113,
                1.5744747560473444
            ]
        },
        "11.13 s to 11.14 s": {
            "mode": "free",
            "start-end coordinates": [
                1.3991709948885722,
                1.2785006368182483,
                1.3854292766684821,
                1.2779099569488264
            ]
        },
        "11.13 s to 11.18 s": {
            "mode": "free",
            "start-end coordinates": [
                1.3991709948885722,
                1.2785006368182483,
                1.096903128383861,
                1.3182711024723397
            ]
        },
        "11.14 s to 12.51 s": {
            "mode": "attached to box1",
            "start-end coordinates": [
                1.3854292766684821,
                1.2779099569488264,
                0.14029974869826248,
                0.8858503025566161
            ]
        },
        "11.18 s to 12.46 s": {
            "mode": "attached to obj2",
            "start-end coordinates": [
                1.096903128383861,
                1.3182711024723397,
                0.1159214772483209,
                0.8323838671122674
            ]
        },
        "12.46 s to 12.48 s": {
            "mode": "free",
            "start-end coordinates": [
                0.1159214772483209,
                0.8323838671122674,
                0.1293774466813307,
                0.8594123724895164
            ]
        },
        "12.51 s to 12.48 s": {
            "mode": "free",
            "start-end coordinates": [
                0.14029974869826248,
                0.8858503025566161,
                0.1293774466813307,
                0.8594123724895164
            ]
        },
        "13.1 s to 13.31 s": {
            "mode": "attached to obj2",
            "start-end coordinates": [
                0.14120982100153529,
                0.8637545909806377,
                0.27374487834495315,
                0.8592864358897077
            ]
        },
        "13.13 s to 13.94 s": {
            "mode": "free",
            "start-end coordinates": [
                0.17414042625919066,
                0.8584470983675975,
                -0.03496154822524794,
                0.26703332631230764
            ]
        },
        "13.13 s to 13.1 s": {
            "mode": "free",
            "start-end coordinates": [
                0.17414042625919066,
                0.8584470983675975,
                0.14120982100153529,
                0.8637545909806377
            ]
        },
        "13.13 s to 14.75 s": {
            "mode": "free",
            "start-end coordinates": [
                0.17414042625919066,
                0.8584470983675975,
                0.12352127684096069,
                0.9826527491367935
            ]
        },
        "13.31 s to 14.93 s": {
            "mode": "free",
            "start-end coordinates": [
                0.27374487834495315,
                0.8592864358897077,
                0.07696452071112378,
                1.150997428902028
            ]
        },
        "13.94 s to 14.92 s": {
            "mode": "attached to box1",
            "start-end coordinates": [
                -0.03496154822524794,
                0.26703332631230764,
                0.08379412003776338,
                1.1655943912843951
            ]
        },
        "14.75 s to 14.94 s": {
            "mode": "attached to obj2",
            "start-end coordinates": [
                0.12352127684096069,
                0.9826527491367935,
                0.07181819314164338,
                1.1398656849265956
            ]
        },
        "14.92 s to 14.93 s": {
            "mode": "free",
            "start-end coordinates": [
                0.08379412003776338,
                1.1655943912843951,
                0.07696452071112378,
                1.150997428902028
            ]
        },
        "14.94 s to 14.93 s": {
            "mode": "free",
            "start-end coordinates": [
                0.07181819314164338,
                1.1398656849265956,
                0.07696452071112378,
                1.150997428902028
            ]
        }
    }
}