{
    "moved_objects": [
        "ego",
        "box1",
        "obj2"
    ],
    "interactions": {
        "ego": {
            "1.81 s to 2.98 s": [
                0.24960121302305527,
                1.2973170801687044,
                1.2643777831932113,
                1.5744747560473444
            ],
            "11.13 s to 12.48 s": [
                1.3991709948885722,
                1.2785006368182483,
                0.1293774466813307,
                0.8594123724895164
            ]
        },
        "box1": {
            "11.14 s to 12.51 s": [
                1.304058102822127,
                -0.09171024816407444,
                0.228807742059107,
                -0.1389086875073699
            ],
            "13.94 s to 14.92 s": [
                0.16194025933072775,
                -0.09623532880170807,
                0.22783839906362954,
                1.117810240057093
            ]
        },
        "obj2": {
            "1.93 s to 3.02 s": [
                -0.025966326872914704,
                1.0390887840829677,
                1.285795486141805,
                1.020365553648507
            ],
            "11.18 s to 12.46 s": [
                1.6013787467779692,
                0.38611573202490485,
                0.8727510493554489,
                0.17430196521892427
            ]
        }
    },
    "ego_interaction": {
        "1.81 s to 1.93 s": {
            "mode": "free",
            "start-end coordinates": [
                0.24960121302305527,
                1.2973170801687044,
                0.04838472490785574,
                0.6045766459688455
            ]
        },
        "1.93 s to 3.02 s": {
            "mode": "attached to obj2",
            "start-end coordinates": [
                0.04838472490785574,
                0.6045766459688455,
                1.31083749396421,
                1.574601996029902
            ]
        },
        "3.02 s to 2.98 s": {
            "mode": "free",
            "start-end coordinates": [
                1.31083749396421,
                1.574601996029902,
                1.2643777831932113,
                1.5744747560473444
            ]
        },
        "11.13 s to 11.14 s": {
            "mode": "free",
            "start-end coordinates": [
                1.3991709948885722,
                1.2785006368182483,
                1.3854292766684821,
                1.2779099569488264
            ]
        },
        "11.13 s to 11.18 s": {
            "mode": "free",
            "start-end coordinates": [
                1.3991709948885722,
                1.2785006368182483,
                1.096903128383861,
                1.3182711024723397
            ]
        },
        "11.14 s to 12.51 s": {
            "mode": "attached to box1",
            "start-end coordinates": [
                1.3854292766684821,
                1.2779099569488264,
                0.14029974869826248,
                0.8858503025566161
            ]
        },
        "11.18 s to 12.46 s": {
            "mode": "attached to obj2",
            "start-end coordinates": [
                1.096903128383861,
                1.3182711024723397,
                0.1159214772483209,
                0.8323838671122674
            ]
        },
        "12.46 s to 12.48 s": {
            "mode": "free",
            "start-end coordinates": [
                0.1159214772483209,
                0.8323838671122674,
                0.1293774466813307,
                0.8594123724895164
            ]
        },
        "12.51 s to 12.48 s": {
            "mode": "free",
            "start-end coordinates": [
                0.14029974869826248,
                0.8858503025566161,
                0.1293774466813307,
                0.8594123724895164
            ]
        }
    }
}