{
    "moved_objects": [
        "ego",
        "box1",
        "obj1",
        "obj2"
    ],
    "interactions": {
        "ego": {
            "4.32 s to 6.05 s": [
                0.17593579709749305,
                1.2116950638286377,
                -0.21005142033359572,
                -0.0023853334844113148
            ]
        },
        "box1": {
            "4.99 s to 6.1 s": [
                1.5147494706412385,
                -0.0003711961830784069,
                1.4565994851485846,
                1.1233643692391937
            ]
        },
        "obj1": {
            "4.77 s to 5.97 s": [
                -0.995185233332624,
                -1.1104858994968516,
                -0.6888292859978623,
                -1.0186341681580688
            ]
        },
        "obj2": {
            "3.65 s to 3.77 s": [
                -0.00415855946338515,
                1.1189483213939597,
                0.07152059179743701,
                1.0637285584209661
            ],
            "4.41 s to 5.97 s": [
                -0.013355039560305915,
                0.8432085258377556,
                1.0283063555462204,
                0.4693669775448561
            ]
        }
    },
    "ego_interaction": {
        "4.32 s to 4.99 s": {
            "mode": "free",
            "start-end coordinates": [
                0.17593579709749305,
                1.2116950638286377,
                -0.8707358870819716,
                -0.1671258188152242
            ]
        },
        "4.32 s to 4.77 s": {
            "mode": "free",
            "start-end coordinates": [
                0.17593579709749305,
                1.2116950638286377,
                -0.05563936447837567,
                0.05157312218728511
            ]
        },
        "4.32 s to 4.41 s": {
            "mode": "free",
            "start-end coordinates": [
                0.17593579709749305,
                1.2116950638286377,
                0.1493327230572335,
                1.0578426733910564
            ]
        },
        "4.41 s to 5.97 s": {
            "mode": "attached to obj2",
            "start-end coordinates": [
                0.1493327230572335,
                1.0578426733910564,
                -0.17403222253024792,
                0.045659336553842286
            ]
        },
        "4.77 s to 5.97 s": {
            "mode": "attached to obj1",
            "start-end coordinates": [
                -0.05563936447837567,
                0.05157312218728511,
                -0.17403222253024792,
                0.045659336553842286
            ]
        },
        "4.99 s to 6.1 s": {
            "mode": "attached to box1",
            "start-end coordinates": [
                -0.8707358870819716,
                -0.1671258188152242,
                -0.25108073209611165,
                -0.053685946023953754
            ]
        },
        "5.97 s to 6.05 s": {
            "mode": "free",
            "start-end coordinates": [
                -0.17403222253024792,
                0.045659336553842286,
                -0.21005142033359572,
                -0.0023853334844113148
            ]
        },
        "6.1 s to 6.05 s": {
            "mode": "free",
            "start-end coordinates": [
                -0.25108073209611165,
                -0.053685946023953754,
                -0.21005142033359572,
                -0.0023853334844113148
            ]
        }
    }
}