{
    "moved_objects": [
        "ego",
        "box1",
        "obj1",
        "obj2"
    ],
    "interactions": {
        "ego": {
            "0.04 s to 2.9 s": [
                1.0130659136538553,
                1.4981333229491123,
                -1.1147481833990684,
                -0.7233894409646172
            ],
            "3.53 s to 5.79 s": [
                -0.9449205883552629,
                -0.5869986016053204,
                -0.14135875764508293,
                -0.42355356650624565
            ],
            "7.16 s to 8.3 s": [
                -0.11650282221167774,
                -0.3051568123946384,
                -0.2562430686830094,
                0.18989400745752827
            ]
        },
        "box1": {
            "7.16 s to 8.36 s": [
                1.5843690594481104,
                0.15419916252743604,
                1.5674614775053164,
                0.8233398803599403
            ]
        },
        "obj1": {
            "0.31 s to 2.98 s": [
                -1.0145399256135512,
                -1.1285688604318005,
                -0.20029839541235975,
                -0.8290233482542647
            ],
            "3.59 s to 5.97 s": [
                -0.12044515290021197,
                -0.80365939196557,
                1.1771207409396511,
                -0.46998353918581703
            ]
        },
        "obj2": {
            "0.22 s to 2.93 s": [
                -0.03187934838799197,
                1.0135030669242668,
                -0.8486686782356252,
                -0.4201030286071863
            ],
            "3.57 s to 5.96 s": [
                -0.8405068362632527,
                -0.21634614986271197,
                0.6455204214133555,
                -0.4103210564885011
            ]
        }
    },
    "ego_interaction": {
        "0.04 s to 0.31 s": {
            "mode": "free",
            "start-end coordinates": [
                1.0130659136538553,
                1.4981333229491123,
                -0.10727664047305079,
                0.26786153784089817
            ]
        },
        "0.04 s to 0.22 s": {
            "mode": "free",
            "start-end coordinates": [
                1.0130659136538553,
                1.4981333229491123,
                0.30076780201539227,
                1.312871110194936
            ]
        },
        "0.22 s to 2.93 s": {
            "mode": "attached to obj2",
            "start-end coordinates": [
                0.30076780201539227,
                1.312871110194936,
                -1.1930381962609626,
                -0.7699974600694873
            ]
        },
        "0.31 s to 2.98 s": {
            "mode": "attached to obj1",
            "start-end coordinates": [
                -0.10727664047305079,
                0.26786153784089817,
                -1.0856560884736521,
                -0.7988689906299649
            ]
        },
        "2.93 s to 2.9 s": {
            "mode": "free",
            "start-end coordinates": [
                -1.1930381962609626,
                -0.7699974600694873,
                -1.1147481833990684,
                -0.7233894409646172
            ]
        },
        "2.98 s to 2.9 s": {
            "mode": "free",
            "start-end coordinates": [
                -1.0856560884736521,
                -0.7988689906299649,
                -1.1147481833990684,
                -0.7233894409646172
            ]
        },
        "3.53 s to 3.59 s": {
            "mode": "free",
            "start-end coordinates": [
                -0.9449205883552629,
                -0.5869986016053204,
                -1.038878005637626,
                -0.1990425655592013
            ]
        },
        "3.53 s to 3.57 s": {
            "mode": "free",
            "start-end coordinates": [
                -0.9449205883552629,
                -0.5869986016053204,
                -0.9858410178885877,
                -0.22495396655778685
            ]
        },
        "3.57 s to 5.96 s": {
            "mode": "attached to obj2",
            "start-end coordinates": [
                -0.9858410178885877,
                -0.22495396655778685,
                -0.11420192285272121,
                -0.46346362336536673
            ]
        },
        "3.59 s to 5.97 s": {
            "mode": "attached to obj1",
            "start-end coordinates": [
                -1.038878005637626,
                -0.1990425655592013,
                -0.10950465347338258,
                -0.46676234373724307
            ]
        },
        "5.96 s to 5.79 s": {
            "mode": "free",
            "start-end coordinates": [
                -0.11420192285272121,
                -0.46346362336536673,
                -0.14135875764508293,
                -0.42355356650624565
            ]
        },
        "5.97 s to 5.79 s": {
            "mode": "free",
            "start-end coordinates": [
                -0.10950465347338258,
                -0.46676234373724307,
                -0.14135875764508293,
                -0.42355356650624565
            ]
        },
        "7.16 s to 7.16 s": {
            "mode": "free",
            "start-end coordinates": [
                -0.11650282221167774,
                -0.3051568123946384,
                -0.11650282221167774,
                -0.3051568123946384
            ]
        },
        "7.16 s to 8.36 s": {
            "mode": "attached to box1",
            "start-end coordinates": [
                -0.11650282221167774,
                -0.3051568123946384,
                -0.18880241398173023,
                0.17155875523661668
            ]
        },
        "8.36 s to 8.3 s": {
            "mode": "free",
            "start-end coordinates": [
                -0.18880241398173023,
                0.17155875523661668,
                -0.2562430686830094,
                0.18989400745752827
            ]
        }
    }
}