{
    "moved_objects": [
        "ego",
        "box1",
        "obj2"
    ],
    "interactions": {
        "ego": {
            "1.5 s to 3.62 s": [
                1.4115885978994807,
                1.3256657793626403,
                1.0259984473356056,
                1.1310553643820012
            ],
            "7.42 s to 8.92 s": [
                0.8122911935653387,
                0.9532859055163326,
                0.46502557274689266,
                1.2386722507775447
            ],
            "10.79 s to 13.5 s": [
                0.48520728194170326,
                1.0650874513737456,
                0.5825549899176409,
                1.2499730237311877
            ],
            "14.77 s to 15.19 s": [
                0.5671623997243282,
                1.2521182149807581,
                0.8275247576567778,
                1.1140227761033616
            ],
            "15.79 s to 17.45 s": [
                0.6227935299401041,
                1.1135389382660106,
                0.8254952150553272,
                1.1186227290944004
            ]
        },
        "box1": {
            "14.67 s to 17.31 s": [
                -0.4887727169062238,
                0.04898602734263152,
                -0.4608348744092988,
                0.2257652838593658
            ]
        },
        "obj2": {
            "2.95 s to 3.64 s": [
                1.034623160917318,
                0.7425467194346252,
                0.832245107558375,
                0.4628123306976786
            ],
            "4.73 s to 5.0 s": [
                0.831977606255688,
                0.310534763394948,
                0.8306732954104072,
                0.4302347860995611
            ],
            "6.06 s to 6.33 s": [
                0.9000599829340475,
                0.3387422098851006,
                0.7918717289330849,
                0.299981170215546
            ],
            "7.43 s to 8.31 s": [
                0.7099490265195719,
                0.261386277974052,
                0.6231532392118794,
                0.4889196653470258
            ],
            "10.8 s to 13.5 s": [
                0.4773944924911167,
                0.264657303712504,
                0.5514343265919068,
                0.38134398831847666
            ],
            "15.69 s to 17.47 s": [
                0.5473630209296316,
                0.25245254996748867,
                0.76961816902074,
                -0.05963362423197431
            ]
        }
    },
    "ego_interaction": {
        "1.5 s to 2.95 s": {
            "mode": "free",
            "start-end coordinates": [
                1.4115885978994807,
                1.3256657793626403,
                1.0552035086048719,
                1.516837157670916
            ]
        },
        "2.95 s to 3.64 s": {
            "mode": "attached to obj2",
            "start-end coordinates": [
                1.0552035086048719,
                1.516837157670916,
                1.0187548489746252,
                1.1190011021023365
            ]
        },
        "3.64 s to 3.62 s": {
            "mode": "free",
            "start-end coordinates": [
                1.0187548489746252,
                1.1190011021023365,
                1.0259984473356056,
                1.1310553643820012
            ]
        },
        "7.42 s to 7.43 s": {
            "mode": "free",
            "start-end coordinates": [
                0.8122911935653387,
                0.9532859055163326,
                0.8183362925332476,
                0.9492340378781166
            ]
        },
        "7.43 s to 8.31 s": {
            "mode": "attached to obj2",
            "start-end coordinates": [
                0.8183362925332476,
                0.9492340378781166,
                0.6346368920482487,
                1.2500478142159739
            ]
        },
        "8.31 s to 8.92 s": {
            "mode": "free",
            "start-end coordinates": [
                0.6346368920482487,
                1.2500478142159739,
                0.46502557274689266,
                1.2386722507775447
            ]
        },
        "10.79 s to 10.8 s": {
            "mode": "free",
            "start-end coordinates": [
                0.48520728194170326,
                1.0650874513737456,
                0.4939905945591737,
                1.0643849910159802
            ]
        },
        "10.8 s to 13.5 s": {
            "mode": "attached to obj2",
            "start-end coordinates": [
                0.4939905945591737,
                1.0643849910159802,
                0.5825549899176409,
                1.2499730237311877
            ]
        },
        "13.5 s to 13.5 s": {
            "mode": "free",
            "start-end coordinates": [
                0.5825549899176409,
                1.2499730237311877,
                0.5825549899176409,
                1.2499730237311877
            ]
        },
        "14.67 s to 17.31 s": {
            "mode": "attached to box1",
            "start-end coordinates": [
                0.5592076651080677,
                1.210843895082592,
                0.8154966845843129,
                1.1704702528226507
            ]
        },
        "14.77 s to 14.67 s": {
            "mode": "free",
            "start-end coordinates": [
                0.5671623997243282,
                1.2521182149807581,
                0.5592076651080677,
                1.210843895082592
            ]
        },
        "15.69 s to 17.47 s": {
            "mode": "attached to obj2",
            "start-end coordinates": [
                0.6202063391437608,
                1.0884458554095555,
                0.830258092920996,
                1.1075304730675777
            ]
        },
        "15.79 s to 14.67 s": {
            "mode": "free",
            "start-end coordinates": [
                0.6227935299401041,
                1.1135389382660106,
                0.5592076651080677,
                1.210843895082592
            ]
        },
        "15.79 s to 15.69 s": {
            "mode": "free",
            "start-end coordinates": [
                0.6227935299401041,
                1.1135389382660106,
                0.6202063391437608,
                1.0884458554095555
            ]
        },
        "17.31 s to 15.19 s": {
            "mode": "free",
            "start-end coordinates": [
                0.8154966845843129,
                1.1704702528226507,
                0.8275247576567778,
                1.1140227761033616
            ]
        },
        "17.31 s to 17.45 s": {
            "mode": "free",
            "start-end coordinates": [
                0.8154966845843129,
                1.1704702528226507,
                0.8254952150553272,
                1.1186227290944004
            ]
        },
        "17.47 s to 17.45 s": {
            "mode": "free",
            "start-end coordinates": [
                0.830258092920996,
                1.1075304730675777,
                0.8254952150553272,
                1.1186227290944004
            ]
        }
    }
}