{
    "moved_objects": [
        "ego"
    ],
    "interactions": {
        "ego": {
            "1.5 s to 3.62 s": [
                1.4115885978994807,
                1.3256657793626403,
                1.0259984473356056,
                1.1310553643820012
            ],
            "7.42 s to 8.92 s": [
                0.8122911935653387,
                0.9532859055163326,
                0.46502557274689266,
                1.2386722507775447
            ]
        }
    },
    "ego_interaction": {}
}