{
    "moved_objects": [
        "ego",
        "box1",
        "obj1",
        "obj2"
    ],
    "interactions": {
        "ego": {
            "1.64 s to 1.99 s": [
                1.2982152779623624,
                1.4433498049450342,
                1.3391840612863855,
                1.529388734823591
            ],
            "3.74 s to 4.28 s": [
                1.0901734728037809,
                1.488253959567883,
                0.9629056280767232,
                1.3132748830361582
            ],
            "6.49 s to 7.68 s": [
                0.8494444293901874,
                0.9436580873446792,
                0.5074769303092155,
                1.091955822951849
            ],
            "9.19 s to 9.46 s": [
                0.9542647583360192,
                0.943921747119437,
                0.8686919752618383,
                0.9108114313803806
            ],
            "10.15 s to 13.78 s": [
                0.640459674970423,
                0.9557205510441035,
                0.4665789193289778,
                0.9780421783984052
            ],
            "14.39 s to 14.54 s": [
                0.41375076649182574,
                0.929709383273114,
                0.5977361593163397,
                0.9295486417606575
            ],
            "15.33 s to 16.0 s": [
                0.5209234762363689,
                0.953041215633764,
                0.8585723361789264,
                1.0351653594957835
            ]
        },
        "box1": {
            "10.46 s to 16.09 s": [
                -0.49544733404368624,
                0.01794098694743951,
                -0.640400400077524,
                0.27330151554082677
            ]
        },
        "obj1": {
            "10.46 s to 14.58 s": [
                -0.3537444303042112,
                -0.34514608273131436,
                -0.9062338845522881,
                -0.3414306537461656
            ],
            "15.35 s to 15.94 s": [
                -0.9109447016649868,
                -0.3365049203853164,
                -1.0021069390406805,
                -0.28408993633339225
            ]
        },
        "obj2": {
            "3.74 s to 4.29 s": [
                0.9642520456956486,
                0.7512604061813897,
                0.8465761747823193,
                0.5573502097312789
            ],
            "9.19 s to 9.46 s": [
                0.9893722582295139,
                0.21120425758987024,
                0.7962218383222159,
                0.10840707212574717
            ],
            "10.13 s to 13.78 s": [
                0.5927884745849258,
                0.1286205529064163,
                0.17227495873106236,
                0.28330885083570695
            ],
            "15.31 s to 15.93 s": [
                0.22605035959044395,
                0.15101240630108864,
                0.2886203944756818,
                0.20475722287675713
            ]
        }
    },
    "ego_interaction": {
        "3.74 s to 3.74 s": {
            "mode": "free",
            "start-end coordinates": [
                1.0901734728037809,
                1.488253959567883,
                1.0901734728037809,
                1.488253959567883
            ]
        },
        "3.74 s to 4.29 s": {
            "mode": "attached to obj2",
            "start-end coordinates": [
                1.0901734728037809,
                1.488253959567883,
                0.9659724281522701,
                1.3024214064531516
            ]
        },
        "4.29 s to 4.28 s": {
            "mode": "free",
            "start-end coordinates": [
                0.9659724281522701,
                1.3024214064531516,
                0.9629056280767232,
                1.3132748830361582
            ]
        },
        "9.19 s to 9.19 s": {
            "mode": "free",
            "start-end coordinates": [
                0.9542647583360192,
                0.943921747119437,
                0.9542647583360192,
                0.943921747119437
            ]
        },
        "9.19 s to 9.46 s": {
            "mode": "attached to obj2",
            "start-end coordinates": [
                0.9542647583360192,
                0.943921747119437,
                0.8686919752618383,
                0.9108114313803806
            ]
        },
        "9.46 s to 9.46 s": {
            "mode": "free",
            "start-end coordinates": [
                0.8686919752618383,
                0.9108114313803806,
                0.8686919752618383,
                0.9108114313803806
            ]
        },
        "10.13 s to 13.78 s": {
            "mode": "attached to obj2",
            "start-end coordinates": [
                0.6547482997924339,
                0.9399366150325803,
                0.4665789193289778,
                0.9780421783984052
            ]
        },
        "10.15 s to 10.46 s": {
            "mode": "free",
            "start-end coordinates": [
                0.640459674970423,
                0.9557205510441035,
                0.5553088665766939,
                1.1287122723879794
            ]
        },
        "10.15 s to 10.13 s": {
            "mode": "free",
            "start-end coordinates": [
                0.640459674970423,
                0.9557205510441035,
                0.6547482997924339,
                0.9399366150325803
            ]
        },
        "10.46 s to 16.09 s": {
            "mode": "attached to box1",
            "start-end coordinates": [
                0.5553088665766939,
                1.1287122723879794,
                0.9419690975131456,
                1.040367732628155
            ]
        },
        "10.46 s to 14.58 s": {
            "mode": "attached to obj1",
            "start-end coordinates": [
                0.5553088665766939,
                1.1287122723879794,
                0.5607478044916073,
                0.9361244625289307
            ]
        },
        "13.78 s to 13.78 s": {
            "mode": "free",
            "start-end coordinates": [
                0.4665789193289778,
                0.9780421783984052,
                0.4665789193289778,
                0.9780421783984052
            ]
        },
        "14.39 s to 10.46 s": {
            "mode": "free",
            "start-end coordinates": [
                0.41375076649182574,
                0.929709383273114,
                0.5553088665766939,
                1.1287122723879794
            ]
        },
        "14.58 s to 13.78 s": {
            "mode": "free",
            "start-end coordinates": [
                0.5607478044916073,
                0.9361244625289307,
                0.4665789193289778,
                0.9780421783984052
            ]
        },
        "14.58 s to 14.54 s": {
            "mode": "free",
            "start-end coordinates": [
                0.5607478044916073,
                0.9361244625289307,
                0.5977361593163397,
                0.9295486417606575
            ]
        },
        "15.31 s to 15.93 s": {
            "mode": "attached to obj2",
            "start-end coordinates": [
                0.5046103433249802,
                0.9416437411110707,
                0.7509643683191592,
                0.9806396365744691
            ]
        },
        "15.33 s to 10.46 s": {
            "mode": "free",
            "start-end coordinates": [
                0.5209234762363689,
                0.953041215633764,
                0.5553088665766939,
                1.1287122723879794
            ]
        },
        "15.33 s to 15.35 s": {
            "mode": "free",
            "start-end coordinates": [
                0.5209234762363689,
                0.953041215633764,
                0.5386942556651861,
                0.9737112106655613
            ]
        },
        "15.33 s to 15.31 s": {
            "mode": "free",