{
    "moved_objects": [
        "obj1",
        "obj2"
    ],
    "interactions": {
        "obj1": {
            "10.46 s to 14.58 s": [
                -0.3537444303042112,
                -0.34514608273131436,
                -0.9062338845522881,
                -0.3414306537461656
            ]
        },
        "obj2": {
            "10.13 s to 13.78 s": [
                0.5927884745849258,
                0.1286205529064163,
                0.17227495873106236,
                0.28330885083570695
            ]
        }
    },
    "ego_interaction": {}
}