{
    "moved_objects": [
        "ego",
        "obj1",
        "obj2"
    ],
    "interactions": {
        "ego": {
            "5.26 s to 6.57 s": [
                0.9317136727233521,
                -1.6515842976640474,
                -0.3368687125042598,
                -1.381068551480143
            ]
        },
        "obj1": {
            "1.55 s to 3.84 s": [
                -0.9873421313998497,
                -1.4842229684414112,
                -1.2972268121604034,
                1.4307407240751295
            ]
        },
        "obj2": {
            "5.31 s to 6.57 s": [
                1.3312011599170122,
                -1.4357071984342602,
                -0.04423499151527626,
                -1.1225526473239817
            ],
            "7.75 s to 8.22 s": [
                -0.0767821778198599,
                -0.9096417397512577,
                0.00038995149585671727,
                -0.36025401673177737
            ]
        }
    },
    "ego_interaction": {
        "5.26 s to 5.31 s": {
            "mode": "free",
            "start-end coordinates": [
                0.9317136727233521,
                -1.6515842976640474,
                1.0622137715657063,
                -1.6101664519652776
            ]
        },
        "5.31 s to 6.57 s": {
            "mode": "attached to obj2",
            "start-end coordinates": [
                1.0622137715657063,
                -1.6101664519652776,
                -0.3368687125042598,
                -1.381068551480143
            ]
        },
        "6.57 s to 6.57 s": {
            "mode": "free",
            "start-end coordinates": [
                -0.3368687125042598,
                -1.381068551480143,
                -0.3368687125042598,
                -1.381068551480143
            ]
        }
    }
}