{
    "moved_objects": [
        "ego",
        "obj1",
        "obj2"
    ],
    "interactions": {
        "ego": {
            "1.24 s to 4.58 s": [
                0.05331898957367348,
                -1.6132484780609864,
                -0.0736625141585519,
                -1.678137478833794
            ],
            "5.62 s to 6.81 s": [
                -0.04164343209001276,
                -1.4517500781056538,
                0.1211226683465932,
                -1.4740763118879894
            ],
            "9.82 s to 10.09 s": [
                0.0037270896256188157,
                -1.579033402212131,
                0.0628546410653972,
                -1.384159601057235
            ]
        },
        "obj1": {
            "6.06 s to 6.83 s": [
                -0.9837497225085619,
                -1.497573246219547,
                -0.16499522213360807,
                -1.3010353261607133
            ],
            "9.78 s to 11.32 s": [
                0.051326843834147894,
                -1.0281913323770198,
                0.19476431237089004,
                0.8306241991916657
            ]
        },
        "obj2": {
            "1.67 s to 4.58 s": [
                1.046243196102506,
                -1.4906146538054679,
                0.020514063410253757,
                -1.1564904723444376
            ],
            "5.49 s to 6.34 s": [
                0.04769696754970261,
                -0.8276328819314466,
                0.06720479589257292,
                0.11291770780291639
            ]
        }
    },
    "ego_interaction": {
        "1.24 s to 1.67 s": {
            "mode": "free",
            "start-end coordinates": [
                0.05331898957367348,
                -1.6132484780609864,
                0.5774535625524044,
                -1.6516099595556444
            ]
        },
        "1.67 s to 4.58 s": {
            "mode": "attached to obj2",
            "start-end coordinates": [
                0.5774535625524044,
                -1.6516099595556444,
                -0.0736625141585519,
                -1.678137478833794
            ]
        },
        "4.58 s to 4.58 s": {
            "mode": "free",
            "start-end coordinates": [
                -0.0736625141585519,
                -1.678137478833794,
                -0.0736625141585519,
                -1.678137478833794
            ]
        },
        "5.49 s to 6.34 s": {
            "mode": "attached to obj2",
            "start-end coordinates": [
                -0.020414782497342535,
                -1.4583984415556372,
                -0.6543234683945282,
                -1.6671024941304804
            ]
        },
        "5.62 s to 6.06 s": {
            "mode": "free",
            "start-end coordinates": [
                -0.04164343209001276,
                -1.4517500781056538,
                -0.20652283144286898,
                -1.570740181340895
            ]
        },
        "5.62 s to 5.49 s": {
            "mode": "free",
            "start-end coordinates": [
                -0.04164343209001276,
                -1.4517500781056538,
                -0.020414782497342535,
                -1.4583984415556372
            ]
        },
        "6.06 s to 6.83 s": {
            "mode": "attached to obj1",
            "start-end coordinates": [
                -0.20652283144286898,
                -1.570740181340895,
                0.1361793429676767,
                -1.4679715383033491
            ]
        },
        "6.34 s to 6.81 s": {
            "mode": "free",
            "start-end coordinates": [
                -0.6543234683945282,
                -1.6671024941304804,
                0.1211226683465932,
                -1.4740763118879894
            ]
        },
        "6.83 s to 6.81 s": {
            "mode": "free",
            "start-end coordinates": [
                0.1361793429676767,
                -1.4679715383033491,
                0.1211226683465932,
                -1.4740763118879894
            ]
        },
        "9.78 s to 11.32 s": {
            "mode": "attached to obj1",
            "start-end coordinates": [
                0.0011251880981863202,
                -1.6169414240479125,
                0.05747244853377398,
                -1.5227519765884816
            ]
        },
        "9.82 s to 9.78 s": {
            "mode": "free",
            "start-end coordinates": [
                0.0037270896256188157,
                -1.579033402212131,
                0.0011251880981863202,
                -1.6169414240479125
            ]
        },
        "11.32 s to 10.09 s": {
            "mode": "free",
            "start-end coordinates": [
                0.05747244853377398,
                -1.5227519765884816,
                0.0628546410653972,
                -1.384159601057235
            ]
        }
    }
}