{
    "moved_objects": [
        "ego",
        "box1",
        "obj1"
    ],
    "interactions": {
        "ego": {
            "1.89 s to 2.68 s": [
                -0.7384522437629167,
                -1.5806847544791083,
                0.1519012482791991,
                -1.4291213521965789
            ],
            "3.47 s to 5.05 s": [
                0.38339607766802997,
                -1.4054812025586623,
                -0.08655275313407758,
                -1.5258499588871595
            ]
        },
        "box1": {
            "4.65 s to 5.42 s": [
                0.0011033229813136962,
                0.507911335871318,
                -0.025777733050754315,
                1.221583230425581
            ]
        },
        "obj1": {
            "1.9 s to 2.65 s": [
                -1.1628638843750188,
                -1.4713808706055873,
                -0.21945708454631602,
                -1.3406964177326195
            ],
            "4.28 s to 5.36 s": [
                -0.0258443537557903,
                -1.2098278849655542,
                -0.057986388134891986,
                1.4695460358694534
            ]
        }
    },
    "ego_interaction": {
        "1.89 s to 1.9 s": {
            "mode": "free",
            "start-end coordinates": [
                -0.7384522437629167,
                -1.5806847544791083,
                -0.7489130105987911,
                -1.5787385711942112
            ]
        },
        "1.9 s to 2.65 s": {
            "mode": "attached to obj1",
            "start-end coordinates": [
                -0.7489130105987911,
                -1.5787385711942112,
                0.11994728716760558,
                -1.4349601481769245
            ]
        },
        "2.65 s to 2.68 s": {
            "mode": "free",
            "start-end coordinates": [
                0.11994728716760558,
                -1.4349601481769245,
                0.1519012482791991,
                -1.4291213521965789
            ]
        },
        "3.47 s to 4.65 s": {
            "mode": "free",
            "start-end coordinates": [
                0.38339607766802997,
                -1.4054812025586623,
                -0.05246068200371336,
                -1.3934220844282097
            ]
        },
        "3.47 s to 4.28 s": {
            "mode": "free",
            "start-end coordinates": [
                0.38339607766802997,
                -1.4054812025586623,
                0.08044147622188108,
                -1.630687665172128
            ]
        },
        "4.28 s to 5.36 s": {
            "mode": "attached to obj1",
            "start-end coordinates": [
                0.08044147622188108,
                -1.630687665172128,
                -0.0813366162903536,
                -1.5434854320845435
            ]
        },
        "4.65 s to 5.42 s": {
            "mode": "attached to box1",
            "start-end coordinates": [
                -0.05246068200371336,
                -1.3934220844282097,
                -0.08397203443311575,
                -1.5441933608023597
            ]
        },
        "5.36 s to 5.05 s": {
            "mode": "free",
            "start-end coordinates": [
                -0.0813366162903536,
                -1.5434854320845435,
                -0.08655275313407758,
                -1.5258499588871595
            ]
        },
        "5.42 s to 5.05 s": {
            "mode": "free",
            "start-end coordinates": [
                -0.08397203443311575,
                -1.5441933608023597,
                -0.08655275313407758,
                -1.5258499588871595
            ]
        }
    }
}