{
    "moved_objects": [
        "obj1",
        "obj2"
    ],
    "interactions": {
        "obj1": {
            "6.06 s to 6.83 s": [
                -0.9837497225085619,
                -1.497573246219547,
                -0.16499522213360807,
                -1.3010353261607133
            ],
            "9.78 s to 11.32 s": [
                0.051326843834147894,
                -1.0281913323770198,
                0.19476431237089004,
                0.8306241991916657
            ]
        },
        "obj2": {
            "1.67 s to 4.58 s": [
                1.046243196102506,
                -1.4906146538054679,
                0.020514063410253757,
                -1.1564904723444376
            ],
            "5.49 s to 6.34 s": [
                0.04769696754970261,
                -0.8276328819314466,
                0.06720479589257292,
                0.11291770780291639
            ]
        }
    },
    "ego_interaction": {}
}