{
    "moved_objects": [
        "ego",
        "obj1",
        "obj2"
    ],
    "interactions": {
        "ego": {
            "0.21 s to 3.84 s": [
                0.09207720696140811,
                -1.526282805448381,
                0.3039823003844191,
                -1.4897234698210942
            ],
            "5.26 s to 6.57 s": [
                0.9317136727233521,
                -1.6515842976640474,
                -0.3368687125042598,
                -1.381068551480143
            ]
        },
        "obj1": {
            "1.55 s to 3.84 s": [
                -0.9873421313998497,
                -1.4842229684414112,
                -1.2972268121604034,
                1.4307407240751295
            ]
        },
        "obj2": {
            "2.68 s to 3.79 s": [
                0.8927660709965934,
                -1.43877337699036,
                1.0109792601334007,
                -1.4888781243039195
            ],
            "5.31 s to 6.57 s": [
                1.3312011599170122,
                -1.4357071984342602,
                -0.04423499151527626,
                -1.1225526473239817
            ],
            "7.75 s to 8.22 s": [
                -0.0767821778198599,
                -0.9096417397512577,
                0.00038995149585671727,
                -0.36025401673177737
            ]
        }
    },
    "ego_interaction": {
        "0.21 s to 1.55 s": {
            "mode": "free",
            "start-end coordinates": [
                0.09207720696140811,
                -1.526282805448381,
                -0.582302849927619,
                -1.653608117459191
            ]
        },
        "0.21 s to 2.68 s": {
            "mode": "free",
            "start-end coordinates": [
                0.09207720696140811,
                -1.526282805448381,
                -0.5062732821143469,
                -1.576928857158779
            ]
        },
        "1.55 s to 3.84 s": {
            "mode": "attached to obj1",
            "start-end coordinates": [
                -0.582302849927619,
                -1.653608117459191,
                0.3039823003844191,
                -1.4897234698210942
            ]
        },
        "2.68 s to 3.79 s": {
            "mode": "attached to obj2",
            "start-end coordinates": [
                -0.5062732821143469,
                -1.576928857158779,
                0.18872424947890964,
                -1.4542123402672105
            ]
        },
        "3.79 s to 3.84 s": {
            "mode": "free",
            "start-end coordinates": [
                0.18872424947890964,
                -1.4542123402672105,
                0.3039823003844191,
                -1.4897234698210942
            ]
        },
        "3.84 s to 3.84 s": {
            "mode": "free",
            "start-end coordinates": [
                0.3039823003844191,
                -1.4897234698210942,
                0.3039823003844191,
                -1.4897234698210942
            ]
        },
        "5.26 s to 5.31 s": {
            "mode": "free",
            "start-end coordinates": [
                0.9317136727233521,
                -1.6515842976640474,
                1.0622137715657063,
                -1.6101664519652776
            ]
        },
        "5.31 s to 6.57 s": {
            "mode": "attached to obj2",
            "start-end coordinates": [
                1.0622137715657063,
                -1.6101664519652776,
                -0.3368687125042598,
                -1.381068551480143
            ]
        },
        "6.57 s to 6.57 s": {
            "mode": "free",
            "start-end coordinates": [
                -0.3368687125042598,
                -1.381068551480143,
                -0.3368687125042598,
                -1.381068551480143
            ]
        }
    }
}