{
    "moved_objects": [
        "ego",
        "obj1",
        "obj2"
    ],
    "interactions": {
        "ego": {
            "0.71 s to 4.37 s": [
                0.009895088405763563,
                -1.4128541575906257,
                -0.0334324903454971,
                -1.519085734506369
            ],
            "6.85 s to 7.46 s": [
                0.7107514560496417,
                -1.5784941267647288,
                -0.2752274491301638,
                -1.4640414031728948
            ],
            "8.28 s to 8.49 s": [
                -0.4640052786515763,
                -1.3939357290580257,
                -0.583507823974262,
                -1.5449653799499141
            ],
            "10.16 s to 11.61 s": [
                -0.17292090817718295,
                -1.6970724643187467,
                -0.07446126672881008,
                -1.6934911256313645
            ]
        },
        "obj1": {
            "1.22 s to 2.67 s": [
                -1.0895488412317986,
                -1.488673449661361,
                0.0743271258834313,
                -1.3516383721513479
            ],
            "4.08 s to 5.84 s": [
                -0.15766679390665672,
                -1.195953645850011,
                0.756274714275177,
                1.4171664412454175
            ]
        },
        "obj2": {
            "3.3 s to 3.42 s": [
                1.0250531046484326,
                -1.5086284011439786,
                1.161045188942775,
                -1.5413856122737093
            ],
            "6.85 s to 8.49 s": [
                1.1177538056321799,
                -1.5277664511862779,
                -0.156350296550624,
                -1.3065764805869478
            ]
        }
    },
    "ego_interaction": {
        "0.71 s to 1.22 s": {
            "mode": "free",
            "start-end coordinates": [
                0.009895088405763563,
                -1.4128541575906257,
                -0.7256915990452798,
                -1.5386078026692496
            ]
        },
        "0.71 s to 4.08 s": {
            "mode": "free",
            "start-end coordinates": [
                0.009895088405763563,
                -1.4128541575906257,
                -0.09982587226907809,
                -1.702051961133501
            ]
        },
        "0.71 s to 3.3 s": {
            "mode": "free",
            "start-end coordinates": [
                0.009895088405763563,
                -1.4128541575906257,
                0.3852699887675076,
                -1.416547406022169
            ]
        },
        "1.22 s to 2.67 s": {
            "mode": "attached to obj1",
            "start-end coordinates": [
                -0.7256915990452798,
                -1.5386078026692496,
                0.2059706674094775,
                -1.4049992935376303
            ]
        },
        "2.67 s to 4.37 s": {
            "mode": "free",
            "start-end coordinates": [
                0.2059706674094775,
                -1.4049992935376303,
                -0.0334324903454971,
                -1.519085734506369
            ]
        },
        "3.3 s to 3.42 s": {
            "mode": "attached to obj2",
            "start-end coordinates": [
                0.3852699887675076,
                -1.416547406022169,
                0.3751382358293274,
                -1.6587462061533373
            ]
        },
        "3.42 s to 4.37 s": {
            "mode": "free",
            "start-end coordinates": [
                0.3751382358293274,
                -1.6587462061533373,
                -0.0334324903454971,
                -1.519085734506369
            ]
        },
        "4.08 s to 5.84 s": {
            "mode": "attached to obj1",
            "start-end coordinates": [
                -0.09982587226907809,
                -1.702051961133501,
                0.4602515559429891,
                -1.621623873804517
            ]
        },
        "5.84 s to 4.37 s": {
            "mode": "free",
            "start-end coordinates": [
                0.4602515559429891,
                -1.621623873804517,
                -0.0334324903454971,
                -1.519085734506369
            ]
        },
        "6.85 s to 6.85 s": {
            "mode": "free",
            "start-end coordinates": [
                0.7107514560496417,
                -1.5784941267647288,
                0.7107514560496417,
                -1.5784941267647288
            ]
        },
        "6.85 s to 8.49 s": {
            "mode": "attached to obj2",
            "start-end coordinates": [
                0.7107514560496417,
                -1.5784941267647288,
                -0.583507823974262,
                -1.5449653799499141
            ]
        },
        "8.28 s to 6.85 s": {
            "mode": "free",
            "start-end coordinates": [
                -0.4575145928569917,
                -1.3876218737661274,
                0.7107514560496417,
                -1.5784941267647288
            ]
        },
        "8.49 s to 7.46 s": {
            "mode": "free",
            "start-end coordinates": [
                -0.583507823974262,
                -1.5449653799499141,
                -0.2752274491301638,
                -1.4640414031728948
            ]
        },
        "8.49 s to 8.49 s": {
            "mode": "free",
            "start-end coordinates": [
                -0.583507823974262,
                -1.5449653799499141,
                -0.583507823974262,
                -1.5449653799499141
            ]
        }
    }
}