{
    "moved_objects": [
        "ego",
        "obj1",
        "obj2"
    ],
    "interactions": {
        "ego": {
            "6.85 s to 7.46 s": [
                0.7107514560496417,
                -1.5784941267647288,
                -0.2752274491301638,
                -1.4640414031728948
            ]
        },
        "obj1": {
            "1.22 s to 2.67 s": [
                -1.0895488412317986,
                -1.488673449661361,
                0.0743271258834313,
                -1.3516383721513479
            ],
            "4.08 s to 5.84 s": [
                -0.15766679390665672,
                -1.195953645850011,
                0.756274714275177,
                1.4171664412454175
            ]
        },
        "obj2": {
            "6.85 s to 8.49 s": [
                1.1177538056321799,
                -1.5277664511862779,
                -0.156350296550624,
                -1.3065764805869478
            ]
        }
    },
    "ego_interaction": {
        "6.85 s to 6.85 s": {
            "mode": "free",
            "start-end coordinates": [
                0.7107514560496417,
                -1.5784941267647288,
                0.7107514560496417,
                -1.5784941267647288
            ]
        },
        "6.85 s to 8.49 s": {
            "mode": "attached to obj2",
            "start-end coordinates": [
                0.7107514560496417,
                -1.5784941267647288,
                -0.583507823974262,
                -1.5449653799499141
            ]
        },
        "8.49 s to 7.46 s": {
            "mode": "free",
            "start-end coordinates": [
                -0.583507823974262,
                -1.5449653799499141,
                -0.2752274491301638,
                -1.4640414031728948
            ]
        }
    }
}