{
    "moved_objects": [
        "ego",
        "box1",
        "obj2"
    ],
    "interactions": {
        "ego": {
            "1.36 s to 2.78 s": [
                0.9437651653896564,
                1.5207255502624826,
                1.1035644349579143,
                1.5546163904366184
            ],
            "3.58 s to 6.14 s": [
                1.3283574711429411,
                1.3396882816650493,
                0.74754317032753,
                1.0067199521161223
            ],
            "6.71 s to 7.27 s": [
                0.6642705954132483,
                0.9726426412972502,
                0.5915594717577668,
                0.911290831730689
            ]
        },
        "box1": {
            "4.03 s to 6.02 s": [
                1.3308117752985829,
                1.1704841288264594,
                -0.046533069885438386,
                0.17162059321755496
            ],
            "6.76 s to 7.64 s": [
                -0.21131948249602603,
                0.1673389363341101,
                -0.3061082845174904,
                0.11950462102053562
            ]
        },
        "obj2": {
            "1.42 s to 2.78 s": [
                0.9918937975998361,
                0.8068944787769261,
                0.7941607014196467,
                1.0039566823837982
            ],
            "3.64 s to 6.14 s": [
                0.7095347554061455,
                1.02468872062166,
                0.5507887457126461,
                0.48736462337778336
            ],
            "6.75 s to 7.26 s": [
                0.523310327758547,
                0.4865419505467131,
                0.3260501668666528,
                0.27030509076192266
            ]
        }
    },
    "ego_interaction": {
        "1.36 s to 1.42 s": {
            "mode": "free",
            "start-end coordinates": [
                0.9437651653896564,
                1.5207255502624826,
                0.8904358297376654,
                1.5020551201366117
            ]
        },
        "1.42 s to 2.78 s": {
            "mode": "attached to obj2",
            "start-end coordinates": [
                0.8904358297376654,
                1.5020551201366117,
                1.1035644349579143,
                1.5546163904366184
            ]
        },
        "2.78 s to 2.78 s": {
            "mode": "free",
            "start-end coordinates": [
                1.1035644349579143,
                1.5546163904366184,
                1.1035644349579143,
                1.5546163904366184
            ]
        },
        "3.58 s to 4.03 s": {
            "mode": "free",
            "start-end coordinates": [
                1.3283574711429411,
                1.3396882816650493,
                1.3941431592376767,
                1.4549837477608403
            ]
        },
        "3.58 s to 3.64 s": {
            "mode": "free",
            "start-end coordinates": [
                1.3283574711429411,
                1.3396882816650493,
                1.2561377724691467,
                1.3719355070497525
            ]
        },
        "3.64 s to 6.14 s": {
            "mode": "attached to obj2",
            "start-end coordinates": [
                1.2561377724691467,
                1.3719355070497525,
                0.74754317032753,
                1.0067199521161223
            ]
        },
        "4.03 s to 6.02 s": {
            "mode": "attached to box1",
            "start-end coordinates": [
                1.3941431592376767,
                1.4549837477608403,
                0.9694704736555644,
                0.9620512890875899
            ]
        },
        "6.02 s to 6.14 s": {
            "mode": "free",
            "start-end coordinates": [
                0.9694704736555644,
                0.9620512890875899,
                0.74754317032753,
                1.0067199521161223
            ]
        },
        "6.14 s to 6.14 s": {
            "mode": "free",
            "start-end coordinates": [
                0.74754317032753,
                1.0067199521161223,
                0.74754317032753,
                1.0067199521161223
            ]
        },
        "6.71 s to 6.76 s": {
            "mode": "free",
            "start-end coordinates": [
                0.6642705954132483,
                0.9726426412972502,
                0.7354814605976786,
                1.0622587310174594
            ]
        },
        "6.71 s to 6.75 s": {
            "mode": "free",
            "start-end coordinates": [
                0.6642705954132483,
                0.9726426412972502,
                0.7220111539864922,
                1.0360252618036037
            ]
        },
        "6.75 s to 7.26 s": {
            "mode": "attached to obj2",
            "start-end coordinates": [
                0.7220111539864922,
                1.0360252618036037,
                0.5765057451375588,
                0.8978939170799217
            ]
        },
        "6.76 s to 7.64 s": {
            "mode": "attached to box1",
            "start-end coordinates": [
                0.7354814605976786,
                1.0622587310174594,
                0.8500302093433914,
                1.1125604372134137
            ]
        },
        "7.26 s to 7.27 s": {
            "mode": "free",
            "start-end coordinates": [
                0.5765057451375588,
                0.8978939170799217,
                0.5915594717577668,
                0.911290831730689
            ]
        },
        "7.64 s to 7.27 s": {
            "mode": "free",
            "start-end coordinates": [
                0.8500302093433914,
                1.1125604372134137,
                0.5915594717577668,
                0.911290831730689
            ]
        }
    }
}