{
    "moved_objects": [
        "ego",
        "box1",
        "obj1",
        "obj2"
    ],
    "interactions": {
        "ego": {
            "0.49 s to 4.51 s": [
                1.034079960568521,
                1.5302600765704235,
                1.3942203084936489,
                1.1026503680805848
            ],
            "5.19 s to 7.78 s": [
                1.1879596634990361,
                1.105876551845164,
                1.1985488537290794,
                0.8722162739942165
            ],
            "8.35 s to 8.56 s": [
                1.1407608267861535,
                0.9549089801998857,
                1.1471278703873564,
                0.8189606276028704
            ],
            "9.18 s to 9.32 s": [
                1.1658101954929276,
                1.0114988661891873,
                1.3183004623213481,
                1.0812466894972959
            ],
            "10.32 s to 11.08 s": [
                1.5146196857339311,
                1.3519566930926912,
                1.3825733218766514,
                1.5213363826561852
            ],
            "11.69 s to 13.53 s": [
                1.2474858225899401,
                1.485558100487738,
                0.9643913236638474,
                1.352795616343694
            ],
            "15.01 s to 15.15 s": [
                1.1844128269896879,
                1.510402362155998,
                1.3209076940936535,
                1.416256911316632
            ],
            "18.55 s to 19.17 s": [
                1.2346056449890463,
                1.2611037676297276,
                0.9629310095655618,
                1.5240310696515986
            ],
            "28.93 s to 29.18 s": [
                1.0402323179214483,
                1.0041007142763054,
                1.0684109349775364,
                1.3347826043146749
            ],
            "29.77 s to 30.55 s": [
                0.8946299496448649,
                1.4960840351323452,
                1.473847250402742,
                1.2681207422389948
            ],
            "32.54 s to 32.61 s": [
                1.1043930286161914,
                1.0322757311548374,
                1.0327694144851334,
                1.0691258206741197
            ],
            "33.5 s to 39.31 s": [
                1.1489597844205353,
                0.9974906006020379,
                1.410169761045498,
                0.9292496791091152
            ],
            "39.83 s to 41.84 s": [
                1.409434723633064,
                0.8872587836085288,
                0.636472675741476,
                1.0585884429742378
            ],
            "42.71 s to 43.34 s": [
                0.8573915845783476,
                1.0670652580640032,
                0.7610215667461295,
                1.188184872561377
            ]
        },
        "box1": {
            "2.85 s to 4.5 s": [
                1.445806826021824,
                1.2423819695850316,
                1.0459622416168752,
                1.213938039251833
            ],
            "5.01 s to 6.22 s": [
                0.9611276678662639,
                1.267232009144847,
                0.578494736031052,
                1.5177657335439916
            ],
            "28.84 s to 29.21 s": [
                0.4461181959663093,
                0.7449912060943302,
                0.5527317459361231,
                1.1242454056729283
            ],
            "33.48 s to 33.76 s": [
                0.452122712543572,
                1.2584765492707681,
                0.6647384857950722,
                1.511002148356272
            ],
            "35.6 s to 41.84 s": [
                0.500106566588231,
                1.610649431322395,
                -0.16767966964633085,
                0.36697703958596967
            ],
            "43.19 s to 43.34 s": [
                -0.20976305474615806,
                0.3446515546753121,
                -0.45411379360191556,
                0.28258809080132025
            ]
        },
        "obj1": {
            "43.21 s to 43.34 s": [
                0.09194485622950996,
                -0.3703718005952644,
                0.08754506763372236,
                -0.47045250887192286
            ]
        },
        "obj2": {
            "1.04 s to 4.48 s": [
                0.980905784695575,
                0.7859068195328462,
                0.8291213879839034,
                0.7237371962093859
            ],
            "4.99 s to 6.21 s": [
                0.7356508811929325,
                0.7950551511079607,
                0.6459662079531028,
                1.0044607318461432
            ],
            "10.42 s to 11.1 s": [
                0.8021239692544855,
                1.206442621118253,
                0.7256748907773748,
                1.1410235240058306
            ],
            "12.12 s to 13.53 s": [
                0.7096751526695989,
                1.038022777103835,
                0.674726470500083,
                1.1985480319281205
            ],
            "15.64 s to 16.02 s": [
                0.7666084233589224,
                1.2589113196870225,
                0.8907425336670564,
                1.0326733150184444
            ],
            "17.67 s to 17.79 s": [
                0.9138089221730454,
                0.958094630741442,
                0.8157131497198262,
                0.9768171163314286
            ],
            "28.85 s to 29.21 s": [
                0.6818595060735841,
                0.554265504618375,
                0.7595463790578765,
                0.9257184980965029
            ],
            "33.48 s to 33.75 s": [
                0.7958053952339048,
                1.0808279803191583,
                1.0160572879539977,
                1.275956821472981
            ],
            "35.77 s to 41.84 s": [
                0.9393683560349806,
                1.3678248209253734,
                0.27683810956151045,
                0.5611287110947711
            ],
            "43.2 s to 43.34 s": [
                0.265637829039263,
                0.5102236042155779,
                0.07215476847927067,
                0.3421059778270917
            ]
        }
    },
    "ego_interaction": {
        "0.49 s to 2.85 s": {
            "mode": "free",
            "start-end coordinates": [
                1.034079960568521,
                1.5302600765704235,
                1.1793025585870458,
                1.5275489440245393
            ]
        },
        "0.49 s to 1.04 s": {
            "mode": "free",
            "start-end coordinates": [
                1.034079960568521,
                1.5302600765704235,
                0.9218367409612834,
                1.4795625975566304
            ]
        },
        "1.04 s to 4.48 s": {
            "mode": "attached to obj2",
            "start-end coordinates": [
                0.9218367409612834,
                1.4795625975566304,
                1.4219525042785544,
                1.1184447583098982
            ]
        },
        "2.85 s to 4.5 s": {
            "mode": "attached to box1",
            "start-end coordinates": [
                1.1793025585870458,
                1.5275489440245393,
                1.4034503626684909,
                1.1078922034027148
            ]
        },
        "4.48 s to 4.51 s": {
            "mode": "free",
            "start-end coordinates": [
                1.4219525042785544,
                1.1184447583098982,
                1.3942203084936489,
                1.1026503680805848
            ]
        },
        "4.5 s to 4.51 s": {
            "mode": "free",
            "start-end coordinates": [
                1.4034503626684909,
                1.1078922034027148,
                1.3942203084936489,
                1.1026503680805848
            ]
        },
        "4.99 s to 6.21 s": {
            "mode": "attached to obj2",