{
    "moved_objects": [
        "ego",
        "box1",
        "obj2"
    ],
    "interactions": {
        "ego": {
            "0.49 s to 4.51 s": [
                1.034079960568521,
                1.5302600765704235,
                1.3942203084936489,
                1.1026503680805848
            ],
            "29.77 s to 30.55 s": [
                0.8946299496448649,
                1.4960840351323452,
                1.473847250402742,
                1.2681207422389948
            ],
            "39.83 s to 41.84 s": [
                1.409434723633064,
                0.8872587836085288,
                0.636472675741476,
                1.0585884429742378
            ]
        },
        "box1": {
            "2.85 s to 4.5 s": [
                1.445806826021824,
                1.2423819695850316,
                1.0459622416168752,
                1.213938039251833
            ],
            "5.01 s to 6.22 s": [
                0.9611276678662639,
                1.267232009144847,
                0.578494736031052,
                1.5177657335439916
            ],
            "35.6 s to 41.84 s": [
                0.500106566588231,
                1.610649431322395,
                -0.16767966964633085,
                0.36697703958596967
            ]
        },
        "obj2": {
            "35.77 s to 41.84 s": [
                0.9393683560349806,
                1.3678248209253734,
                0.27683810956151045,
                0.5611287110947711
            ]
        }
    },
    "ego_interaction": {
        "0.49 s to 2.85 s": {
            "mode": "free",
            "start-end coordinates": [
                1.034079960568521,
                1.5302600765704235,
                1.1793025585870458,
                1.5275489440245393
            ]
        },
        "2.85 s to 4.5 s": {
            "mode": "attached to box1",
            "start-end coordinates": [
                1.1793025585870458,
                1.5275489440245393,
                1.4034503626684909,
                1.1078922034027148
            ]
        },
        "4.5 s to 4.51 s": {
            "mode": "free",
            "start-end coordinates": [
                1.4034503626684909,
                1.1078922034027148,
                1.3942203084936489,
                1.1026503680805848
            ]
        },
        "35.6 s to 41.84 s": {
            "mode": "attached to box1",
            "start-end coordinates": [
                0.6973383339545983,
                1.1070239104881798,
                0.636472675741476,
                1.0585884429742378
            ]
        },
        "35.77 s to 41.84 s": {
            "mode": "attached to obj2",
            "start-end coordinates": [
                0.900779106760687,
                1.1101044661459574,
                0.636472675741476,
                1.0585884429742378
            ]
        },
        "39.83 s to 35.6 s": {
            "mode": "free",
            "start-end coordinates": [
                1.409434723633064,
                0.8872587836085288,
                0.6973383339545983,
                1.1070239104881798
            ]
        },
        "39.83 s to 35.77 s": {
            "mode": "free",
            "start-end coordinates": [
                1.409434723633064,
                0.8872587836085288,
                0.900779106760687,
                1.1101044661459574
            ]
        },
        "41.84 s to 41.84 s": {
            "mode": "free",
            "start-end coordinates": [
                0.636472675741476,
                1.0585884429742378,
                0.636472675741476,
                1.0585884429742378
            ]
        }
    }
}