{
    "moved_objects": [
        "ego",
        "box1"
    ],
    "interactions": {
        "ego": {
            "1.77 s to 4.47 s": [
                0.01964135140690227,
                0.168372355278091,
                -0.741051963437352,
                -1.575263047903953
            ],
            "5.24 s to 5.52 s": [
                -0.9969882607223305,
                -1.4126089293813644,
                -1.0245253914998804,
                -0.9554631775057494
            ],
            "8.02 s to 10.57 s": [
                -1.216321842736308,
                -0.6995603862742146,
                -1.2725823055028531,
                0.6658198859033058
            ]
        },
        "box1": {
            "2.76 s to 3.89 s": [
                0.46113795415827025,
                -0.5153663323459858,
                -1.0252148434462875,
                -0.9451231690567423
            ],
            "5.23 s to 5.6 s": [
                -1.186946300435597,
                -0.9009020520000682,
                -1.1779789349208056,
                -0.4496293498380026
            ],
            "13.14 s to 13.98 s": [
                -1.197427895930887,
                0.5945790065146137,
                -1.3072368905002334,
                1.0988183940816456
            ]
        }
    },
    "ego_interaction": {
        "1.77 s to 2.76 s": {
            "mode": "free",
            "start-end coordinates": [
                0.01964135140690227,
                0.168372355278091,
                0.5523824175829535,
                -0.482615187116666
            ]
        },
        "2.76 s to 3.89 s": {
            "mode": "attached to box1",
            "start-end coordinates": [
                0.5523824175829535,
                -0.482615187116666,
                -0.3284729609808283,
                -0.848179035378901
            ]
        },
        "3.89 s to 4.47 s": {
            "mode": "free",
            "start-end coordinates": [
                -0.3284729609808283,
                -0.848179035378901,
                -0.741051963437352,
                -1.575263047903953
            ]
        },
        "5.23 s to 5.6 s": {
            "mode": "attached to box1",
            "start-end coordinates": [
                -0.9915272570162519,
                -1.4124270215038934,
                -1.015524002607408,
                -0.8730196439823631
            ]
        },
        "5.24 s to 5.23 s": {
            "mode": "free",
            "start-end coordinates": [
                -0.9969882607223305,
                -1.4126089293813644,
                -0.9915272570162519,
                -1.4124270215038934
            ]
        },
        "5.6 s to 5.52 s": {
            "mode": "free",
            "start-end coordinates": [
                -1.015524002607408,
                -0.8730196439823631,
                -1.0245253914998804,
                -0.9554631775057494
            ]
        }
    }
}