{
    "moved_objects": [
        "ego",
        "box1",
        "obj1",
        "obj2"
    ],
    "interactions": {
        "ego": {
            "0.36 s to 3.09 s": [
                0.018111027614725474,
                0.007418159973001606,
                0.6118041123925105,
                -1.2368789325845884
            ],
            "7.11 s to 8.25 s": [
                0.5423406062241092,
                -0.8705036557105741,
                1.004116346944614,
                -0.5825209907179015
            ],
            "8.91 s to 9.31 s": [
                1.0950374625443744,
                -0.5952561542779569,
                0.6603943567521,
                -1.2180978984005586
            ],
            "12.72 s to 13.04 s": [
                0.047143632309791426,
                -1.4812485402666924,
                -0.655254736431123,
                -1.4580533511631502
            ],
            "13.7 s to 14.18 s": [
                -0.5980293836921045,
                -1.357838208680875,
                -0.4772571998966746,
                -0.8834606353800485
            ]
        },
        "box1": {
            "12.62 s to 14.18 s": [
                0.16546959725471133,
                -0.44502831401784537,
                -0.751409983985878,
                -0.4339263769096541
            ],
            "14.71 s to 15.79 s": [
                -0.7159629223382091,
                -0.5239834836412898,
                -0.35518837074029014,
                -0.07566661951729181
            ]
        },
        "obj1": {
            "2.34 s to 3.16 s": [
                0.9368189802206555,
                -0.56244297342364,
                0.7052913458238036,
                -0.8900740337496443
            ],
            "12.72 s to 13.11 s": [
                0.365181434635173,
                -0.8680274641269102,
                -0.6523431060046716,
                -1.1041084055944763
            ],
            "14.73 s to 15.9 s": [
                -0.6525343556070783,
                -1.208435893188021,
                -0.12468139844515223,
                -0.917296638356234
            ]
        },
        "obj2": {
            "8.91 s to 9.4 s": [
                1.381927406481244,
                -0.5839325830049237,
                0.9144033957188091,
                -1.0377022136745184
            ],
            "12.72 s to 13.12 s": [
                0.6708331472115535,
                -1.0437920742327904,
                -0.7507934138984667,
                -1.4196926671774186
            ],
            "14.72 s to 15.91 s": [
                -0.679315861314306,
                -1.6259153460905296,
                -0.31440831785554113,
                -1.2296056079332485
            ]
        }
    },
    "ego_interaction": {
        "0.36 s to 2.34 s": {
            "mode": "free",
            "start-end coordinates": [
                0.018111027614725474,
                0.007418159973001606,
                0.876178019779224,
                -0.7785550636820587
            ]
        },
        "2.34 s to 3.16 s": {
            "mode": "attached to obj1",
            "start-end coordinates": [
                0.876178019779224,
                -0.7785550636820587,
                0.5154574363201413,
                -1.2218789406533335
            ]
        },
        "3.16 s to 3.09 s": {
            "mode": "free",
            "start-end coordinates": [
                0.5154574363201413,
                -1.2218789406533335,
                0.6118041123925105,
                -1.2368789325845884
            ]
        },
        "8.91 s to 8.91 s": {
            "mode": "free",
            "start-end coordinates": [
                1.0950374625443744,
                -0.5952561542779569,
                1.0950374625443744,
                -0.5952561542779569
            ]
        },
        "8.91 s to 9.4 s": {
            "mode": "attached to obj2",
            "start-end coordinates": [
                1.0950374625443744,
                -0.5952561542779569,
                0.57750123260851,
                -1.2697545118571751
            ]
        },
        "9.4 s to 9.31 s": {
            "mode": "free",
            "start-end coordinates": [
                0.57750123260851,
                -1.2697545118571751,
                0.6603943567521,
                -1.2180978984005586
            ]
        },
        "12.62 s to 14.18 s": {
            "mode": "attached to box1",
            "start-end coordinates": [
                0.09380297816318954,
                -1.507931361108798,
                -0.4772571998966746,
                -0.8834606353800485
            ]
        },
        "12.72 s to 12.62 s": {
            "mode": "free",
            "start-end coordinates": [
                0.047143632309791426,
                -1.4812485402666924,
                0.09380297816318954,
                -1.507931361108798
            ]
        },
        "12.72 s to 12.72 s": {
            "mode": "free",
            "start-end coordinates": [
                0.047143632309791426,
                -1.4812485402666924,
                0.047143632309791426,
                -1.4812485402666924
            ]
        },
        "12.72 s to 13.11 s": {
            "mode": "attached to obj1",
            "start-end coordinates": [
                0.047143632309791426,
                -1.4812485402666924,
                -0.7079216573486393,
                -1.4620562060074775
            ]
        },
        "12.72 s to 13.12 s": {
            "mode": "attached to obj2",
            "start-end coordinates": [
                0.047143632309791426,
                -1.4812485402666924,
                -0.715456026973283,
                -1.4623833873521168
            ]
        },
        "13.11 s to 13.04 s": {
            "mode": "free",
            "start-end coordinates": [
                -0.7079216573486393,
                -1.4620562060074775,
                -0.655254736431123,
                -1.4580533511631502
            ]
        },
        "13.12 s to 13.04 s": {
            "mode": "free",
            "start-end coordinates": [
                -0.715456026973283,
                -1.4623833873521168,
                -0.655254736431123,
                -1.4580533511631502
            ]
        },
        "13.7 s to 12.62 s": {
            "mode": "free",
            "start-end coordinates": [
                -0.5980293836921045,
                -1.357838208680875,
                0.09380297816318954,
                -1.507931361108798
            ]
        },
        "14.18 s to 13.04 s": {
            "mode": "free",
            "start-end coordinates": [
                -0.4772571998966746,
                -0.8834606353800485,
                -0.655254736431123,
                -1.4580533511631502
            ]
        },
        "14.18 s to 14.18 s": {
            "mode": "free",
            "start-end coordinates": [
                -0.4772571998966746,
                -0.8834606353800485,
                -0.4772571998966746,
                -0.8834606353800485
            ]
        }
    }
}