{
    "moved_objects": [
        "ego",
        "box1",
        "obj1",
        "obj2"
    ],
    "interactions": {
        "ego": {
            "0.36 s to 3.09 s": [
                0.018111027614725474,
                0.007418159973001606,
                0.6118041123925105,
                -1.2368789325845884
            ],
            "7.11 s to 8.25 s": [
                0.5423406062241092,
                -0.8705036557105741,
                1.004116346944614,
                -0.5825209907179015
            ],
            "8.91 s to 9.31 s": [
                1.0950374625443744,
                -0.5952561542779569,
                0.6603943567521,
                -1.2180978984005586
            ],
            "12.72 s to 13.04 s": [
                0.047143632309791426,
                -1.4812485402666924,
                -0.655254736431123,
                -1.4580533511631502
            ],
            "13.7 s to 14.18 s": [
                -0.5980293836921045,
                -1.357838208680875,
                -0.4772571998966746,
                -0.8834606353800485
            ],
            "14.7 s to 15.26 s": [
                -0.4557721411395508,
                -0.7893880502502661,
                -0.35528909216200416,
                -1.012782496475917
            ],
            "16.98 s to 17.2 s": [
                -0.2635480856306017,
                -0.8309559218191022,
                0.01516664437186404,
                -0.7262022474472869
            ],
            "17.78 s to 18.04 s": [
                0.015902511603478258,
                -0.7708574466501737,
                -0.07029605646915202,
                -0.8913263641262192
            ]
        },
        "box1": {
            "0.43 s to 1.48 s": [
                0.4896433403610343,
                -0.5057652840898259,
                0.44928544216540045,
                -0.1672156555364758
            ],
            "12.62 s to 14.18 s": [
                0.16546959725471133,
                -0.44502831401784537,
                -0.751409983985878,
                -0.4339263769096541
            ],
            "14.71 s to 15.79 s": [
                -0.7159629223382091,
                -0.5239834836412898,
                -0.35518837074029014,
                -0.07566661951729181
            ],
            "17.04 s to 17.19 s": [
                -0.2967818610017924,
                -0.18930042100100578,
                -0.2323225968767831,
                -0.0869699593410682
            ]
        },
        "obj1": {
            "1.29 s to 1.4 s": [
                0.9965386282952804,
                -0.5010680287952282,
                0.9330384578839118,
                -0.5557492495318652
            ],
            "2.34 s to 3.16 s": [
                0.9368189802206555,
                -0.56244297342364,
                0.7052913458238036,
                -0.8900740337496443
            ],
            "3.82 s to 4.01 s": [
                0.49321523299115416,
                -0.9806476433951059,
                0.6104829124484799,
                -0.8329843050041981
            ],
            "7.21 s to 7.35 s": [
                0.73346268900226,
                -0.6847895191896102,
                0.6486127574316078,
                -0.67022434974812
            ],
            "12.72 s to 13.11 s": [
                0.365181434635173,
                -0.8680274641269102,
                -0.6523431060046716,
                -1.1041084055944763
            ],
            "13.62 s to 14.18 s": [
                -0.6493760033485214,
                -1.104893636512413,
                -0.5505677327883266,
                -1.2139222537216412
            ],
            "14.73 s to 15.9 s": [
                -0.6525343556070783,
                -1.208435893188021,
                -0.12468139844515223,
                -0.917296638356234
            ],
            "17.02 s to 17.19 s": [
                -0.16456396288071695,
                -0.8218871050928782,
                -0.08039225119031347,
                -0.7138662589397688
            ]
        },
        "obj2": {
            "8.91 s to 9.4 s": [
                1.381927406481244,
                -0.5839325830049237,
                0.9144033957188091,
                -1.0377022136745184
            ],
            "12.72 s to 13.12 s": [
                0.6708331472115535,
                -1.0437920742327904,
                -0.7507934138984667,
                -1.4196926671774186
            ],
            "13.62 s to 14.18 s": [
                -0.7580686513948909,
                -1.3896571144246475,
                -0.6089585874585612,
                -1.5441126288059428
            ],
            "14.72 s to 15.91 s": [
                -0.679315861314306,
                -1.6259153460905296,
                -0.31440831785554113,
                -1.2296056079332485
            ],
            "17.01 s to 17.2 s": [
                -0.3413349339897347,
                -1.1383519636781176,
                -0.24856072205214544,
                -1.0390231693712848
            ]
        }
    },
    "ego_interaction": {
        "0.36 s to 0.43 s": {
            "mode": "free",
            "start-end coordinates": [
                0.018111027614725474,
                0.007418159973001606,
                0.5232730130580936,
                0.23074979339227303
            ]
        },
        "0.36 s to 1.29 s": {
            "mode": "free",
            "start-end coordinates": [
                0.018111027614725474,
                0.007418159973001606,
                0.1246199340440311,
                -0.6105629638291896
            ]
        },
        "0.36 s to 2.34 s": {
            "mode": "free",
            "start-end coordinates": [
                0.018111027614725474,
                0.007418159973001606,
                0.876178019779224,
                -0.7785550636820587
            ]
        },
        "0.43 s to 1.48 s": {
            "mode": "attached to box1",
            "start-end coordinates": [
                0.5232730130580936,
                0.23074979339227303,
                0.24985204968792865,
                -0.38438556500977666
            ]
        },
        "1.29 s to 1.4 s": {
            "mode": "attached to obj1",
            "start-end coordinates": [
                0.1246199340440311,
                -0.6105629638291896,
                0.0972426197262572,
                -0.542089074966786
            ]
        },
        "1.4 s to 3.09 s": {
            "mode": "free",
            "start-end coordinates": [
                0.0972426197262572,
                -0.542089074966786,
                0.6118041123925105,
                -1.2368789325845884
            ]
        },
        "1.48 s to 3.09 s": {
            "mode": "free",
            "start-end coordinates": [
                0.24985204968792865,
                -0.38438556500977666,
                0.6118041123925105,
                -1.2368789325845884
            ]
        },
        "2.34 s to 3.16 s": {
            "mode": "attached to obj1",
            "start-end coordinates": [
                0.876178019779224,
                -0.7785550636820587,
                0.5154574363201413,
                -1.2218789406533335
            ]
        },
        "3.16 s to 3.09 s": {
            "mode": "free",
            "start-end coordinates": [
                0.5154574363201413,
                -1.2218789406533335,
                0.6118041123925105,
                -1.2368789325845884
            ]
        },
        "7.11 s to 7.21 s": {
            "mode": "free",
            "start-end coordinates": [
                0.5423406062241092,
                -0.8705036557105741,
                0.2824600834478944,
                -1.03243370467084
            ]
        },
        "7.21 s to 7.35 s": {
            "mode": "attached to obj1",