{
    "moved_objects": [
        "ego",
        "box1",
        "obj1",
        "obj2"
    ],
    "interactions": {
        "ego": {
            "0.4 s to 3.09 s": [
                0.033579500377760405,
                0.04263228869635938,
                -1.0914643494542196,
                -1.3301983429477375
            ],
            "4.39 s to 5.98 s": [
                -1.051959460823764,
                -0.8955612922976492,
                -1.0414838442401717,
                -1.3652111620818363
            ],
            "8.57 s to 9.55 s": [
                -1.1549989068544038,
                -0.7439340651177668,
                1.126247798375553,
                -0.7602866521445621
            ],
            "10.05 s to 10.77 s": [
                1.2561533111412198,
                -0.7650212759896555,
                -1.2424132324407853,
                -1.4388909636418699
            ],
            "12.28 s to 14.6 s": [
                -1.2911216300626884,
                -1.2466369787804987,
                -1.171901582847315,
                -0.5907591964079288
            ]
        },
        "box1": {
            "1.78 s to 3.87 s": [
                0.46786394405937226,
                -0.449805253584021,
                -1.1006424066949207,
                -0.27019695349636197
            ],
            "13.7 s to 14.6 s": [
                -1.1868940088503002,
                0.02616601466103237,
                -1.1760748810779098,
                0.8868298131325909
            ]
        },
        "obj1": {
            "5.45 s to 6.15 s": [
                0.893892846846537,
                -0.582027643125762,
                -1.1407018988389912,
                -1.1079081592817674
            ],
            "13.7 s to 14.6 s": [
                -1.188602276339058,
                -0.6617796020693141,
                -1.1792793926905776,
                0.20565004376458776
            ]
        },
        "obj2": {
            "10.01 s to 10.85 s": [
                1.4415818872125938,
                -0.5398464681138031,
                -1.178226603342903,
                -1.2104816362598092
            ],
            "13.7 s to 14.6 s": [
                -1.188582545446019,
                -1.0957302086677034,
                -1.1693742386800066,
                -0.2183045687255354
            ]
        }
    },
    "ego_interaction": {
        "0.4 s to 1.78 s": {
            "mode": "free",
            "start-end coordinates": [
                0.033579500377760405,
                0.04263228869635938,
                0.43059229434720514,
                -0.4342625065660777
            ]
        },
        "1.78 s to 3.87 s": {
            "mode": "attached to box1",
            "start-end coordinates": [
                0.43059229434720514,
                -0.4342625065660777,
                -1.0394469277775682,
                -0.8511773126931503
            ]
        },
        "3.87 s to 3.09 s": {
            "mode": "free",
            "start-end coordinates": [
                -1.0394469277775682,
                -0.8511773126931503,
                -1.0914643494542196,
                -1.3301983429477375
            ]
        },
        "4.39 s to 5.45 s": {
            "mode": "free",
            "start-end coordinates": [
                -1.0614530068529318,
                -0.8827397759661728,
                0.6838983842657315,
                -0.6613514904737376
            ]
        },
        "5.45 s to 6.15 s": {
            "mode": "attached to obj1",
            "start-end coordinates": [
                0.6838983842657315,
                -0.6613514904737376,
                -1.2611091567138435,
                -1.2954757037431193
            ]
        },
        "6.15 s to 5.98 s": {
            "mode": "free",
            "start-end coordinates": [
                -1.2611091567138435,
                -1.2954757037431193,
                -1.0414838442401717,
                -1.3652111620818363
            ]
        },
        "10.01 s to 10.85 s": {
            "mode": "attached to obj2",
            "start-end coordinates": [
                1.2898436046301542,
                -0.7335849469811085,
                -1.332214188970237,
                -1.3980839406904257
            ]
        },
        "10.05 s to 10.01 s": {
            "mode": "free",
            "start-end coordinates": [
                1.2561533111412198,
                -0.7650212759896555,
                1.2898436046301542,
                -0.7335849469811085
            ]
        },
        "10.85 s to 10.77 s": {
            "mode": "free",
            "start-end coordinates": [
                -1.332214188970237,
                -1.3980839406904257,
                -1.2424132324407853,
                -1.4388909636418699
            ]
        },
        "12.28 s to 13.7 s": {
            "mode": "free",
            "start-end coordinates": [
                -1.2911216300626884,
                -1.2466369787804987,
                -1.1684603492217764,
                -1.480541931250536
            ]
        },
        "13.7 s to 14.6 s": {
            "mode": "attached to obj2",
            "start-end coordinates": [
                -1.1684603492217764,
                -1.480541931250536,
                -1.171901582847315,
                -0.5907591964079288
            ]
        },
        "14.6 s to 14.6 s": {
            "mode": "free",
            "start-end coordinates": [
                -1.171901582847315,
                -0.5907591964079288,
                -1.171901582847315,
                -0.5907591964079288
            ]
        }
    }
}