{
    "moved_objects": [
        "ego",
        "box1",
        "obj1"
    ],
    "interactions": {
        "ego": {
            "1.77 s to 4.47 s": [
                0.01964135140690227,
                0.168372355278091,
                -0.741051963437352,
                -1.575263047903953
            ],
            "5.24 s to 5.52 s": [
                -0.9969882607223305,
                -1.4126089293813644,
                -1.0245253914998804,
                -0.9554631775057494
            ],
            "6.36 s to 7.21 s": [
                -1.0035506519650619,
                -0.8743716263200962,
                -1.1125633751705304,
                -0.8202089684021712
            ],
            "8.02 s to 10.57 s": [
                -1.216321842736308,
                -0.6995603862742146,
                -1.2725823055028531,
                0.6658198859033058
            ],
            "11.8 s to 12.27 s": [
                -1.3275513681054107,
                0.6260760581766359,
                -1.321846104567229,
                0.9974214197211306
            ],
            "13.53 s to 13.98 s": [
                -1.352208199922364,
                1.2631114635559584,
                -1.610062939323178,
                1.1706776285163398
            ]
        },
        "box1": {
            "2.76 s to 3.89 s": [
                0.46113795415827025,
                -0.5153663323459858,
                -1.0252148434462875,
                -0.9451231690567423
            ],
            "5.23 s to 5.6 s": [
                -1.186946300435597,
                -0.9009020520000682,
                -1.1779789349208056,
                -0.4496293498380026
            ],
            "6.37 s to 7.48 s": [
                -1.1841105949960176,
                -0.4099319453361009,
                -1.1686854964325133,
                -0.051378672072703066
            ],
            "11.8 s to 12.27 s": [
                -1.1946389174632772,
                0.16157506787795128,
                -1.1955968600747673,
                0.4840599772158925
            ],
            "13.14 s to 13.98 s": [
                -1.197427895930887,
                0.5945790065146137,
                -1.3072368905002334,
                1.0988183940816456
            ]
        },
        "obj1": {
            "6.37 s to 7.11 s": [
                0.7903377733708788,
                -0.5513093557296227,
                0.8350882832178611,
                -0.42702136224914183
            ],
            "8.05 s to 9.0 s": [
                0.8435119454864559,
                -0.436877465583408,
                0.6333849933360668,
                -0.4335022973826572
            ],
            "9.5 s to 9.66 s": [
                0.6285278170645625,
                -0.47980467626507944,
                0.4990220806000993,
                -0.4843344425478228
            ],
            "10.23 s to 10.58 s": [
                0.6577597662359276,
                -0.4767274164523792,
                0.746283763489518,
                -0.48229240040921545
            ]
        }
    },
    "ego_interaction": {
        "1.77 s to 2.76 s": {
            "mode": "free",
            "start-end coordinates": [
                0.01964135140690227,
                0.168372355278091,
                0.5523824175829535,
                -0.482615187116666
            ]
        },
        "2.76 s to 3.89 s": {
            "mode": "attached to box1",
            "start-end coordinates": [
                0.5523824175829535,
                -0.482615187116666,
                -0.3284729609808283,
                -0.848179035378901
            ]
        },
        "3.89 s to 4.47 s": {
            "mode": "free",
            "start-end coordinates": [
                -0.3284729609808283,
                -0.848179035378901,
                -0.741051963437352,
                -1.575263047903953
            ]
        },
        "5.23 s to 5.6 s": {
            "mode": "attached to box1",
            "start-end coordinates": [
                -0.9915272570162519,
                -1.4124270215038934,
                -1.015524002607408,
                -0.8730196439823631
            ]
        },
        "5.24 s to 5.23 s": {
            "mode": "free",
            "start-end coordinates": [
                -0.9969882607223305,
                -1.4126089293813644,
                -0.9915272570162519,
                -1.4124270215038934
            ]
        },
        "5.6 s to 5.52 s": {
            "mode": "free",
            "start-end coordinates": [
                -1.015524002607408,
                -0.8730196439823631,
                -1.0245253914998804,
                -0.9554631775057494
            ]
        },
        "6.36 s to 6.37 s": {
            "mode": "free",
            "start-end coordinates": [
                -1.0035506519650619,
                -0.8743716263200962,
                -0.9982829243493276,
                -0.8930907480075461
            ]
        },
        "6.37 s to 7.48 s": {
            "mode": "attached to box1",
            "start-end coordinates": [
                -0.9982829243493276,
                -0.8930907480075461,
                -1.117875265143786,
                -0.5851269914786085
            ]
        },
        "6.37 s to 7.11 s": {
            "mode": "attached to obj1",
            "start-end coordinates": [
                -0.9982829243493276,
                -0.8930907480075461,
                -1.1238165243669314,
                -1.0636348331654115
            ]
        },
        "7.11 s to 7.21 s": {
            "mode": "free",
            "start-end coordinates": [
                -1.1238165243669314,
                -1.0636348331654115,
                -1.1125633751705304,
                -0.8202089684021712
            ]
        },
        "7.48 s to 7.21 s": {
            "mode": "free",
            "start-end coordinates": [
                -1.117875265143786,
                -0.5851269914786085,
                -1.1125633751705304,
                -0.8202089684021712
            ]
        },
        "8.02 s to 8.05 s": {
            "mode": "free",
            "start-end coordinates": [
                -1.216321842736308,
                -0.6995603862742146,
                -1.2202139788165258,
                -0.7605445681715548
            ]
        },
        "8.02 s to 9.5 s": {
            "mode": "free",
            "start-end coordinates": [
                -1.216321842736308,
                -0.6995603862742146,
                0.23897882390559744,
                0.4659998849910889
            ]
        },
        "8.02 s to 10.23 s": {
            "mode": "free",
            "start-end coordinates": [
                -1.216321842736308,
                -0.6995603862742146,
                -0.8189044883465237,
                0.6199979055583194
            ]
        },
        "8.05 s to 9.0 s": {
            "mode": "attached to obj1",
            "start-end coordinates": [
                -1.2202139788165258,
                -0.7605445681715548,
                -0.9532297547598214,
                -0.7767483551009393
            ]
        },
        "9.0 s to 10.57 s": {
            "mode": "free",
            "start-end coordinates": [
                -0.9532297547598214,
                -0.7767483551009393,
                -1.2725823055028531,
                0.6658198859033058
            ]
        },
        "9.5 s to 9.66 s": {
            "mode": "attached to obj1",
            "start-end coordinates": [
                0.23897882390559744,
                0.4659998849910889,
                -0.04827970953072396,
                0.6954099590113497
            ]
        },
        "9.66 s to 10.57 s": {
            "mode": "free",