{
    "moved_objects": [
        "ego",
        "obj1"
    ],
    "interactions": {
        "ego": {
            "0.03 s to 2.39 s": [
                -0.020892627244136333,
                1.537708080090506,
                0.19626935652646668,
                1.3687542678867253
            ]
        },
        "obj1": {
            "1.46 s to 2.39 s": [
                -1.2046084871319827,
                1.467261801574845,
                -0.054394652414257394,
                1.2831481385883676
            ],
            "3.96 s to 5.38 s": [
                0.007320147649073612,
                1.2176226907784669,
                -0.183458388906052,
                -0.8457748975943598
            ]
        }
    },
    "ego_interaction": {
        "0.03 s to 1.46 s": {
            "mode": "free",
            "start-end coordinates": [
                -0.020892627244136333,
                1.537708080090506,
                -0.8357835038966884,
                1.5327777745380187
            ]
        },
        "1.46 s to 2.39 s": {
            "mode": "attached to obj1",
            "start-end coordinates": [
                -0.8357835038966884,
                1.5327777745380187,
                0.19626935652646668,
                1.3687542678867253
            ]
        },
        "2.39 s to 2.39 s": {
            "mode": "free",
            "start-end coordinates": [
                0.19626935652646668,
                1.3687542678867253,
                0.19626935652646668,
                1.3687542678867253
            ]
        }
    }
}