{
    "moved_objects": [
        "obj1"
    ],
    "interactions": {
        "obj1": {
            "1.46 s to 2.39 s": [
                -1.2046084871319827,
                1.467261801574845,
                -0.054394652414257394,
                1.2831481385883676
            ],
            "3.96 s to 5.38 s": [
                0.007320147649073612,
                1.2176226907784669,
                -0.183458388906052,
                -0.8457748975943598
            ]
        }
    },
    "ego_interaction": {}
}