{
    "moved_objects": [
        "obj2"
    ],
    "interactions": {
        "obj2": {
            "0.99 s to 1.87 s": [
                0.9588914750270443,
                1.4819679984719258,
                0.13313932780463433,
                1.2813495484138873
            ],
            "2.39 s to 3.13 s": [
                0.03358866960278693,
                1.0878896568570475,
                -0.016245239494365668,
                0.007263063861545453
            ]
        }
    },
    "ego_interaction": {}
}