{
    "moved_objects": [
        "ego",
        "obj1",
        "obj2"
    ],
    "interactions": {
        "ego": {
            "3.42 s to 4.99 s": [
                -0.45738299618653444,
                1.4592629098726604,
                0.021750703980540218,
                1.5032325547692091
            ]
        },
        "obj1": {
            "3.42 s to 4.91 s": [
                -0.9688659794997032,
                1.4853719205224616,
                -0.45386018547716467,
                1.31851046599149
            ],
            "8.82 s to 9.4 s": [
                -0.198690494549359,
                1.0241571070728284,
                -0.8158738442124536,
                -1.1143971624088842
            ]
        },
        "obj2": {
            "2.11 s to 2.41 s": [
                1.1791843814413978,
                1.4769429116774844,
                0.6760697234058848,
                1.3736463989060017
            ],
            "3.43 s to 4.99 s": [
                0.2251991965151934,
                1.32364991598688,
                -0.007557869499144953,
                0.2884607498658034
            ],
            "8.82 s to 9.4 s": [
                0.05831432321738394,
                -0.2830967797655429,
                -0.061519656169477695,
                -1.2249018341877234
            ]
        }
    },
    "ego_interaction": {
        "3.42 s to 3.42 s": {
            "mode": "free",
            "start-end coordinates": [
                -0.45738299618653444,
                1.4592629098726604,
                -0.45738299618653444,
                1.4592629098726604
            ]
        },
        "3.42 s to 4.91 s": {
            "mode": "attached to obj1",
            "start-end coordinates": [
                -0.45738299618653444,
                1.4592629098726604,
                0.14437034977997015,
                1.4961410129322024
            ]
        },
        "3.42 s to 3.43 s": {
            "mode": "free",
            "start-end coordinates": [
                -0.45738299618653444,
                1.4592629098726604,
                -0.4968305108615429,
                1.4592876297034185
            ]
        },
        "3.43 s to 4.99 s": {
            "mode": "attached to obj2",
            "start-end coordinates": [
                -0.4968305108615429,
                1.4592876297034185,
                0.021750703980540218,
                1.5032325547692091
            ]
        },
        "4.91 s to 4.99 s": {
            "mode": "free",
            "start-end coordinates": [
                0.14437034977997015,
                1.4961410129322024,
                0.021750703980540218,
                1.5032325547692091
            ]
        },
        "4.99 s to 4.99 s": {
            "mode": "free",
            "start-end coordinates": [
                0.021750703980540218,
                1.5032325547692091,
                0.021750703980540218,
                1.5032325547692091
            ]
        }
    }
}