{
    "moved_objects": [
        "obj1",
        "obj2"
    ],
    "interactions": {
        "obj1": {
            "9.12 s to 9.62 s": [
                0.18912047638872623,
                1.0968847582784247,
                0.09985987018587528,
                0.1263543986559124
            ],
            "10.7 s to 11.25 s": [
                0.46850674986570856,
                -0.45710241096681975,
                1.8579913884220542,
                -1.133036044098192
            ]
        },
        "obj2": {
            "6.47 s to 7.5 s": [
                0.46998722969580703,
                1.307878471421906,
                0.4263865553348779,
                0.7239754568464029
            ]
        }
    },
    "ego_interaction": {}
}