{
    "moved_objects": [
        "ego",
        "box1",
        "obj1",
        "obj2"
    ],
    "interactions": {
        "ego": {
            "0.06 s to 0.71 s": [
                -0.02811663366215518,
                1.5353798601630495,
                -0.12802796522859167,
                1.5312601616898927
            ],
            "1.36 s to 2.5 s": [
                0.22399200390308227,
                1.5392431736993275,
                0.017617064527356948,
                1.4873523203952699
            ],
            "3.42 s to 4.99 s": [
                -0.45738299618653444,
                1.4592629098726604,
                0.021750703980540218,
                1.5032325547692091
            ],
            "6.06 s to 6.72 s": [
                -0.10154706921579704,
                1.5350513317598897,
                0.04977625867752067,
                1.5216269396097093
            ],
            "7.92 s to 8.18 s": [
                -0.25264332210324447,
                1.5988214778239773,
                -0.33334385827368207,
                1.609888374435364
            ],
            "8.82 s to 9.38 s": [
                -0.18280071112582919,
                1.5364780407303191,
                0.010211996737956877,
                1.51988255355593
            ]
        },
        "box1": {
            "8.82 s to 9.39 s": [
                0.022997059606084787,
                -0.5286174402186636,
                0.024584207580976684,
                -0.7439268748981807
            ]
        },
        "obj1": {
            "3.42 s to 4.91 s": [
                -0.9688659794997032,
                1.4853719205224616,
                -0.45386018547716467,
                1.31851046599149
            ],
            "6.06 s to 6.72 s": [
                -0.484622873735506,
                1.3267474381311015,
                -0.2508443829887584,
                1.2200590220309184
            ],
            "8.82 s to 9.4 s": [
                -0.198690494549359,
                1.0241571070728284,
                -0.8158738442124536,
                -1.1143971624088842
            ]
        },
        "obj2": {
            "2.11 s to 2.41 s": [
                1.1791843814413978,
                1.4769429116774844,
                0.6760697234058848,
                1.3736463989060017
            ],
            "3.43 s to 4.99 s": [
                0.2251991965151934,
                1.32364991598688,
                -0.007557869499144953,
                0.2884607498658034
            ],
            "6.06 s to 6.72 s": [
                -0.008700286486658356,
                0.050794396684319676,
                0.06019014216000268,
                -0.1341934278829306
            ],
            "8.82 s to 9.4 s": [
                0.05831432321738394,
                -0.2830967797655429,
                -0.061519656169477695,
                -1.2249018341877234
            ]
        }
    },
    "ego_interaction": {
        "1.36 s to 2.11 s": {
            "mode": "free",
            "start-end coordinates": [
                0.22399200390308227,
                1.5392431736993275,
                0.6038972576005281,
                1.5497359512127495
            ]
        },
        "2.11 s to 2.41 s": {
            "mode": "attached to obj2",
            "start-end coordinates": [
                0.6038972576005281,
                1.5497359512127495,
                0.10059313244006743,
                1.4691486820806552
            ]
        },
        "2.41 s to 2.5 s": {
            "mode": "free",
            "start-end coordinates": [
                0.10059313244006743,
                1.4691486820806552,
                0.017617064527356948,
                1.4873523203952699
            ]
        },
        "3.42 s to 3.42 s": {
            "mode": "free",
            "start-end coordinates": [
                -0.45738299618653444,
                1.4592629098726604,
                -0.45738299618653444,
                1.4592629098726604
            ]
        },
        "3.42 s to 4.91 s": {
            "mode": "attached to obj1",
            "start-end coordinates": [
                -0.45738299618653444,
                1.4592629098726604,
                0.14437034977997015,
                1.4961410129322024
            ]
        },
        "3.42 s to 3.43 s": {
            "mode": "free",
            "start-end coordinates": [
                -0.45738299618653444,
                1.4592629098726604,
                -0.4968305108615429,
                1.4592876297034185
            ]
        },
        "3.43 s to 4.99 s": {
            "mode": "attached to obj2",
            "start-end coordinates": [
                -0.4968305108615429,
                1.4592876297034185,
                0.021750703980540218,
                1.5032325547692091
            ]
        },
        "4.91 s to 4.99 s": {
            "mode": "free",
            "start-end coordinates": [
                0.14437034977997015,
                1.4961410129322024,
                0.021750703980540218,
                1.5032325547692091
            ]
        },
        "4.99 s to 4.99 s": {
            "mode": "free",
            "start-end coordinates": [
                0.021750703980540218,
                1.5032325547692091,
                0.021750703980540218,
                1.5032325547692091
            ]
        },
        "6.06 s to 6.06 s": {
            "mode": "free",
            "start-end coordinates": [
                -0.10154706921579704,
                1.5350513317598897,
                -0.10154706921579704,
                1.5350513317598897
            ]
        },
        "6.06 s to 6.72 s": {
            "mode": "attached to obj2",
            "start-end coordinates": [
                -0.10154706921579704,
                1.5350513317598897,
                0.04977625867752067,
                1.5216269396097093
            ]
        },
        "6.72 s to 6.72 s": {
            "mode": "free",
            "start-end coordinates": [
                0.04977625867752067,
                1.5216269396097093,
                0.04977625867752067,
                1.5216269396097093
            ]
        },
        "8.82 s to 8.82 s": {
            "mode": "free",
            "start-end coordinates": [
                -0.18280071112582919,
                1.5364780407303191,
                -0.18280071112582919,
                1.5364780407303191
            ]
        },
        "8.82 s to 9.39 s": {
            "mode": "attached to box1",
            "start-end coordinates": [
                -0.18280071112582919,
                1.5364780407303191,
                0.011681283133522664,
                1.5266516142202837
            ]
        },
        "8.82 s to 9.4 s": {
            "mode": "attached to obj2",
            "start-end coordinates": [
                -0.18280071112582919,
                1.5364780407303191,
                0.014237792599328926,
                1.5336382873421859
            ]
        },
        "9.39 s to 9.38 s": {
            "mode": "free",
            "start-end coordinates": [
                0.011681283133522664,
                1.5266516142202837,
                0.010211996737956877,
                1.51988255355593
            ]
        },
        "9.4 s to 9.38 s": {
            "mode": "free",
            "start-end coordinates": [
                0.014237792599328926,
                1.5336382873421859,
                0.010211996737956877,
                1.51988255355593
            ]
        }
    }
}