{
    "moved_objects": [
        "ego",
        "box1",
        "obj1",
        "obj2"
    ],
    "interactions": {
        "ego": {
            "0.0 s to 1.63 s": [
                0.0597182175468139,
                1.4959676116110803,
                -0.33843648776769275,
                1.525480922010869
            ],
            "3.12 s to 3.56 s": [
                0.1733840712616131,
                1.4853017509778796,
                0.04759727680938662,
                1.520514083343413
            ],
            "6.49 s to 9.62 s": [
                -0.09373778612927616,
                1.434769009104976,
                0.02383743996186708,
                1.4302281435015187
            ],
            "10.72 s to 11.26 s": [
                0.010305505250683989,
                1.4492509387627819,
                -0.1186257891397394,
                1.447310431626127
            ]
        },
        "box1": {
            "9.08 s to 10.2 s": [
                0.011714507020216406,
                -0.4911294087074845,
                -0.0014225302397171062,
                -0.6136745391646656
            ]
        },
        "obj1": {
            "6.5 s to 8.5 s": [
                -0.6702989046459608,
                1.3236144148347835,
                -0.4625983933650874,
                1.3060730965635263
            ],
            "9.12 s to 9.62 s": [
                0.18912047638872623,
                1.0968847582784247,
                0.09985987018587528,
                0.1263543986559124
            ],
            "10.7 s to 11.25 s": [
                0.46850674986570856,
                -0.45710241096681975,
                1.8579913884220542,
                -1.133036044098192
            ]
        },
        "obj2": {
            "6.47 s to 7.5 s": [
                0.46998722969580703,
                1.307878471421906,
                0.4263865553348779,
                0.7239754568464029
            ],
            "9.03 s to 9.62 s": [
                0.4833690063560151,
                0.6509386938991031,
                0.5438529478594232,
                0.2933824030413882
            ],
            "10.7 s to 11.23 s": [
                0.6171772639863788,
                0.08852227660759046,
                0.41633444258969154,
                -0.17965066206507674
            ]
        }
    },
    "ego_interaction": {
        "6.47 s to 7.5 s": {
            "mode": "attached to obj2",
            "start-end coordinates": [
                -0.10237297895723686,
                1.417876175332995,
                -0.12462309188109338,
                1.442492521498056
            ]
        },
        "6.49 s to 9.08 s": {
            "mode": "free",
            "start-end coordinates": [
                -0.09373778612927616,
                1.434769009104976,
                0.07509740672541662,
                1.6040137732151725
            ]
        },
        "6.49 s to 6.5 s": {
            "mode": "free",
            "start-end coordinates": [
                -0.09373778612927616,
                1.434769009104976,
                -0.07154443687727051,
                1.4505433657335827
            ]
        },
        "6.49 s to 9.12 s": {
            "mode": "free",
            "start-end coordinates": [
                -0.09373778612927616,
                1.434769009104976,
                0.12256504562003927,
                1.6143818185550287
            ]
        },
        "6.49 s to 6.47 s": {
            "mode": "free",
            "start-end coordinates": [
                -0.09373778612927616,
                1.434769009104976,
                -0.10237297895723686,
                1.417876175332995
            ]
        },
        "6.49 s to 9.03 s": {
            "mode": "free",
            "start-end coordinates": [
                -0.09373778612927616,
                1.434769009104976,
                -0.060892636470675554,
                1.5954859483811334
            ]
        },
        "6.5 s to 8.5 s": {
            "mode": "attached to obj1",
            "start-end coordinates": [
                -0.07154443687727051,
                1.4505433657335827,
                -0.6119597586864234,
                1.5834996818123517
            ]
        },
        "7.5 s to 9.62 s": {
            "mode": "free",
            "start-end coordinates": [
                -0.12462309188109338,
                1.442492521498056,
                -0.03701819691711405,
                1.4263821470031868
            ]
        },
        "8.5 s to 9.62 s": {
            "mode": "free",
            "start-end coordinates": [
                -0.6119597586864234,
                1.5834996818123517,
                -0.03701819691711405,
                1.4263821470031868
            ]
        },
        "9.03 s to 9.62 s": {
            "mode": "attached to obj2",
            "start-end coordinates": [
                -0.060892636470675554,
                1.5954859483811334,
                -0.03701819691711405,
                1.4263821470031868
            ]
        },
        "9.08 s to 10.2 s": {
            "mode": "attached to box1",
            "start-end coordinates": [
                0.07509740672541662,
                1.6040137732151725,
                0.010044445617000974,
                1.4530315672132903
            ]
        },
        "9.12 s to 9.62 s": {
            "mode": "attached to obj1",
            "start-end coordinates": [
                0.12256504562003927,
                1.6143818185550287,
                -0.03701819691711405,
                1.4263821470031868
            ]
        },
        "9.62 s to 9.62 s": {
            "mode": "free",
            "start-end coordinates": [
                -0.03701819691711405,
                1.4263821470031868,
                -0.03701819691711405,
                1.4263821470031868
            ]
        },
        "10.2 s to 9.62 s": {
            "mode": "free",
            "start-end coordinates": [
                0.010044445617000974,
                1.4530315672132903,
                -0.03701819691711405,
                1.4263821470031868
            ]
        },
        "10.7 s to 11.25 s": {
            "mode": "attached to obj1",
            "start-end coordinates": [
                -0.00635262243372706,
                1.4577706700706061,
                -0.13166479018250185,
                1.437249348794745
            ]
        },
        "10.7 s to 11.23 s": {
            "mode": "attached to obj2",
            "start-end coordinates": [
                -0.00635262243372706,
                1.4577706700706061,
                -0.17322208134663328,
                1.4314971467919109
            ]
        },
        "10.72 s to 10.7 s": {
            "mode": "free",
            "start-end coordinates": [
                0.010305505250683989,
                1.4492509387627819,
                -0.00635262243372706,
                1.4577706700706061
            ]
        },
        "11.23 s to 11.26 s": {
            "mode": "free",
            "start-end coordinates": [
                -0.17322208134663328,
                1.4314971467919109,
                -0.1186257891397394,
                1.447310431626127
            ]
        },
        "11.25 s to 11.26 s": {
            "mode": "free",
            "start-end coordinates": [
                -0.13166479018250185,
                1.437249348794745,
                -0.1186257891397394,
                1.447310431626127
            ]
        }
    }
}