{
    "moved_objects": [
        "ego",
        "box1",
        "obj1",
        "obj2"
    ],
    "interactions": {
        "ego": {
            "2.83 s to 2.98 s": [
                0.9668913779901154,
                1.559070688955435,
                0.927690444877267,
                1.46504582220559
            ],
            "5.53 s to 5.69 s": [
                0.9634005352090558,
                0.9121307599215644,
                1.0236627999979429,
                0.9829948470899521
            ],
            "6.76 s to 7.34 s": [
                0.7416694497079939,
                1.0126105948551563,
                0.8394142774153939,
                0.9904816501522149
            ],
            "9.12 s to 11.52 s": [
                0.9569576721699509,
                0.9679690255628197,
                0.551866717487608,
                0.9376212535837253
            ],
            "12.49 s to 13.86 s": [
                0.5163828209441435,
                0.858792559385448,
                0.46213939596993947,
                1.1826998346456847
            ],
            "14.39 s to 15.98 s": [
                0.4157405757657925,
                0.9720963778809251,
                0.6969400771229725,
                1.03182891148121
            ]
        },
        "box1": {
            "12.53 s to 16.11 s": [
                -0.4950551766197364,
                0.025529483827893037,
                -0.6139973107827542,
                0.20706098844797324
            ]
        },
        "obj1": {
            "10.41 s to 11.64 s": [
                -0.3059678778581325,
                -0.3339980128100492,
                -0.45680655847658447,
                -0.31337379212045696
            ],
            "12.53 s to 16.01 s": [
                -0.5475615772806501,
                -0.31824247171555875,
                -0.8484237140246158,
                -0.2982693285890968
            ]
        },
        "obj2": {
            "5.52 s to 5.67 s": [
                0.7667143327930144,
                0.23665354758099333,
                0.8243149184709062,
                0.3118577670627601
            ],
            "9.11 s to 11.58 s": [
                0.9502269608166976,
                0.206419626169615,
                0.48249865322023905,
                0.07889716068165123
            ],
            "12.49 s to 13.7 s": [
                0.4438942720504391,
                0.05001672096443547,
                0.3129497910269789,
                0.31029415410625055
            ],
            "14.3 s to 15.87 s": [
                0.20689038845324248,
                0.21640633518927788,
                0.22368940335124354,
                0.11270566300779762
            ]
        }
    },
    "ego_interaction": {
        "5.52 s to 5.67 s": {
            "mode": "attached to obj2",
            "start-end coordinates": [
                0.9639781975373767,
                0.9020148831114573,
                1.0066342226026184,
                1.0003806431664746
            ]
        },
        "5.53 s to 5.52 s": {
            "mode": "free",
            "start-end coordinates": [
                0.9634005352090558,
                0.9121307599215644,
                0.9639781975373767,
                0.9020148831114573
            ]
        },
        "5.67 s to 5.69 s": {
            "mode": "free",
            "start-end coordinates": [
                1.0066342226026184,
                1.0003806431664746,
                1.0236627999979429,
                0.9829948470899521
            ]
        },
        "9.11 s to 11.58 s": {
            "mode": "attached to obj2",
            "start-end coordinates": [
                0.9477808651629704,
                0.9656081834009109,
                0.5470885465637297,
                0.8894395233302207
            ]
        },
        "9.12 s to 10.41 s": {
            "mode": "free",
            "start-end coordinates": [
                0.9477808651629704,
                0.9656081834009109,
                0.7041971991672527,
                1.0950005921306292
            ]
        },
        "9.12 s to 9.11 s": {
            "mode": "free",
            "start-end coordinates": [
                0.9477808651629704,
                0.9656081834009109,
                0.9477808651629704,
                0.9656081834009109
            ]
        },
        "10.41 s to 11.64 s": {
            "mode": "attached to obj1",
            "start-end coordinates": [
                0.7041971991672527,
                1.0950005921306292,
                0.5244450420899585,
                0.87732722786168
            ]
        },
        "11.58 s to 11.52 s": {
            "mode": "free",
            "start-end coordinates": [
                0.5470885465637297,
                0.8894395233302207,
                0.551866717487608,
                0.9376212535837253
            ]
        },
        "11.64 s to 11.52 s": {
            "mode": "free",
            "start-end coordinates": [
                0.5244450420899585,
                0.87732722786168,
                0.551866717487608,
                0.9376212535837253
            ]
        },
        "12.49 s to 12.53 s": {
            "mode": "free",
            "start-end coordinates": [
                0.5163828209441435,
                0.858792559385448,
                0.514862348516428,
                0.9544006963207577
            ]
        },
        "12.49 s to 12.49 s": {
            "mode": "free",
            "start-end coordinates": [
                0.5163828209441435,
                0.858792559385448,
                0.5163828209441435,
                0.858792559385448
            ]
        },
        "12.49 s to 13.7 s": {
            "mode": "attached to obj2",
            "start-end coordinates": [
                0.5163828209441435,
                0.858792559385448,
                0.537922610082306,
                1.0848467184977462
            ]
        },
        "12.53 s to 16.11 s": {
            "mode": "attached to box1",
            "start-end coordinates": [
                0.514862348516428,
                0.9544006963207577,
                0.8548307333403452,
                1.1605354981781826
            ]
        },
        "12.53 s to 16.01 s": {
            "mode": "attached to obj1",
            "start-end coordinates": [
                0.514862348516428,
                0.9544006963207577,
                0.7231056658160221,
                1.040637918740933
            ]
        },
        "13.7 s to 13.86 s": {
            "mode": "free",
            "start-end coordinates": [
                0.537922610082306,
                1.0848467184977462,
                0.46213939596993947,
                1.1826998346456847
            ]
        },
        "14.3 s to 15.87 s": {
            "mode": "attached to obj2",
            "start-end coordinates": [
                0.38467723280200894,
                0.9855113077933818,
                0.5432766200890644,
                0.9325013594727258
            ]
        },
        "14.39 s to 12.53 s": {
            "mode": "free",
            "start-end coordinates": [
                0.4157405757657925,
                0.9720963778809251,
                0.514862348516428,
                0.9544006963207577
            ]
        },
        "14.39 s to 14.3 s": {
            "mode": "free",
            "start-end coordinates": [
                0.4157405757657925,
                0.9720963778809251,
                0.38467723280200894,
                0.9855113077933818
            ]
        },
        "15.87 s to 15.98 s": {
            "mode": "free",
            "start-end coordinates": [
                0.5432766200890644,
                0.9325013594727258,
                0.6969400771229725,
                1.03182891148121
            ]
        },
        "16.01 s to 13.86 s": {
            "mode": "free",