{
    "moved_objects": [
        "ego",
        "box1",
        "obj1",
        "obj2"
    ],
    "interactions": {
        "ego": {
            "0.18 s to 3.08 s": [
                1.4319552028663116,
                1.5230403797590109,
                0.7173029206100789,
                1.2204150226609831
            ],
            "3.74 s to 5.32 s": [
                0.8849368775051678,
                1.2627433611341876,
                0.6088164254329739,
                1.4195209454506745
            ],
            "6.24 s to 6.35 s": [
                0.5116992866567271,
                1.1351759360989528,
                0.4918467325228769,
                1.3200967246445952
            ],
            "7.87 s to 11.88 s": [
                0.5019936200470753,
                1.0128372164879917,
                0.8564361177940983,
                1.3765319775344538
            ]
        },
        "box1": {
            "7.88 s to 12.0 s": [
                -0.4881269495180758,
                0.08040058818683507,
                -0.4103645756520444,
                0.4587248820359261
            ]
        },
        "obj1": {
            "7.87 s to 11.57 s": [
                -0.0962263743301274,
                -0.37014074695945914,
                -0.09572308742135502,
                -0.28314681544963194
            ]
        },
        "obj2": {
            "1.38 s to 3.08 s": [
                0.9095542245063565,
                0.7432707188138781,
                0.691564923551084,
                0.5008976590506647
            ],
            "3.68 s to 5.18 s": [
                0.8424340375007179,
                0.48477530454999895,
                0.34396859082681486,
                0.6730892632808889
            ],
            "6.24 s to 6.35 s": [
                0.40544133100551166,
                0.3856469141856838,
                0.37672792432377356,
                0.47380123813871
            ],
            "7.87 s to 11.98 s": [
                0.3801120524042897,
                0.2626136909319515,
                0.7241234253646421,
                0.15600452917129656
            ]
        }
    },
    "ego_interaction": {
        "0.18 s to 1.38 s": {
            "mode": "free",
            "start-end coordinates": [
                1.4319552028663116,
                1.5230403797590109,
                0.946473982549982,
                1.5800604618824046
            ]
        },
        "1.38 s to 3.08 s": {
            "mode": "attached to obj2",
            "start-end coordinates": [
                0.946473982549982,
                1.5800604618824046,
                0.7173029206100789,
                1.2204150226609831
            ]
        },
        "3.08 s to 3.08 s": {
            "mode": "free",
            "start-end coordinates": [
                0.7173029206100789,
                1.2204150226609831,
                0.7173029206100789,
                1.2204150226609831
            ]
        },
        "3.68 s to 5.18 s": {
            "mode": "attached to obj2",
            "start-end coordinates": [
                0.8333902262808297,
                1.2061796670097138,
                0.6887599120057492,
                1.1477271430317413
            ]
        },
        "3.74 s to 3.68 s": {
            "mode": "free",
            "start-end coordinates": [
                0.8849368775051678,
                1.2627433611341876,
                0.8333902262808297,
                1.2061796670097138
            ]
        },
        "5.18 s to 5.32 s": {
            "mode": "free",
            "start-end coordinates": [
                0.6887599120057492,
                1.1477271430317413,
                0.6088164254329739,
                1.4195209454506745
            ]
        },
        "6.24 s to 6.24 s": {
            "mode": "free",
            "start-end coordinates": [
                0.5116992866567271,
                1.1351759360989528,
                0.5116992866567271,
                1.1351759360989528
            ]
        },
        "6.24 s to 6.35 s": {
            "mode": "attached to obj2",
            "start-end coordinates": [
                0.5116992866567271,
                1.1351759360989528,
                0.4918467325228769,
                1.3200967246445952
            ]
        },
        "6.35 s to 6.35 s": {
            "mode": "free",
            "start-end coordinates": [
                0.4918467325228769,
                1.3200967246445952,
                0.4918467325228769,
                1.3200967246445952
            ]
        },
        "7.87 s to 7.88 s": {
            "mode": "free",
            "start-end coordinates": [
                0.5019936200470753,
                1.0128372164879917,
                0.517045592610614,
                1.0040643268192775
            ]
        },
        "7.87 s to 7.87 s": {
            "mode": "free",
            "start-end coordinates": [
                0.5019936200470753,
                1.0128372164879917,
                0.5019936200470753,
                1.0128372164879917
            ]
        },
        "7.87 s to 11.57 s": {
            "mode": "attached to obj1",
            "start-end coordinates": [
                0.5019936200470753,
                1.0128372164879917,
                0.6381541611989441,
                1.0368881881609284
            ]
        },
        "7.87 s to 11.98 s": {
            "mode": "attached to obj2",
            "start-end coordinates": [
                0.5019936200470753,
                1.0128372164879917,
                0.7881967908070984,
                1.3089433553928398
            ]
        },
        "7.88 s to 12.0 s": {
            "mode": "attached to box1",
            "start-end coordinates": [
                0.517045592610614,
                1.0040643268192775,
                0.7743735949523577,
                1.3022055458610517
            ]
        },
        "11.57 s to 11.88 s": {
            "mode": "free",
            "start-end coordinates": [
                0.6381541611989441,
                1.0368881881609284,
                0.8564361177940983,
                1.3765319775344538
            ]
        },
        "11.98 s to 11.88 s": {
            "mode": "free",
            "start-end coordinates": [
                0.7881967908070984,
                1.3089433553928398,
                0.8564361177940983,
                1.3765319775344538
            ]
        },
        "12.0 s to 11.88 s": {
            "mode": "free",
            "start-end coordinates": [
                0.7743735949523577,
                1.3022055458610517,
                0.8564361177940983,
                1.3765319775344538
            ]
        }
    }
}