{
    "moved_objects": [
        "ego",
        "obj2"
    ],
    "interactions": {
        "ego": {
            "1.43 s to 2.16 s": [
                1.2478308837239396,
                1.5749244968917504,
                1.07785707814987,
                1.510303957628289
            ]
        },
        "obj2": {
            "2.33 s to 2.37 s": [
                1.5032864319087982,
                -0.38048842643304526,
                1.4294186717052015,
                -0.502170367287478
            ]
        }
    },
    "ego_interaction": {}
}