{
    "moved_objects": [
        "ego",
        "box1",
        "obj1",
        "obj2"
    ],
    "interactions": {
        "ego": {
            "1.42 s to 1.63 s": [
                1.170935498016039,
                1.6395193301757858,
                1.0236221007990194,
                1.605749816291024
            ],
            "2.43 s to 4.36 s": [
                0.9294142357985339,
                1.5275858951360728,
                0.6906335056920505,
                1.4191886490978962
            ]
        },
        "box1": {
            "3.22 s to 4.29 s": [
                -0.49287615188406664,
                0.027457907640290238,
                -0.3288519715854264,
                0.6750977811166831
            ]
        },
        "obj1": {
            "2.85 s to 4.76 s": [
                -0.09786807338183953,
                -0.3565378899152921,
                0.10064206911716807,
                -0.3232098304817956
            ]
        },
        "obj2": {
            "2.42 s to 4.87 s": [
                0.8356243213563619,
                0.7449714772566691,
                0.5935076578743659,
                0.5548315240221247
            ]
        }
    },
    "ego_interaction": {
        "2.42 s to 4.87 s": {
            "mode": "attached to obj2",
            "start-end coordinates": [
                0.9384388735788198,
                1.5295077268739694,
                0.6744986882632552,
                1.50266503352529
            ]
        },
        "2.43 s to 3.22 s": {
            "mode": "free",
            "start-end coordinates": [
                0.9294142357985339,
                1.5275858951360728,
                0.7190541768991532,
                1.177672126833723
            ]
        },
        "2.43 s to 2.85 s": {
            "mode": "free",
            "start-end coordinates": [
                0.9294142357985339,
                1.5275858951360728,
                0.6518242123924324,
                1.2963909575005803
            ]
        },
        "2.43 s to 2.42 s": {
            "mode": "free",
            "start-end coordinates": [
                0.9294142357985339,
                1.5275858951360728,
                0.9384388735788198,
                1.5295077268739694
            ]
        },
        "2.85 s to 4.76 s": {
            "mode": "attached to obj1",
            "start-end coordinates": [
                0.6518242123924324,
                1.2963909575005803,
                0.7167767308922487,
                1.5414055940142504
            ]
        },
        "3.22 s to 4.29 s": {
            "mode": "attached to box1",
            "start-end coordinates": [
                0.7190541768991532,
                1.177672126833723,
                0.6681071294660953,
                1.318266517252901
            ]
        },
        "4.29 s to 4.36 s": {
            "mode": "free",
            "start-end coordinates": [
                0.6681071294660953,
                1.318266517252901,
                0.6906335056920505,
                1.4191886490978962
            ]
        },
        "4.76 s to 4.36 s": {
            "mode": "free",
            "start-end coordinates": [
                0.7167767308922487,
                1.5414055940142504,
                0.6906335056920505,
                1.4191886490978962
            ]
        },
        "4.87 s to 4.36 s": {
            "mode": "free",
            "start-end coordinates": [
                0.6744986882632552,
                1.50266503352529,
                0.6906335056920505,
                1.4191886490978962
            ]
        }
    }
}