{
    "moved_objects": [
        "ego",
        "obj2"
    ],
    "interactions": {
        "ego": {
            "0.18 s to 3.08 s": [
                1.4319552028663116,
                1.5230403797590109,
                0.7173029206100789,
                1.2204150226609831
            ],
            "7.87 s to 11.88 s": [
                0.5019936200470753,
                1.0128372164879917,
                0.8564361177940983,
                1.3765319775344538
            ]
        },
        "obj2": {
            "3.68 s to 5.18 s": [
                0.8424340375007179,
                0.48477530454999895,
                0.34396859082681486,
                0.6730892632808889
            ]
        }
    },
    "ego_interaction": {}
}