{
    "moved_objects": [
        "ego",
        "obj1",
        "obj4",
        "box1"
    ],
    "interactions": {
        "ego": {
            "0.32 s to 3.35 s": [
                -1.224938797575574,
                -1.3403815261661234,
                -1.5943415289161285,
                -0.7807735375208696
            ],
            "4.0 s to 6.34 s": [
                -1.501854112308076,
                -0.6852902128630789,
                -1.4731365674035266,
                1.1615540932540316
            ]
        },
        "obj1": {
            "3.93 s to 5.19 s": [
                -1.149326563384693,
                -0.3531113256771797,
                -0.7914575708105811,
                -0.10763847471735496
            ]
        },
        "obj4": {
            "2.12 s to 3.35 s": [
                -1.3957295679005464,
                -0.606840685543536,
                -0.7980104506959911,
                -0.604027398599682
            ]
        },
        "box1": {
            "5.64 s to 6.48 s": [
                1.5703770956242418,
                -0.46677888833433656,
                -1.3599796974619145,
                1.3440787583757887
            ]
        }
    },
    "ego_interaction": {
        "0.32 s to 2.12 s": {
            "mode": "free",
            "start-end coordinates": [
                -1.224938797575574,
                -1.3403815261661234,
                -1.1797401687045792,
                -0.9928198616202764
            ]
        },
        "2.12 s to 3.35 s": {
            "mode": "attached to obj4",
            "start-end coordinates": [
                -1.1797401687045792,
                -0.9928198616202764,
                -1.5943415289161285,
                -0.7807735375208696
            ]
        },
        "3.35 s to 3.35 s": {
            "mode": "free",
            "start-end coordinates": [
                -1.5943415289161285,
                -0.7807735375208696,
                -1.5943415289161285,
                -0.7807735375208696
            ]
        },
        "3.93 s to 5.19 s": {
            "mode": "attached to obj1",
            "start-end coordinates": [
                -1.565907513469316,
                -0.6588252477318983,
                1.153344673978757,
                -0.5355845707118446
            ]
        },
        "4.0 s to 3.93 s": {
            "mode": "free",
            "start-end coordinates": [
                -1.501854112308076,
                -0.6852902128630789,
                -1.565907513469316,
                -0.6588252477318983
            ]
        },
        "4.0 s to 5.64 s": {
            "mode": "free",
            "start-end coordinates": [
                -1.501854112308076,
                -0.6852902128630789,
                1.36510204121308,
                -0.5179500170427949
            ]
        },
        "5.19 s to 6.34 s": {
            "mode": "free",
            "start-end coordinates": [
                1.153344673978757,
                -0.5355845707118446,
                -1.4731365674035266,
                1.1615540932540316
            ]
        },
        "5.64 s to 6.48 s": {
            "mode": "attached to box1",
            "start-end coordinates": [
                1.36510204121308,
                -0.5179500170427949,
                -1.5705237936278638,
                1.2860491359384336
            ]
        },
        "6.48 s to 6.34 s": {
            "mode": "free",
            "start-end coordinates": [
                -1.5705237936278638,
                1.2860491359384336,
                -1.4731365674035266,
                1.1615540932540316
            ]
        }
    }
}