{
    "moved_objects": [
        "ego",
        "obj2",
        "obj3",
        "obj4",
        "box1"
    ],
    "interactions": {
        "ego": {
            "0.25 s to 1.38 s": [
                -1.2625081646521379,
                -1.2916371147401775,
                -1.2952166891096102,
                -1.0804446810114239
            ],
            "3.99 s to 5.25 s": [
                -0.6473838387291838,
                -1.6979381205059676,
                1.2179672906297092,
                -0.4840425566587837
            ],
            "5.77 s to 6.26 s": [
                1.2738812793812424,
                -0.5221638032442799,
                -1.4187641616019182,
                1.2128379784283485
            ],
            "6.84 s to 7.26 s": [
                -1.484230188299135,
                1.2075234403244492,
                -0.9335095159753792,
                0.7396173712435058
            ]
        },
        "obj2": {
            "0.53 s to 3.36 s": [
                -0.7199895577409018,
                -1.0998974323491482,
                -0.7248603906441281,
                -0.9976156607575176
            ]
        },
        "obj3": {
            "3.91 s to 4.68 s": [
                -0.46538268238038,
                -1.3064364248000002,
                0.5571313060068146,
                1.0391648824429125
            ]
        },
        "obj4": {
            "0.35 s to 1.99 s": [
                -1.4033446252560302,
                -0.6134266987144396,
                -1.3549152445473625,
                -0.7387877917941075
            ]
        },
        "box1": {
            "5.76 s to 6.43 s": [
                1.5993540781330204,
                -0.502549790139875,
                -1.348939916583238,
                1.544704210673992
            ]
        }
    },
    "ego_interaction": {
        "0.25 s to 0.53 s": {
            "mode": "free",
            "start-end coordinates": [
                -1.2625081646521379,
                -1.2916371147401775,
                -1.1668711034930177,
                -0.9775824643430202
            ]
        },
        "0.25 s to 0.35 s": {
            "mode": "free",
            "start-end coordinates": [
                -1.2625081646521379,
                -1.2916371147401775,
                -1.1279429331480175,
                -0.966164073666258
            ]
        },
        "0.35 s to 1.99 s": {
            "mode": "attached to obj4",
            "start-end coordinates": [
                -1.1279429331480175,
                -0.966164073666258,
                -1.248973486327887,
                -1.1867358891864639
            ]
        },
        "0.53 s to 3.36 s": {
            "mode": "attached to obj2",
            "start-end coordinates": [
                -1.1668711034930177,
                -0.9775824643430202,
                -0.954656986159702,
                -1.5281873871890355
            ]
        },
        "1.99 s to 1.38 s": {
            "mode": "free",
            "start-end coordinates": [
                -1.248973486327887,
                -1.1867358891864639,
                -1.2952166891096102,
                -1.0804446810114239
            ]
        },
        "3.36 s to 1.38 s": {
            "mode": "free",
            "start-end coordinates": [
                -0.954656986159702,
                -1.5281873871890355,
                -1.2952166891096102,
                -1.0804446810114239
            ]
        },
        "3.91 s to 4.68 s": {
            "mode": "attached to obj3",
            "start-end coordinates": [
                -0.736706862741404,
                -1.7467947168477393,
                0.4007171480561765,
                0.6973734614561431
            ]
        },
        "3.99 s to 3.91 s": {
            "mode": "free",
            "start-end coordinates": [
                -0.6473838387291838,
                -1.6979381205059676,
                -0.736706862741404,
                -1.7467947168477393
            ]
        },
        "4.68 s to 5.25 s": {
            "mode": "free",
            "start-end coordinates": [
                0.4007171480561765,
                0.6973734614561431,
                1.2179672906297092,
                -0.4840425566587837
            ]
        },
        "5.76 s to 6.43 s": {
            "mode": "attached to box1",
            "start-end coordinates": [
                1.2810800932350033,
                -0.5277690586234303,
                -1.5527492553959956,
                1.4107715462569046
            ]
        },
        "5.77 s to 5.76 s": {
            "mode": "free",
            "start-end coordinates": [
                1.2738812793812424,
                -0.5221638032442799,
                1.2810800932350033,
                -0.5277690586234303
            ]
        },
        "6.43 s to 6.26 s": {
            "mode": "free",
            "start-end coordinates": [
                -1.5527492553959956,
                1.4107715462569046,
                -1.4187641616019182,
                1.2128379784283485
            ]
        }
    }
}