{
    "moved_objects": [
        "ego",
        "obj2",
        "obj3",
        "box1"
    ],
    "interactions": {
        "ego": {
            "0.0 s to 1.5 s": [
                -1.2838217414449227,
                -1.314079849009115,
                -0.9775088910616553,
                -1.632793837533914
            ],
            "2.1 s to 3.0 s": [
                -0.8481456495820914,
                -1.6888194813861084,
                1.1771435101639687,
                -0.7942357288784878
            ],
            "3.51 s to 4.19 s": [
                1.4250341028505442,
                -0.6854427214407444,
                -1.217220309591458,
                0.9070762789131455
            ]
        },
        "obj2": {
            "2.15 s to 2.89 s": [
                -0.7201709870746689,
                -1.014776709217491,
                -0.5984906793713035,
                -0.9980315226764763
            ]
        },
        "obj3": {
            "2.39 s to 2.93 s": [
                -0.5030406013378682,
                -1.21856108898847,
                0.12338001929809343,
                -1.0473210479468904
            ]
        },
        "box1": {
            "3.48 s to 4.47 s": [
                1.5949615932206254,
                -0.4897688427936202,
                -1.347570053091634,
                1.301825881390692
            ]
        }
    },
    "ego_interaction": {
        "2.1 s to 2.15 s": {
            "mode": "free",
            "start-end coordinates": [
                -0.8481456495820914,
                -1.6888194813861084,
                -0.9261761876119311,
                -1.5974519403852794
            ]
        },
        "2.1 s to 2.39 s": {
            "mode": "free",
            "start-end coordinates": [
                -0.8481456495820914,
                -1.6888194813861084,
                -0.8197588418029653,
                -1.6572462021122372
            ]
        },
        "2.15 s to 2.89 s": {
            "mode": "attached to obj2",
            "start-end coordinates": [
                -0.9261761876119311,
                -1.5974519403852794,
                0.8062026322088749,
                -0.7687799901584171
            ]
        },
        "2.39 s to 2.93 s": {
            "mode": "attached to obj3",
            "start-end coordinates": [
                -0.8197588418029653,
                -1.6572462021122372,
                0.9893811739910086,
                -0.77591922743534
            ]
        },
        "2.89 s to 3.0 s": {
            "mode": "free",
            "start-end coordinates": [
                0.8062026322088749,
                -0.7687799901584171,
                1.1771435101639687,
                -0.7942357288784878
            ]
        },
        "2.93 s to 3.0 s": {
            "mode": "free",
            "start-end coordinates": [
                0.9893811739910086,
                -0.77591922743534,
                1.1771435101639687,
                -0.7942357288784878
            ]
        },
        "3.48 s to 4.47 s": {
            "mode": "attached to box1",
            "start-end coordinates": [
                1.448977932915884,
                -0.7123104178930519,
                -1.4421710169390956,
                1.0996192724292042
            ]
        },
        "3.51 s to 3.48 s": {
            "mode": "free",
            "start-end coordinates": [
                1.4250341028505442,
                -0.6854427214407444,
                1.448977932915884,
                -0.7123104178930519
            ]
        },
        "4.47 s to 4.19 s": {
            "mode": "free",
            "start-end coordinates": [
                -1.4421710169390956,
                1.0996192724292042,
                -1.217220309591458,
                0.9070762789131455
            ]
        }
    }
}