{
    "moved_objects": [
        "ego",
        "obj2",
        "obj3",
        "box1"
    ],
    "interactions": {
        "ego": {
            "1.14 s to 1.88 s": [
                -1.2795847067083665,
                -1.2720505822452615,
                -1.2211214710431173,
                -1.3777360360210078
            ],
            "2.39 s to 2.54 s": [
                -1.1850061889193686,
                -1.1761899654244186,
                -1.194785921812971,
                -1.5543752975620995
            ],
            "3.93 s to 7.48 s": [
                -1.1358466297238075,
                -1.2961019462894212,
                -1.4939739972638744,
                1.184662837880374
            ]
        },
        "obj2": {
            "1.19 s to 2.37 s": [
                -0.8770371090894051,
                -1.4812159332707742,
                -0.8913109460032851,
                -1.0926803582960354
            ],
            "4.42 s to 5.67 s": [
                -0.893450429305453,
                -0.7651414210192317,
                -0.7221361597211194,
                -0.6099196110498436
            ]
        },
        "obj3": {
            "4.41 s to 5.57 s": [
                -0.683434061261779,
                -1.4585254718110803,
                -0.006936157829520379,
                -1.2411585301810386
            ]
        },
        "box1": {
            "6.73 s to 7.53 s": [
                1.4907837355993419,
                -0.487682288951309,
                -1.3771428481278187,
                1.3287100129664928
            ]
        }
    },
    "ego_interaction": {
        "1.14 s to 1.19 s": {
            "mode": "free",
            "start-end coordinates": [
                -1.2731615936420702,
                -1.2757644662492273,
                -1.401048975979398,
                -1.2731946484548002
            ]
        },
        "1.19 s to 2.37 s": {
            "mode": "attached to obj2",
            "start-end coordinates": [
                -1.401048975979398,
                -1.2731946484548002,
                -1.1795049425953745,
                -1.1544650534060263
            ]
        },
        "2.37 s to 1.88 s": {
            "mode": "free",
            "start-end coordinates": [
                -1.1795049425953745,
                -1.1544650534060263,
                -1.2211214710431173,
                -1.3777360360210078
            ]
        },
        "3.93 s to 4.42 s": {
            "mode": "free",
            "start-end coordinates": [
                -1.1358466297238075,
                -1.2961019462894212,
                -1.0072240109747415,
                -1.512019589486633
            ]
        },
        "3.93 s to 4.41 s": {
            "mode": "free",
            "start-end coordinates": [
                -1.1358466297238075,
                -1.2961019462894212,
                -1.0143284423254093,
                -1.5143095607195904
            ]
        },
        "3.93 s to 6.73 s": {
            "mode": "free",
            "start-end coordinates": [
                -1.1358466297238075,
                -1.2961019462894212,
                1.315199733704519,
                -0.5869741408797855
            ]
        },
        "4.41 s to 5.57 s": {
            "mode": "attached to obj3",
            "start-end coordinates": [
                -1.0143284423254093,
                -1.5143095607195904,
                -0.13073708552832725,
                -1.0509028531011018
            ]
        },
        "4.42 s to 5.67 s": {
            "mode": "attached to obj2",
            "start-end coordinates": [
                -1.0072240109747415,
                -1.512019589486633,
                0.086940852394635,
                -0.863327409391945
            ]
        },
        "5.57 s to 7.48 s": {
            "mode": "free",
            "start-end coordinates": [
                -0.13073708552832725,
                -1.0509028531011018,
                -1.4939739972638744,
                1.184662837880374
            ]
        },
        "5.67 s to 7.48 s": {
            "mode": "free",
            "start-end coordinates": [
                0.086940852394635,
                -0.863327409391945,
                -1.4939739972638744,
                1.184662837880374
            ]
        },
        "6.73 s to 7.53 s": {
            "mode": "attached to box1",
            "start-end coordinates": [
                1.315199733704519,
                -0.5869741408797855,
                -1.5306526551945603,
                1.2144488687056714
            ]
        },
        "7.53 s to 7.48 s": {
            "mode": "free",
            "start-end coordinates": [
                -1.5306526551945603,
                1.2144488687056714,
                -1.4939739972638744,
                1.184662837880374
            ]
        }
    }
}