{
    "moved_objects": [
        "ego",
        "obj1",
        "obj4",
        "box1"
    ],
    "interactions": {
        "ego": {
            "1.35 s to 3.55 s": [
                -1.3414322014983435,
                -1.2231871444984403,
                -1.575289561400957,
                -0.992707196917614
            ],
            "5.08 s to 5.88 s": [
                -1.5777073363010663,
                -0.6934056438275924,
                1.140998515859481,
                -0.5267824640397973
            ],
            "6.5 s to 7.14 s": [
                1.372929818908358,
                -0.5479545862229522,
                -1.429961397724419,
                1.210503536298492
            ],
            "7.74 s to 7.84 s": [
                -1.4871114817646855,
                1.204527770356611,
                -1.4222849684636254,
                1.0457934472206882
            ]
        },
        "obj1": {
            "4.76 s to 5.73 s": [
                -1.3333269306668964,
                -0.5665803370078049,
                -0.5622114425277374,
                -0.18211088176587426
            ]
        },
        "obj4": {
            "2.63 s to 4.07 s": [
                -1.4022545933580686,
                -0.8109173583358755,
                -0.7464500959528523,
                -0.8015551322936575
            ]
        },
        "box1": {
            "6.45 s to 8.06 s": [
                1.4920601180487791,
                -0.48036008113458434,
                -1.3909001365613214,
                1.362342704475744
            ]
        }
    },
    "ego_interaction": {
        "1.35 s to 2.63 s": {
            "mode": "free",
            "start-end coordinates": [
                -1.3414322014983435,
                -1.2231871444984403,
                -1.4974162639622295,
                -1.1261703320843333
            ]
        },
        "2.63 s to 4.07 s": {
            "mode": "attached to obj4",
            "start-end coordinates": [
                -1.4974162639622295,
                -1.1261703320843333,
                -1.408476854993858,
                -0.9388880503559398
            ]
        },
        "4.07 s to 3.55 s": {
            "mode": "free",
            "start-end coordinates": [
                -1.408476854993858,
                -0.9388880503559398,
                -1.575289561400957,
                -0.992707196917614
            ]
        },
        "4.76 s to 5.73 s": {
            "mode": "attached to obj1",
            "start-end coordinates": [
                -1.6109527377237114,
                -0.8675591263661998,
                0.8114978069368489,
                -0.36059174431678187
            ]
        },
        "5.08 s to 4.76 s": {
            "mode": "free",
            "start-end coordinates": [
                -1.5777073363010663,
                -0.6934056438275924,
                -1.6109527377237114,
                -0.8675591263661998
            ]
        },
        "5.73 s to 5.88 s": {
            "mode": "free",
            "start-end coordinates": [
                0.8114978069368489,
                -0.36059174431678187,
                1.140998515859481,
                -0.5267824640397973
            ]
        },
        "6.45 s to 8.06 s": {
            "mode": "attached to box1",
            "start-end coordinates": [
                1.3991816068627057,
                -0.5875659140463976,
                -1.214774883018622,
                0.8145157870960262
            ]
        },
        "6.5 s to 6.45 s": {
            "mode": "free",
            "start-end coordinates": [
                1.372929818908358,
                -0.5479545862229522,
                1.3991816068627057,
                -0.5875659140463976
            ]
        },
        "7.74 s to 6.45 s": {
            "mode": "free",
            "start-end coordinates": [
                -1.4871114817646855,
                1.204527770356611,
                1.3991816068627057,
                -0.5875659140463976
            ]
        },
        "8.06 s to 7.14 s": {
            "mode": "free",
            "start-end coordinates": [
                -1.214774883018622,
                0.8145157870960262,
                -1.429961397724419,
                1.210503536298492
            ]
        },
        "8.06 s to 7.84 s": {
            "mode": "free",
            "start-end coordinates": [
                -1.214774883018622,
                0.8145157870960262,
                -1.4222849684636254,
                1.0457934472206882
            ]
        }
    }
}