{
    "moved_objects": [
        "ego",
        "box1",
        "obj1"
    ],
    "interactions": {
        "ego": {
            "0.0 s to 2.72 s": [
                0.1608139250594451,
                -0.12680764410684447,
                -1.0063464873754573,
                -1.065232709627555
            ],
            "3.98 s to 4.33 s": [
                -0.9573052773301065,
                -0.7704712215137081,
                -0.4674263404737794,
                -1.2874832846764246
            ],
            "12.72 s to 12.88 s": [
                -1.031824769556386,
                -0.7650764113788351,
                -0.8476889585498466,
                -1.1665673926579425
            ]
        },
        "box1": {
            "1.15 s to 2.73 s": [
                1.523846346245353,
                -0.5086987824893109,
                -1.0627989528598945,
                -0.7149264877325341
            ],
            "10.11 s to 12.08 s": [
                -1.178975024574926,
                0.06712050271745328,
                -1.2817280446334387,
                1.3212456591404762
            ]
        },
        "obj1": {
            "0.0 s to 1.84 s": [
                0.6452022032134914,
                -0.398700871284581,
                0.19251350036718348,
                -0.7320613557798552
            ],
            "4.06 s to 4.26 s": [
                -0.09330145918420205,
                -0.5377503454604572,
                -0.3953453030786936,
                -0.8524715755577349
            ],
            "10.05 s to 11.73 s": [
                -1.063556586870655,
                -0.2887245768449723,
                -1.1468553630749851,
                1.006452847779229
            ]
        }
    },
    "ego_interaction": {
        "0.0 s to 1.15 s": {
            "mode": "free",
            "start-end coordinates": [
                0.1608139250594451,
                -0.12680764410684447,
                1.4452363268381092,
                -0.5275159554558798
            ]
        },
        "0.0 s to 0.0 s": {
            "mode": "free",
            "start-end coordinates": [
                0.1608139250594451,
                -0.12680764410684447,
                0.1608139250594451,
                -0.12680764410684447
            ]
        },
        "0.0 s to 1.84 s": {
            "mode": "attached to obj1",
            "start-end coordinates": [
                0.1608139250594451,
                -0.12680764410684447,
                0.2644759009448965,
                -1.0871037352266366
            ]
        },
        "1.15 s to 2.73 s": {
            "mode": "attached to box1",
            "start-end coordinates": [
                1.4452363268381092,
                -0.5275159554558798,
                -0.9929941962814858,
                -1.0535263608910879
            ]
        },
        "1.84 s to 2.72 s": {
            "mode": "free",
            "start-end coordinates": [
                0.2644759009448965,
                -1.0871037352266366,
                -1.0063464873754573,
                -1.065232709627555
            ]
        },
        "2.73 s to 2.72 s": {
            "mode": "free",
            "start-end coordinates": [
                -0.9929941962814858,
                -1.0535263608910879,
                -1.0063464873754573,
                -1.065232709627555
            ]
        },
        "3.98 s to 4.06 s": {
            "mode": "free",
            "start-end coordinates": [
                -0.9573052773301065,
                -0.7704712215137081,
                -0.7719043918378512,
                -0.8711907714448585
            ]
        },
        "4.06 s to 4.26 s": {
            "mode": "attached to obj1",
            "start-end coordinates": [
                -0.7719043918378512,
                -0.8711907714448585,
                -0.2938338077580144,
                -1.2687198299509113
            ]
        },
        "4.26 s to 4.33 s": {
            "mode": "free",
            "start-end coordinates": [
                -0.2938338077580144,
                -1.2687198299509113,
                -0.4674263404737794,
                -1.2874832846764246
            ]
        }
    }
}