{
    "moved_objects": [
        "ego",
        "box1",
        "obj1"
    ],
    "interactions": {
        "ego": {
            "0.05 s to 1.73 s": [
                0.03525444828789265,
                -0.03265544835952597,
                1.399850737652113,
                -0.5224466771352421
            ],
            "2.69 s to 4.31 s": [
                1.4385942094464714,
                -0.5144734812035627,
                -0.6695832413355098,
                -1.0058561843656812
            ],
            "4.95 s to 6.35 s": [
                -0.8187743953714881,
                -0.8440656880155515,
                -0.03944354262795421,
                -0.5577560674598758
            ],
            "6.92 s to 7.1 s": [
                -0.3230209379557071,
                -0.9710464509661474,
                -0.6283155025393267,
                -0.8936567682747395
            ],
            "8.23 s to 9.01 s": [
                -0.5504831760952256,
                -0.762502520411521,
                0.5325529227749592,
                -1.0295807088276852
            ],
            "9.96 s to 10.94 s": [
                0.290498702196781,
                -0.7858299062865445,
                -1.2678440083340567,
                -1.1372430329676415
            ],
            "12.03 s to 12.37 s": [
                -1.115175725786101,
                -1.1315083452366899,
                -1.0124727010459984,
                -1.308050714784652
            ],
            "15.01 s to 15.5 s": [
                -1.119724326794403,
                -1.2141887200321873,
                -1.1514936011424581,
                -0.8667219274688053
            ],
            "16.25 s to 16.34 s": [
                -1.1302915229892712,
                -0.877291467779628,
                -1.1399570357212903,
                -0.7133007928113738
            ],
            "17.58 s to 18.8 s": [
                -1.132789332849841,
                -0.7297958597007707,
                -0.17576813368162764,
                -0.5839294523613442
            ]
        },
        "box1": {
            "2.65 s to 4.44 s": [
                1.5440690639821615,
                -0.5126867492403042,
                -0.8925931617199219,
                -0.4952997615095067
            ],
            "4.95 s to 6.35 s": [
                -0.9763285593183166,
                -0.4487507524986815,
                -0.7202451028844095,
                -0.03300883002532878
            ],
            "9.95 s to 10.7 s": [
                -0.709375087591849,
                0.12341017283315811,
                -1.1025934371186152,
                -0.05631779566475153
            ],
            "15.33 s to 15.63 s": [
                -1.099537763288626,
                0.12155028237447695,
                -1.0958463634353492,
                0.5437494181350642
            ],
            "17.88 s to 18.8 s": [
                -1.0976205811687128,
                0.7873292372575473,
                -1.088115582671609,
                1.097387611811017
            ]
        },
        "obj1": {
            "8.86 s to 9.0 s": [
                0.7096419552978384,
                -0.7589050632079295,
                0.5847848692194766,
                -0.7139560814319817
            ],
            "9.92 s to 11.04 s": [
                0.38059896575405,
                -0.570267937391875,
                -1.0758954347026117,
                -0.7281365472239707
            ],
            "15.32 s to 15.56 s": [
                -1.0388515225359802,
                -0.47311367611131344,
                -1.0177201912862441,
                -0.12741289273438233
            ],
            "17.57 s to 18.8 s": [
                -0.9911897305523087,
                0.033069983754726535,
                -0.7944528561094537,
                0.2787938325542002
            ]
        }
    },
    "ego_interaction": {
        "2.65 s to 4.44 s": {
            "mode": "attached to box1",
            "start-end coordinates": [
                1.4769202503768442,
                -0.5278671141502741,
                -0.7168049734298862,
                -0.8892762363461527
            ]
        },
        "2.69 s to 2.65 s": {
            "mode": "free",
            "start-end coordinates": [
                1.4385942094464714,
                -0.5144734812035627,
                1.4769202503768442,
                -0.5278671141502741
            ]
        },
        "4.44 s to 4.31 s": {
            "mode": "free",
            "start-end coordinates": [
                -0.7168049734298862,
                -0.8892762363461527,
                -0.6541529314684298,
                -1.0060687488087323
            ]
        },
        "4.95 s to 4.95 s": {
            "mode": "free",
            "start-end coordinates": [
                -0.8187743953714881,
                -0.8440656880155515,
                -0.8187743953714881,
                -0.8440656880155515
            ]
        },
        "4.95 s to 6.35 s": {
            "mode": "attached to box1",
            "start-end coordinates": [
                -0.8187743953714881,
                -0.8440656880155515,
                -0.03944354262795421,
                -0.5577560674598758
            ]
        },
        "6.35 s to 6.35 s": {
            "mode": "free",
            "start-end coordinates": [
                -0.03944354262795421,
                -0.5577560674598758,
                -0.03944354262795421,
                -0.5577560674598758
            ]
        },
        "8.23 s to 8.86 s": {
            "mode": "free",
            "start-end coordinates": [
                -0.5504831760952256,
                -0.762502520411521,
                0.6099189546237844,
                -1.115654072939646
            ]
        },
        "8.86 s to 9.0 s": {
            "mode": "attached to obj1",
            "start-end coordinates": [
                0.6099189546237844,
                -1.115654072939646,
                0.5465725737585783,
                -1.0372161767931547
            ]
        },
        "9.0 s to 9.01 s": {
            "mode": "free",
            "start-end coordinates": [
                0.5465725737585783,
                -1.0372161767931547,
                0.5325529227749592,
                -1.0295807088276852
            ]
        },
        "9.92 s to 11.04 s": {
            "mode": "attached to obj1",
            "start-end coordinates": [
                0.2973901479881335,
                -0.8210079130701623,
                -1.2637415083476544,
                -1.0370953380672643
            ]
        },
        "9.95 s to 10.7 s": {
            "mode": "attached to box1",
            "start-end coordinates": [
                0.2939717014231949,
                -0.8057245616641127,
                -0.8847263181757823,
                -1.3846514964594245
            ]
        },
        "9.96 s to 9.95 s": {
            "mode": "free",
            "start-end coordinates": [
                0.290498702196781,
                -0.7858299062865445,
                0.2939717014231949,
                -0.8057245616641127
            ]
        },
        "9.96 s to 9.92 s": {
            "mode": "free",
            "start-end coordinates": [
                0.290498702196781,
                -0.7858299062865445,
                0.2973901479881335,
                -0.8210079130701623
            ]
        },
        "10.7 s to 10.94 s": {
            "mode": "free",
            "start-end coordinates": [
                -0.8847263181757823,
                -1.3846514964594245,
                -1.2678440083340567,
                -1.1372430329676415
            ]
        },
        "11.04 s to 10.94 s": {
            "mode": "free",