{
    "moved_objects": [
        "ego",
        "box1",
        "obj1"
    ],
    "interactions": {
        "ego": {
            "1.53 s to 3.11 s": [
                -0.037275097445446645,
                -0.0446302722999418,
                -0.8647923854952027,
                -0.7097911535242301
            ],
            "4.06 s to 4.31 s": [
                -1.039839094779607,
                -0.5668815073114318,
                -0.9666831935794489,
                -1.123057005938358
            ],
            "5.72 s to 7.12 s": [
                -1.1376821006420175,
                -1.0180754215643049,
                -1.0945020446546538,
                -0.6134497187076391
            ],
            "7.82 s to 8.06 s": [
                -1.1021474271006362,
                -0.6890630150142325,
                -0.8036298399348841,
                -1.233867344446421
            ]
        },
        "box1": {
            "1.57 s to 3.17 s": [
                1.497355400211517,
                -0.5029292112104644,
                -0.993077486127454,
                -0.8472993772378062
            ],
            "5.74 s to 7.43 s": [
                -1.1940361254541587,
                -0.41222681780217907,
                -1.2658153117974866,
                1.669964228585099
            ]
        },
        "obj1": {
            "2.43 s to 2.72 s": [
                0.46259973475108096,
                -0.5115283056552391,
                -0.11789407992556039,
                -0.5178328125130371
            ],
            "4.06 s to 4.21 s": [
                -0.10595404202849533,
                -0.5174996225157551,
                0.28463052089484403,
                -0.5066234218995294
            ],
            "5.8 s to 8.12 s": [
                0.12973062243012504,
                -0.5152341765541787,
                -1.0515410620542733,
                -0.3309086595326024
            ]
        }
    },
    "ego_interaction": {
        "1.53 s to 1.57 s": {
            "mode": "free",
            "start-end coordinates": [
                -0.037275097445446645,
                -0.0446302722999418,
                0.16999096341330755,
                -0.30761103316993843
            ]
        },
        "1.53 s to 2.43 s": {
            "mode": "free",
            "start-end coordinates": [
                -0.037275097445446645,
                -0.0446302722999418,
                1.1055764837897175,
                -0.7550155515402557
            ]
        },
        "1.57 s to 3.17 s": {
            "mode": "attached to box1",
            "start-end coordinates": [
                0.16999096341330755,
                -0.30761103316993843,
                -0.9361369394340531,
                -0.648025417795119
            ]
        },
        "2.43 s to 2.72 s": {
            "mode": "attached to obj1",
            "start-end coordinates": [
                1.1055764837897175,
                -0.7550155515402557,
                0.5787255859391427,
                -1.2840398941536295
            ]
        },
        "2.72 s to 3.11 s": {
            "mode": "free",
            "start-end coordinates": [
                0.5787255859391427,
                -1.2840398941536295,
                -0.8647923854952027,
                -0.7097911535242301
            ]
        },
        "3.17 s to 3.11 s": {
            "mode": "free",
            "start-end coordinates": [
                -0.9361369394340531,
                -0.648025417795119,
                -0.8647923854952027,
                -0.7097911535242301
            ]
        },
        "4.06 s to 4.06 s": {
            "mode": "free",
            "start-end coordinates": [
                -1.058705798554538,
                -0.5600781838514765,
                -1.058705798554538,
                -0.5600781838514765
            ]
        },
        "4.06 s to 4.21 s": {
            "mode": "attached to obj1",
            "start-end coordinates": [
                -1.058705798554538,
                -0.5600781838514765,
                -0.48013417702041017,
                -1.0924613976048605
            ]
        },
        "4.21 s to 4.31 s": {
            "mode": "free",
            "start-end coordinates": [
                -0.48013417702041017,
                -1.0924613976048605,
                -0.945131025311385,
                -1.1298048887384669
            ]
        },
        "5.72 s to 5.74 s": {
            "mode": "free",
            "start-end coordinates": [
                -1.1376821006420175,
                -1.0180754215643049,
                -1.1251417758309998,
                -0.9460897525890476
            ]
        },
        "5.72 s to 5.8 s": {
            "mode": "free",
            "start-end coordinates": [
                -1.1376821006420175,
                -1.0180754215643049,
                -1.0626316712091597,
                -0.7023314518217094
            ]
        },
        "5.74 s to 7.43 s": {
            "mode": "attached to box1",
            "start-end coordinates": [
                -1.1251417758309998,
                -0.9460897525890476,
                -1.1072277308266794,
                -0.5640476988825851
            ]
        },
        "5.8 s to 8.12 s": {
            "mode": "attached to obj1",
            "start-end coordinates": [
                -1.0626316712091597,
                -0.7023314518217094,
                -0.8448654917863818,
                -1.1864656973324461
            ]
        },
        "7.43 s to 7.12 s": {
            "mode": "free",
            "start-end coordinates": [
                -1.1072277308266794,
                -0.5640476988825851,
                -1.0945020446546538,
                -0.6134497187076391
            ]
        },
        "7.82 s to 5.8 s": {
            "mode": "free",
            "start-end coordinates": [
                -1.1021474271006362,
                -0.6890630150142325,
                -1.0626316712091597,
                -0.7023314518217094
            ]
        },
        "8.12 s to 7.12 s": {
            "mode": "free",
            "start-end coordinates": [
                -0.8448654917863818,
                -1.1864656973324461,
                -1.0945020446546538,
                -0.6134497187076391
            ]
        },
        "8.12 s to 8.06 s": {
            "mode": "free",
            "start-end coordinates": [
                -0.8448654917863818,
                -1.1864656973324461,
                -0.8036298399348841,
                -1.233867344446421
            ]
        }
    }
}