{
    "moved_objects": [
        "ego",
        "box1",
        "obj1"
    ],
    "interactions": {
        "ego": {
            "0.0 s to 1.56 s": [
                0.2161775948698282,
                -0.07172229635171626,
                1.2518590115068902,
                -0.36012608894966947
            ],
            "3.63 s to 5.29 s": [
                1.1591150185041055,
                -0.13416714455372275,
                -1.0079145689406164,
                -0.9009257604360215
            ]
        },
        "box1": {
            "3.55 s to 4.93 s": [
                1.3060499489491124,
                -0.12249560516327972,
                -1.0309910711434145,
                -0.5014654412161228
            ],
            "7.87 s to 9.75 s": [
                -1.161724490600369,
                -0.1520271193240112,
                -1.2230985515855093,
                1.323022066492123
            ]
        },
        "obj1": {
            "6.57 s to 7.41 s": [
                0.4124198049404484,
                -0.4642523118717445,
                -1.2326708181679114,
                -0.9788644932424473
            ],
            "8.1 s to 9.67 s": [
                -1.2005261400946614,
                -0.6721649577926119,
                -1.169026392054779,
                0.43226406315049526
            ]
        }
    },
    "ego_interaction": {
        "3.55 s to 4.93 s": {
            "mode": "attached to box1",
            "start-end coordinates": [
                1.3077572342071508,
                -0.22979934592708604,
                -0.9487591198356662,
                -0.7845282497566046
            ]
        },
        "3.63 s to 3.55 s": {
            "mode": "free",
            "start-end coordinates": [
                1.1591150185041055,
                -0.13416714455372275,
                1.3077572342071508,
                -0.22979934592708604
            ]
        },
        "4.93 s to 5.29 s": {
            "mode": "free",
            "start-end coordinates": [
                -0.9487591198356662,
                -0.7845282497566046,
                -1.0079145689406164,
                -0.9009257604360215
            ]
        }
    }
}