{
    "moved_objects": [
        "ego",
        "box1",
        "obj1"
    ],
    "interactions": {
        "ego": {
            "0.0 s to 2.72 s": [
                0.1608139250594451,
                -0.12680764410684447,
                -1.0063464873754573,
                -1.065232709627555
            ],
            "3.98 s to 4.33 s": [
                -0.9573052773301065,
                -0.7704712215137081,
                -0.4674263404737794,
                -1.2874832846764246
            ],
            "7.65 s to 7.86 s": [
                -1.0042369244044873,
                -1.2252598556803675,
                -1.1069510950949741,
                -1.4286819344370087
            ],
            "8.79 s to 9.37 s": [
                -1.1127868709603046,
                -1.1623448845002022,
                -1.1740147369020055,
                -0.9823331674691517
            ],
            "10.04 s to 11.12 s": [
                -1.1123390783873641,
                -0.8714477594740639,
                -1.0556241132737063,
                -0.523779067777903
            ],
            "11.96 s to 12.02 s": [
                -1.1684503723487987,
                -0.6755675374718119,
                -1.1574730125268762,
                -0.7913455094592732
            ],
            "12.72 s to 12.88 s": [
                -1.031824769556386,
                -0.7650764113788351,
                -0.8476889585498466,
                -1.1665673926579425
            ]
        },
        "box1": {
            "1.15 s to 2.73 s": [
                1.523846346245353,
                -0.5086987824893109,
                -1.0627989528598945,
                -0.7149264877325341
            ],
            "10.11 s to 12.08 s": [
                -1.178975024574926,
                0.06712050271745328,
                -1.2817280446334387,
                1.3212456591404762
            ]
        },
        "obj1": {
            "0.0 s to 1.84 s": [
                0.6452022032134914,
                -0.398700871284581,
                0.19251350036718348,
                -0.7320613557798552
            ],
            "4.06 s to 4.26 s": [
                -0.09330145918420205,
                -0.5377503454604572,
                -0.3953453030786936,
                -0.8524715755577349
            ],
            "7.62 s to 7.86 s": [
                -0.6289448055690369,
                -0.5957985588002421,
                -0.8612192559937433,
                -0.7626352610151594
            ],
            "10.05 s to 11.73 s": [
                -1.063556586870655,
                -0.2887245768449723,
                -1.1468553630749851,
                1.006452847779229
            ],
            "12.72 s to 12.9 s": [
                -1.1416994972263281,
                0.6928982003629715,
                -1.1471895192239276,
                0.5149710144413541
            ]
        }
    },
    "ego_interaction": {
        "0.0 s to 1.15 s": {
            "mode": "free",
            "start-end coordinates": [
                0.1608139250594451,
                -0.12680764410684447,
                1.4452363268381092,
                -0.5275159554558798
            ]
        },
        "0.0 s to 0.0 s": {
            "mode": "free",
            "start-end coordinates": [
                0.1608139250594451,
                -0.12680764410684447,
                0.1608139250594451,
                -0.12680764410684447
            ]
        },
        "0.0 s to 1.84 s": {
            "mode": "attached to obj1",
            "start-end coordinates": [
                0.1608139250594451,
                -0.12680764410684447,
                0.2644759009448965,
                -1.0871037352266366
            ]
        },
        "1.15 s to 2.73 s": {
            "mode": "attached to box1",
            "start-end coordinates": [
                1.4452363268381092,
                -0.5275159554558798,
                -0.9929941962814858,
                -1.0535263608910879
            ]
        },
        "1.84 s to 2.72 s": {
            "mode": "free",
            "start-end coordinates": [
                0.2644759009448965,
                -1.0871037352266366,
                -1.0063464873754573,
                -1.065232709627555
            ]
        },
        "2.73 s to 2.72 s": {
            "mode": "free",
            "start-end coordinates": [
                -0.9929941962814858,
                -1.0535263608910879,
                -1.0063464873754573,
                -1.065232709627555
            ]
        },
        "3.98 s to 4.06 s": {
            "mode": "free",
            "start-end coordinates": [
                -0.9573052773301065,
                -0.7704712215137081,
                -0.7719043918378512,
                -0.8711907714448585
            ]
        },
        "4.06 s to 4.26 s": {
            "mode": "attached to obj1",
            "start-end coordinates": [
                -0.7719043918378512,
                -0.8711907714448585,
                -0.2938338077580144,
                -1.2687198299509113
            ]
        },
        "4.26 s to 4.33 s": {
            "mode": "free",
            "start-end coordinates": [
                -0.2938338077580144,
                -1.2687198299509113,
                -0.4674263404737794,
                -1.2874832846764246
            ]
        },
        "7.62 s to 7.86 s": {
            "mode": "attached to obj1",
            "start-end coordinates": [
                -1.0256875870674755,
                -1.197401746590398,
                -1.1069510950949741,
                -1.4286819344370087
            ]
        },
        "7.65 s to 7.62 s": {
            "mode": "free",
            "start-end coordinates": [
                -1.0042369244044873,
                -1.2252598556803675,
                -1.0256875870674755,
                -1.197401746590398
            ]
        },
        "7.86 s to 7.86 s": {
            "mode": "free",
            "start-end coordinates": [
                -1.1069510950949741,
                -1.4286819344370087,
                -1.1069510950949741,
                -1.4286819344370087
            ]
        },
        "10.04 s to 10.11 s": {
            "mode": "free",
            "start-end coordinates": [
                -1.1086685024450609,
                -0.8563798158636605,
                -1.1803616056786876,
                -1.0989349755723732
            ]
        },
        "10.04 s to 10.05 s": {
            "mode": "free",
            "start-end coordinates": [
                -1.1086685024450609,
                -0.8563798158636605,
                -1.1181024978144123,
                -0.8915514424252571
            ]
        },
        "10.05 s to 11.73 s": {
            "mode": "attached to obj1",
            "start-end coordinates": [
                -1.1181024978144123,
                -0.8915514424252571,
                -1.1299737105964285,
                -0.49065570685312043
            ]
        },
        "10.11 s to 12.08 s": {
            "mode": "attached to box1",
            "start-end coordinates": [
                -1.1803616056786876,
                -1.0989349755723732,
                -1.1396656082322778,
                -0.8590318308438896
            ]
        },
        "11.73 s to 11.12 s": {
            "mode": "free",
            "start-end coordinates": [
                -1.1299737105964285,
                -0.49065570685312043,
                -1.0556241132737063,
                -0.523779067777903
            ]
        },
        "11.96 s to 10.11 s": {
            "mode": "free",
            "start-end coordinates": [
                -1.1684503723487987,
                -0.6755675374718119,
                -1.1803616056786876,
                -1.0989349755723732
            ]
        },
        "12.08 s to 11.12 s": {
            "mode": "free",