{
    "moved_objects": [
        "ego",
        "box1",
        "obj1"
    ],
    "interactions": {
        "ego": {
            "0.0 s to 0.9 s": [
                0.08929466651519764,
                -0.4970734489863707,
                -0.8941061751533239,
                -0.7233650620513018
            ],
            "1.97 s to 2.29 s": [
                -0.9105703719842575,
                -0.7542926729653857,
                -1.1010603230423754,
                -0.9975670015816855
            ]
        },
        "box1": {
            "0.0 s to 0.9 s": [
                0.3279260514465719,
                -0.3845063809376555,
                -1.0801195183012688,
                0.3008833938950993
            ],
            "1.97 s to 2.07 s": [
                -1.180789199871916,
                0.5150431438638304,
                -1.3697275386078536,
                0.5671690929907782
            ]
        },
        "obj1": {
            "0.0 s to 0.9 s": [
                0.8746440494540931,
                -0.8138766529408531,
                -0.930255693211951,
                -0.24759349024376207
            ],
            "1.97 s to 2.27 s": [
                -1.003973441469292,
                -0.13274783554511027,
                -1.1352059816278723,
                -0.021663022303512806
            ]
        }
    },
    "ego_interaction": {
        "0.0 s to 0.0 s": {
            "mode": "free",
            "start-end coordinates": [
                0.08929466651519764,
                -0.4970734489863707,
                0.08929466651519764,
                -0.4970734489863707
            ]
        },
        "0.0 s to 0.9 s": {
            "mode": "attached to obj1",
            "start-end coordinates": [
                0.08929466651519764,
                -0.4970734489863707,
                -0.8941061751533239,
                -0.7233650620513018
            ]
        },
        "0.9 s to 0.9 s": {
            "mode": "free",
            "start-end coordinates": [
                -0.8941061751533239,
                -0.7233650620513018,
                -0.8941061751533239,
                -0.7233650620513018
            ]
        },
        "1.97 s to 1.97 s": {
            "mode": "free",
            "start-end coordinates": [
                -0.9105703719842575,
                -0.7542926729653857,
                -0.9105703719842575,
                -0.7542926729653857
            ]
        },
        "1.97 s to 2.07 s": {
            "mode": "attached to box1",
            "start-end coordinates": [
                -0.9105703719842575,
                -0.7542926729653857,
                -0.9344847896717154,
                -0.7848545966939882
            ]
        },
        "1.97 s to 2.27 s": {
            "mode": "attached to obj1",
            "start-end coordinates": [
                -0.9105703719842575,
                -0.7542926729653857,
                -0.9501411227661605,
                -0.7900419283148838
            ]
        },
        "2.07 s to 2.29 s": {
            "mode": "free",
            "start-end coordinates": [
                -0.9344847896717154,
                -0.7848545966939882,
                -1.1010603230423754,
                -0.9975670015816855
            ]
        },
        "2.27 s to 2.29 s": {
            "mode": "free",
            "start-end coordinates": [
                -0.9501411227661605,
                -0.7900419283148838,
                -1.1010603230423754,
                -0.9975670015816855
            ]
        }
    }
}