{
    "moved_objects": [
        "ego",
        "box1",
        "obj1"
    ],
    "interactions": {
        "ego": {
            "0.0 s to 0.9 s": [
                0.08929466651519764,
                -0.4970734489863707,
                -0.8941061751533239,
                -0.7233650620513018
            ]
        },
        "box1": {
            "0.0 s to 0.9 s": [
                0.3279260514465719,
                -0.3845063809376555,
                -1.0801195183012688,
                0.3008833938950993
            ]
        },
        "obj1": {
            "0.0 s to 0.9 s": [
                0.8746440494540931,
                -0.8138766529408531,
                -0.930255693211951,
                -0.24759349024376207
            ]
        }
    },
    "ego_interaction": {
        "0.0 s to 0.0 s": {
            "mode": "free",
            "start-end coordinates": [
                0.08929466651519764,
                -0.4970734489863707,
                0.08929466651519764,
                -0.4970734489863707
            ]
        },
        "0.0 s to 0.9 s": {
            "mode": "attached to obj1",
            "start-end coordinates": [
                0.08929466651519764,
                -0.4970734489863707,
                -0.8941061751533239,
                -0.7233650620513018
            ]
        },
        "0.9 s to 0.9 s": {
            "mode": "free",
            "start-end coordinates": [
                -0.8941061751533239,
                -0.7233650620513018,
                -0.8941061751533239,
                -0.7233650620513018
            ]
        }
    }
}