{
    "moved_objects": [
        "ego",
        "box1"
    ],
    "interactions": {
        "ego": {
            "0.0 s to 0.82 s": [
                0.22051221910062865,
                -0.12053717890199925,
                0.8915875375590192,
                0.028962031300811354
            ],
            "1.62 s to 2.1 s": [
                1.323724184223686,
                -0.10005708536769128,
                -0.10203432871083758,
                -0.5568478553444717
            ]
        },
        "box1": {
            "1.65 s to 2.1 s": [
                1.460565794342441,
                -0.4182602861454286,
                -0.2532504299519199,
                -0.6074108087112536
            ]
        }
    },
    "ego_interaction": {
        "1.62 s to 1.65 s": {
            "mode": "free",
            "start-end coordinates": [
                1.323724184223686,
                -0.10005708536769128,
                1.4491877420915844,
                -0.16299643045062617
            ]
        },
        "1.65 s to 2.1 s": {
            "mode": "attached to box1",
            "start-end coordinates": [
                1.4491877420915844,
                -0.16299643045062617,
                -0.10203432871083758,
                -0.5568478553444717
            ]
        },
        "2.1 s to 2.1 s": {
            "mode": "free",
            "start-end coordinates": [
                -0.10203432871083758,
                -0.5568478553444717,
                -0.10203432871083758,
                -0.5568478553444717
            ]
        }
    }
}