{
    "moved_objects": [
        "ego",
        "box1",
        "obj1"
    ],
    "interactions": {
        "ego": {
            "2.32 s to 3.69 s": [
                0.17436789077296394,
                -0.31159887523249064,
                1.488664149459649,
                -0.2661081400885154
            ],
            "11.14 s to 12.7 s": [
                0.681719156501093,
                -0.1514376285808945,
                -1.165399519203072,
                -1.0958220991162704
            ],
            "13.73 s to 15.79 s": [
                -1.145039660577175,
                -1.1183514499361695,
                -0.8387184942361294,
                -0.8476569360173994
            ],
            "17.22 s to 18.29 s": [
                -0.8177536232659898,
                -0.8357420844230965,
                -1.3829353996886344,
                -1.566000186990408
            ]
        },
        "box1": {
            "4.09 s to 5.49 s": [
                1.402756452960223,
                -0.4280299966339324,
                0.7366367176749801,
                0.025991962205694927
            ],
            "11.32 s to 12.71 s": [
                0.6729129656044841,
                -0.12896976018478049,
                -1.1418901326324202,
                -0.2103800827318411
            ],
            "20.48 s to 22.01 s": [
                -1.1774719075904765,
                0.010672433969084676,
                -1.3190655857242686,
                1.7507086228579807
            ]
        },
        "obj1": {
            "11.23 s to 12.76 s": [
                0.5245812830196225,
                -0.5646368222999603,
                -1.1492750132312137,
                -1.0184500592709143
            ],
            "20.49 s to 21.99 s": [
                -1.1406271658790152,
                -0.6304801775983185,
                -1.22386782936527,
                0.9985803879347652
            ]
        }
    },
    "ego_interaction": {
        "11.14 s to 11.32 s": {
            "mode": "free",
            "start-end coordinates": [
                0.681719156501093,
                -0.1514376285808945,
                0.6290873612451111,
                -0.31755493626280495
            ]
        },
        "11.14 s to 11.23 s": {
            "mode": "free",
            "start-end coordinates": [
                0.681719156501093,
                -0.1514376285808945,
                0.6444065758618193,
                -0.24921036231980997
            ]
        },
        "11.23 s to 12.76 s": {
            "mode": "attached to obj1",
            "start-end coordinates": [
                0.6444065758618193,
                -0.24921036231980997,
                -1.1953902149091762,
                -1.0757157366653285
            ]
        },
        "11.32 s to 12.71 s": {
            "mode": "attached to box1",
            "start-end coordinates": [
                0.6290873612451111,
                -0.31755493626280495,
                -1.173676596792585,
                -1.092918887859361
            ]
        },
        "12.71 s to 12.7 s": {
            "mode": "free",
            "start-end coordinates": [
                -1.173676596792585,
                -1.092918887859361,
                -1.165399519203072,
                -1.0958220991162704
            ]
        },
        "12.76 s to 12.7 s": {
            "mode": "free",
            "start-end coordinates": [
                -1.1953902149091762,
                -1.0757157366653285,
                -1.165399519203072,
                -1.0958220991162704
            ]
        }
    }
}