{
    "moved_objects": [
        "ego",
        "box1",
        "obj1"
    ],
    "interactions": {
        "ego": {
            "2.32 s to 3.69 s": [
                0.17436789077296394,
                -0.31159887523249064,
                1.488664149459649,
                -0.2661081400885154
            ],
            "4.34 s to 4.47 s": [
                1.236874838225912,
                -0.0831318174461034,
                1.12160596841655,
                0.01982902805589154
            ],
            "11.14 s to 12.7 s": [
                0.681719156501093,
                -0.1514376285808945,
                -1.165399519203072,
                -1.0958220991162704
            ],
            "13.73 s to 15.79 s": [
                -1.145039660577175,
                -1.1183514499361695,
                -0.8387184942361294,
                -0.8476569360173994
            ],
            "17.22 s to 18.29 s": [
                -0.8177536232659898,
                -0.8357420844230965,
                -1.3829353996886344,
                -1.566000186990408
            ],
            "19.29 s to 19.92 s": [
                -1.2000569975796245,
                -1.3356506448661527,
                -1.1362666585579868,
                -1.4749440309020272
            ],
            "20.47 s to 21.98 s": [
                -1.0867368784228362,
                -1.4903371260769425,
                -0.795224083708377,
                -1.6127550173761116
            ]
        },
        "box1": {
            "4.09 s to 5.49 s": [
                1.402756452960223,
                -0.4280299966339324,
                0.7366367176749801,
                0.025991962205694927
            ],
            "11.32 s to 12.71 s": [
                0.6729129656044841,
                -0.12896976018478049,
                -1.1418901326324202,
                -0.2103800827318411
            ],
            "20.48 s to 22.01 s": [
                -1.1774719075904765,
                0.010672433969084676,
                -1.3190655857242686,
                1.7507086228579807
            ]
        },
        "obj1": {
            "11.23 s to 12.76 s": [
                0.5245812830196225,
                -0.5646368222999603,
                -1.1492750132312137,
                -1.0184500592709143
            ],
            "14.28 s to 16.23 s": [
                -1.0830943570885414,
                -1.0768255660669426,
                -1.1282711861967205,
                -0.8621170181219592
            ],
            "18.7 s to 19.06 s": [
                -1.2526188895112167,
                -0.8748815353005841,
                -1.127287087156236,
                -0.8189523483618713
            ],
            "20.49 s to 21.99 s": [
                -1.1406271658790152,
                -0.6304801775983185,
                -1.22386782936527,
                0.9985803879347652
            ]
        }
    },
    "ego_interaction": {
        "4.09 s to 5.49 s": {
            "mode": "attached to box1",
            "start-end coordinates": [
                1.3497363432399019,
                -0.1675165199228002,
                0.7982530705056702,
                0.38287186991492306
            ]
        },
        "4.34 s to 4.09 s": {
            "mode": "free",
            "start-end coordinates": [
                1.236874838225912,
                -0.0831318174461034,
                1.3497363432399019,
                -0.1675165199228002
            ]
        },
        "5.49 s to 4.47 s": {
            "mode": "free",
            "start-end coordinates": [
                0.7982530705056702,
                0.38287186991492306,
                1.12160596841655,
                0.01982902805589154
            ]
        },
        "11.14 s to 11.32 s": {
            "mode": "free",
            "start-end coordinates": [
                0.681719156501093,
                -0.1514376285808945,
                0.6290873612451111,
                -0.31755493626280495
            ]
        },
        "11.14 s to 11.23 s": {
            "mode": "free",
            "start-end coordinates": [
                0.681719156501093,
                -0.1514376285808945,
                0.6444065758618193,
                -0.24921036231980997
            ]
        },
        "11.23 s to 12.76 s": {
            "mode": "attached to obj1",
            "start-end coordinates": [
                0.6444065758618193,
                -0.24921036231980997,
                -1.1953902149091762,
                -1.0757157366653285
            ]
        },
        "11.32 s to 12.71 s": {
            "mode": "attached to box1",
            "start-end coordinates": [
                0.6290873612451111,
                -0.31755493626280495,
                -1.173676596792585,
                -1.092918887859361
            ]
        },
        "12.71 s to 12.7 s": {
            "mode": "free",
            "start-end coordinates": [
                -1.173676596792585,
                -1.092918887859361,
                -1.165399519203072,
                -1.0958220991162704
            ]
        },
        "12.76 s to 12.7 s": {
            "mode": "free",
            "start-end coordinates": [
                -1.1953902149091762,
                -1.0757157366653285,
                -1.165399519203072,
                -1.0958220991162704
            ]
        },
        "13.73 s to 14.28 s": {
            "mode": "free",
            "start-end coordinates": [
                -1.145039660577175,
                -1.1183514499361695,
                -0.6851039520321618,
                -1.2798340111696953
            ]
        },
        "14.28 s to 16.23 s": {
            "mode": "attached to obj1",
            "start-end coordinates": [
                -0.6851039520321618,
                -1.2798340111696953,
                -0.803918669992792,
                -0.8023841998440153
            ]
        },
        "16.23 s to 15.79 s": {
            "mode": "free",
            "start-end coordinates": [
                -0.803918669992792,
                -0.8023841998440153,
                -0.8387184942361294,
                -0.8476569360173994
            ]
        },
        "20.47 s to 20.48 s": {
            "mode": "free",
            "start-end coordinates": [
                -1.0867368784228362,
                -1.4903371260769425,
                -1.0879308790557403,
                -1.4804893449335823
            ]
        },
        "20.47 s to 20.49 s": {
            "mode": "free",
            "start-end coordinates": [
                -1.0867368784228362,
                -1.4903371260769425,
                -1.0890972745784289,
                -1.4686284823776203
            ]
        },
        "20.48 s to 22.01 s": {
            "mode": "attached to box1",
            "start-end coordinates": [
                -1.0879308790557403,
                -1.4804893449335823,
                -0.8171295045868245,
                -1.6094271999755174
            ]
        },
        "20.49 s to 21.99 s": {
            "mode": "attached to obj1",
            "start-end coordinates": [
                -1.0890972745784289,
                -1.4686284823776203,
                -0.803795960594043,
                -1.6117655719929904
            ]
        },
        "21.99 s to 21.98 s": {
            "mode": "free",
            "start-end coordinates": [
                -0.803795960594043,
                -1.6117655719929904,
                -0.795224083708377,
                -1.6127550173761116
            ]
        },
        "22.01 s to 21.98 s": {
            "mode": "free",
            "start-end coordinates": [
                -0.8171295045868245,
                -1.6094271999755174,
                -0.795224083708377,
                -1.6127550173761116
            ]
        }
    }
}