{
    "moved_objects": [
        "ego",
        "box1"
    ],
    "interactions": {
        "ego": {
            "1.44 s to 2.63 s": [
                1.0975517410896942,
                1.6271624535269125,
                0.05575821145150353,
                1.6126316502190123
            ],
            "3.94 s to 4.08 s": [
                -0.11739445033671733,
                1.6164718986133852,
                -0.1187837789652106,
                1.7417511187618944
            ],
            "4.99 s to 6.84 s": [
                -0.011499565512669485,
                1.7238033860854474,
                -0.5470555805676988,
                1.5930048639538743
            ],
            "7.39 s to 7.56 s": [
                -0.5568280966027046,
                1.6917265476384205,
                -0.41005242436442735,
                1.6650109740448582
            ]
        },
        "box1": {
            "2.09 s to 2.53 s": [
                1.5650542339180493,
                1.4094841116030818,
                0.3262598675055148,
                1.3758116345672726
            ]
        }
    },
    "ego_interaction": {
        "1.44 s to 2.09 s": {
            "mode": "free",
            "start-end coordinates": [
                1.0975517410896942,
                1.6271624535269125,
                1.3861967402006619,
                1.6360358519451923
            ]
        },
        "2.09 s to 2.53 s": {
            "mode": "attached to box1",
            "start-end coordinates": [
                1.3861967402006619,
                1.6360358519451923,
                0.18881205004541585,
                1.6191382766121436
            ]
        },
        "2.53 s to 2.63 s": {
            "mode": "free",
            "start-end coordinates": [
                0.18881205004541585,
                1.6191382766121436,
                0.05575821145150353,
                1.6126316502190123
            ]
        }
    }
}