{
    "moved_objects": [
        "ego",
        "box1"
    ],
    "interactions": {
        "ego": {
            "1.67 s to 2.13 s": [
                1.238096153329406,
                1.6323850538960831,
                1.452030605979392,
                1.6801931968185473
            ],
            "2.77 s to 4.08 s": [
                1.541545880447603,
                1.639156111318769,
                -0.07807216797715752,
                1.5483344781013957
            ],
            "4.64 s to 5.62 s": [
                -0.2248989182706553,
                1.5310805052268472,
                -0.9541268638936594,
                1.6131198366432846
            ],
            "7.52 s to 9.52 s": [
                -1.3552480044908646,
                1.4994575213625287,
                -0.4296950458274972,
                1.6357882136199213
            ]
        },
        "box1": {
            "1.68 s to 2.23 s": [
                1.5512003427381458,
                1.3990256948146513,
                1.5568846391013997,
                1.133906798038669
            ],
            "2.88 s to 3.62 s": [
                1.44015578114981,
                1.2872864219161404,
                -0.16171029610135224,
                0.859690994775756
            ],
            "4.75 s to 5.62 s": [
                -0.5277809466640095,
                1.1312488110195054,
                -1.3509579073148774,
                1.1938453098173332
            ],
            "7.55 s to 9.52 s": [
                -1.3493416318172922,
                1.0913497471798228,
                -0.24099815050122236,
                -1.202518451014957
            ]
        }
    },
    "ego_interaction": {
        "1.67 s to 1.68 s": {
            "mode": "free",
            "start-end coordinates": [
                1.238096153329406,
                1.6323850538960831,
                1.2241939536169673,
                1.6331413036916445
            ]
        },
        "1.68 s to 2.23 s": {
            "mode": "attached to box1",
            "start-end coordinates": [
                1.2241939536169673,
                1.6331413036916445,
                1.422086354484628,
                1.6842395825799126
            ]
        },
        "2.23 s to 2.13 s": {
            "mode": "free",
            "start-end coordinates": [
                1.422086354484628,
                1.6842395825799126,
                1.452030605979392,
                1.6801931968185473
            ]
        },
        "2.77 s to 2.88 s": {
            "mode": "free",
            "start-end coordinates": [
                1.541545880447603,
                1.639156111318769,
                1.3732572563215677,
                1.622159410174288
            ]
        },
        "2.88 s to 3.62 s": {
            "mode": "attached to box1",
            "start-end coordinates": [
                1.3732572563215677,
                1.622159410174288,
                0.5238980911314046,
                1.5590123769269129
            ]
        },
        "3.62 s to 4.08 s": {
            "mode": "free",
            "start-end coordinates": [
                0.5238980911314046,
                1.5590123769269129,
                -0.07807216797715752,
                1.5483344781013957
            ]
        },
        "4.64 s to 4.75 s": {
            "mode": "free",
            "start-end coordinates": [
                -0.2226586598145746,
                1.5192965850724436,
                -0.2742941305794282,
                1.67442619458812
            ]
        },
        "4.75 s to 5.62 s": {
            "mode": "attached to box1",
            "start-end coordinates": [
                -0.2742941305794282,
                1.67442619458812,
                -0.9541268638936594,
                1.6131198366432846
            ]
        },
        "5.62 s to 5.62 s": {
            "mode": "free",
            "start-end coordinates": [
                -0.9541268638936594,
                1.6131198366432846,
                -0.9541268638936594,
                1.6131198366432846
            ]
        },
        "7.52 s to 7.55 s": {
            "mode": "free",
            "start-end coordinates": [
                -1.3552480044908646,
                1.4994575213625287,
                -1.2999501759075207,
                1.5138140063552368
            ]
        },
        "7.55 s to 9.52 s": {
            "mode": "attached to box1",
            "start-end coordinates": [
                -1.2999501759075207,
                1.5138140063552368,
                -0.4296950458274972,
                1.6357882136199213
            ]
        },
        "9.52 s to 9.52 s": {
            "mode": "free",
            "start-end coordinates": [
                -0.4296950458274972,
                1.6357882136199213,
                -0.4296950458274972,
                1.6357882136199213
            ]
        }
    }
}