{
    "moved_objects": [
        "ego",
        "box1"
    ],
    "interactions": {
        "ego": {
            "0.79 s to 1.72 s": [
                -0.05535919867685381,
                -0.02608485206359077,
                1.1670053123730642,
                -0.712817374952969
            ],
            "2.98 s to 4.79 s": [
                1.1698514290163897,
                -0.7116062840264701,
                -1.4580813885164816,
                -0.6812323288174919
            ],
            "5.34 s to 5.63 s": [
                -1.5310107748876565,
                -0.7156816622643671,
                -1.3489299351482789,
                -1.2795182276311448
            ],
            "6.23 s to 6.44 s": [
                -1.232250022674613,
                -1.039646478616931,
                -1.2180760703747475,
                -0.8095945946050098
            ],
            "8.02 s to 8.74 s": [
                -1.1978240119494878,
                -0.8181549443666087,
                -1.194521754437264,
                -0.6523027381654223
            ]
        },
        "box1": {
            "2.94 s to 4.82 s": [
                1.4555480644624166,
                -0.49329037460903435,
                -1.2029352629050531,
                -0.42378419550208807
            ],
            "8.05 s to 8.75 s": [
                -1.1909087609069107,
                -0.19847303667991686,
                -1.1929322592482958,
                -0.011783576216794952
            ]
        }
    },
    "ego_interaction": {
        "2.94 s to 4.82 s": {
            "mode": "attached to box1",
            "start-end coordinates": [
                1.1973670597642234,
                -0.7154414248635067,
                -1.4581594936568925,
                -0.6616270236849465
            ]
        },
        "2.98 s to 2.94 s": {
            "mode": "free",
            "start-end coordinates": [
                1.1698514290163897,
                -0.7116062840264701,
                1.1973670597642234,
                -0.7154414248635067
            ]
        },
        "4.82 s to 4.79 s": {
            "mode": "free",
            "start-end coordinates": [
                -1.4581594936568925,
                -0.6616270236849465,
                -1.4580813885164816,
                -0.6812323288174919
            ]
        },
        "8.02 s to 8.05 s": {
            "mode": "free",
            "start-end coordinates": [
                -1.1978240119494878,
                -0.8181549443666087,
                -1.1783755861971053,
                -0.8352641385028805
            ]
        },
        "8.05 s to 8.75 s": {
            "mode": "attached to box1",
            "start-end coordinates": [
                -1.1783755861971053,
                -0.8352641385028805,
                -1.194275510492565,
                -0.644919127000585
            ]
        },
        "8.75 s to 8.74 s": {
            "mode": "free",
            "start-end coordinates": [
                -1.194275510492565,
                -0.644919127000585,
                -1.194521754437264,
                -0.6523027381654223
            ]
        }
    }
}