{
    "moved_objects": [
        "ego",
        "box1"
    ],
    "interactions": {
        "ego": {
            "1.84 s to 2.81 s": [
                0.05789363458007167,
                -0.16101463765143714,
                1.354138055271247,
                -0.4929672847314913
            ],
            "4.31 s to 5.48 s": [
                1.1748385010912554,
                -0.624785066144317,
                -1.051919522217535,
                -1.471166553623417
            ],
            "6.09 s to 7.0 s": [
                -1.158698276696982,
                -1.2542568198044517,
                -1.1742835224031136,
                -0.669012803081659
            ],
            "7.69 s to 9.78 s": [
                -1.211013899448521,
                -0.6803319724742789,
                0.33531989287820224,
                -0.46577815468255024
            ],
            "11.55 s to 11.76 s": [
                0.4149717976491555,
                -0.11487543440977996,
                0.25654876661426107,
                0.12987976756352085
            ],
            "12.4 s to 13.02 s": [
                0.29265773582669613,
                -0.1021642660315273,
                0.24675886731031849,
                -0.4118526826508392
            ],
            "13.81 s to 15.54 s": [
                0.06137156519970852,
                -0.8072324867283536,
                -1.2224822856994244,
                -0.8887096276765432
            ],
            "16.06 s to 16.84 s": [
                -1.1587407134736305,
                -0.8287368339776775,
                -1.1998062767638178,
                -0.6394845065219785
            ],
            "17.62 s to 18.62 s": [
                -1.1967453804764472,
                -0.5834392270578742,
                -1.053958552615566,
                0.7286808387674913
            ],
            "21.98 s to 22.62 s": [
                -1.3757611666201095,
                0.8870881812731868,
                -1.4115355302837211,
                1.232367629125784
            ],
            "24.59 s to 24.65 s": [
                -1.395259412853911,
                1.0432758737531884,
                -1.2830875150101435,
                1.0071413716603042
            ]
        },
        "box1": {
            "4.26 s to 5.37 s": [
                1.288333626286688,
                -0.5940931178244858,
                -1.126675017140363,
                -0.9872617711057002
            ],
            "6.09 s to 7.02 s": [
                -1.1481927532376313,
                -0.7219287250099019,
                -1.1600103712038945,
                -0.017938426546007514
            ],
            "7.67 s to 9.79 s": [
                -1.165543621092473,
                -0.021337581055651977,
                0.4324318240162818,
                0.05028607074977612
            ],
            "12.33 s to 13.02 s": [
                0.3223615394673931,
                0.2146867549410162,
                0.2420838375003988,
                -0.06573300948644135
            ],
            "13.65 s to 14.6 s": [
                0.14055506612367796,
                -0.37484074294389597,
                -1.2423633559457892,
                -0.9653411715732085
            ],
            "16.06 s to 16.86 s": [
                -1.1386305102830585,
                -0.4401247026325993,
                -1.1687331560447018,
                0.0035186149810458684
            ],
            "22.01 s to 22.58 s": [
                -1.1862149182339219,
                0.5879640696785354,
                -1.242004210356055,
                0.9422633041598918
            ]
        }
    },
    "ego_interaction": {
        "4.26 s to 5.37 s": {
            "mode": "attached to box1",
            "start-end coordinates": [
                1.2302126489696703,
                -0.610038333095221,
                -1.0265572459602983,
                -0.9177134001733485
            ]
        },
        "4.31 s to 4.26 s": {
            "mode": "free",
            "start-end coordinates": [
                1.1885023825119925,
                -0.6218384837771759,
                1.2302126489696703,
                -0.610038333095221
            ]
        },
        "5.37 s to 5.48 s": {
            "mode": "free",
            "start-end coordinates": [
                -1.0265572459602983,
                -0.9177134001733485,
                -1.051919522217535,
                -1.471166553623417
            ]
        },
        "6.09 s to 6.09 s": {
            "mode": "free",
            "start-end coordinates": [
                -1.158698276696982,
                -1.2542568198044517,
                -1.158698276696982,
                -1.2542568198044517
            ]
        },
        "6.09 s to 7.02 s": {
            "mode": "attached to box1",
            "start-end coordinates": [
                -1.158698276696982,
                -1.2542568198044517,
                -1.1749079188908393,
                -0.6437422055844072
            ]
        },
        "7.02 s to 7.0 s": {
            "mode": "free",
            "start-end coordinates": [
                -1.1749079188908393,
                -0.6437422055844072,
                -1.1742835224031136,
                -0.669012803081659
            ]
        },
        "7.67 s to 9.79 s": {
            "mode": "attached to box1",
            "start-end coordinates": [
                -1.2096660818261913,
                -0.6540684680458348,
                0.33531989287820224,
                -0.46577815468255024
            ]
        },
        "7.69 s to 7.67 s": {
            "mode": "free",
            "start-end coordinates": [
                -1.211013899448521,
                -0.6803319724742789,
                -1.2096660818261913,
                -0.6540684680458348
            ]
        },
        "9.79 s to 9.78 s": {
            "mode": "free",
            "start-end coordinates": [
                0.33531989287820224,
                -0.46577815468255024,
                0.3201436332713838,
                -0.4660172287610275
            ]
        },
        "12.33 s to 13.02 s": {
            "mode": "attached to box1",
            "start-end coordinates": [
                0.28364020014039226,
                -0.09512045358418653,
                0.24675886731031849,
                -0.4118526826508392
            ]
        },
        "12.4 s to 12.33 s": {
            "mode": "free",
            "start-end coordinates": [
                0.29265773582669613,
                -0.1021642660315273,
                0.28364020014039226,
                -0.09512045358418653
            ]
        },
        "13.02 s to 13.02 s": {
            "mode": "free",
            "start-end coordinates": [
                0.24675886731031849,
                -0.4118526826508392,
                0.24675886731031849,
                -0.4118526826508392
            ]
        },
        "13.65 s to 14.6 s": {
            "mode": "attached to box1",
            "start-end coordinates": [
                0.1419333305788541,
                -0.6582164222252651,
                -1.2678451379806384,
                -1.4476084526743906
            ]
        },
        "13.81 s to 13.65 s": {
            "mode": "free",
            "start-end coordinates": [
                0.06137156519970852,
                -0.8072324867283536,
                0.1419333305788541,
                -0.6582164222252651
            ]
        },
        "14.6 s to 15.54 s": {
            "mode": "free",
            "start-end coordinates": [
                -1.2678451379806384,
                -1.4476084526743906,
                -1.2224822856994244,
                -0.8887096276765432
            ]
        },
        "16.06 s to 16.06 s": {
            "mode": "free",