{
    "moved_objects": [
        "ego",
        "box1"
    ],
    "interactions": {
        "ego": {
            "0.63 s to 1.15 s": [
                0.07287394564043781,
                -0.011995843453682695,
                1.1205523592158777,
                -0.948410540205278
            ],
            "2.12 s to 5.67 s": [
                1.3466805336726606,
                -0.9053365706548727,
                -1.171929363872809,
                0.8004268376484869
            ],
            "6.92 s to 7.44 s": [
                -1.328278454473439,
                0.9701109729994604,
                -1.5211144892007609,
                1.517263829498864
            ]
        },
        "box1": {
            "2.08 s to 4.32 s": [
                1.4444353453274958,
                -0.5230717046075477,
                -1.1791304248464451,
                0.02736862559510052
            ],
            "5.57 s to 7.14 s": [
                -1.185901354393574,
                0.10680454914579517,
                -1.2271626660333979,
                1.0075922723127329
            ]
        }
    },
    "ego_interaction": {
        "2.08 s to 4.32 s": {
            "mode": "attached to box1",
            "start-end coordinates": [
                1.3975314405024872,
                -0.8831795473558706,
                -1.1940970415996306,
                -0.6263837820655623
            ]
        },
        "2.12 s to 2.08 s": {
            "mode": "free",
            "start-end coordinates": [
                1.3466805336726606,
                -0.9053365706548727,
                1.3975314405024872,
                -0.8831795473558706
            ]
        },
        "2.12 s to 5.57 s": {
            "mode": "free",
            "start-end coordinates": [
                1.3466805336726606,
                -0.9053365706548727,
                -1.101062178794935,
                0.7339785979651016
            ]
        },
        "4.32 s to 5.67 s": {
            "mode": "free",
            "start-end coordinates": [
                -1.1940970415996306,
                -0.6263837820655623,
                -1.171929363872809,
                0.8004268376484869
            ]
        },
        "5.57 s to 7.14 s": {
            "mode": "attached to box1",
            "start-end coordinates": [
                -1.101062178794935,
                0.7339785979651016,
                -1.3467254002913838,
                1.5830510636708124
            ]
        },
        "6.92 s to 5.57 s": {
            "mode": "free",
            "start-end coordinates": [
                -1.328278454473439,
                0.9701109729994604,
                -1.101062178794935,
                0.7339785979651016
            ]
        },
        "7.14 s to 5.67 s": {
            "mode": "free",
            "start-end coordinates": [
                -1.3467254002913838,
                1.5830510636708124,
                -1.171929363872809,
                0.8004268376484869
            ]
        },
        "7.14 s to 7.44 s": {
            "mode": "free",
            "start-end coordinates": [
                -1.3467254002913838,
                1.5830510636708124,
                -1.5211144892007609,
                1.517263829498864
            ]
        }
    }
}