{
    "moved_objects": [
        "ego",
        "box1"
    ],
    "interactions": {
        "ego": {
            "0.79 s to 1.72 s": [
                -0.05535919867685381,
                -0.02608485206359077,
                1.1670053123730642,
                -0.712817374952969
            ],
            "2.98 s to 4.79 s": [
                1.1698514290163897,
                -0.7116062840264701,
                -1.4580813885164816,
                -0.6812323288174919
            ],
            "5.34 s to 5.63 s": [
                -1.5310107748876565,
                -0.7156816622643671,
                -1.3489299351482789,
                -1.2795182276311448
            ]
        },
        "box1": {
            "2.94 s to 4.82 s": [
                1.4555480644624166,
                -0.49329037460903435,
                -1.2029352629050531,
                -0.42378419550208807
            ]
        }
    },
    "ego_interaction": {
        "2.94 s to 4.82 s": {
            "mode": "attached to box1",
            "start-end coordinates": [
                1.1973670597642234,
                -0.7154414248635067,
                -1.4581594936568925,
                -0.6616270236849465
            ]
        },
        "2.98 s to 2.94 s": {
            "mode": "free",
            "start-end coordinates": [
                1.1698514290163897,
                -0.7116062840264701,
                1.1973670597642234,
                -0.7154414248635067
            ]
        },
        "4.82 s to 4.79 s": {
            "mode": "free",
            "start-end coordinates": [
                -1.4581594936568925,
                -0.6616270236849465,
                -1.4580813885164816,
                -0.6812323288174919
            ]
        }
    }
}