{
    "moved_objects": [
        "ego",
        "box1"
    ],
    "interactions": {
        "ego": {
            "0.66 s to 0.71 s": [
                0.9826730063010889,
                1.565728361337721,
                0.8594530859028898,
                1.5537479671128696
            ],
            "1.22 s to 2.67 s": [
                1.0667782262616083,
                1.6349609181131823,
                1.3321903305738831,
                1.5599781605324663
            ]
        },
        "box1": {
            "1.22 s to 2.73 s": [
                1.5468445548649052,
                1.5004826670083529,
                1.4406454237160184,
                -1.34979732933262
            ]
        }
    },
    "ego_interaction": {
        "1.22 s to 1.22 s": {
            "mode": "free",
            "start-end coordinates": [
                1.0667782262616083,
                1.6349609181131823,
                1.0667782262616083,
                1.6349609181131823
            ]
        },
        "1.22 s to 2.73 s": {
            "mode": "attached to box1",
            "start-end coordinates": [
                1.0667782262616083,
                1.6349609181131823,
                1.2661176342838534,
                1.5767074045766556
            ]
        },
        "2.73 s to 2.67 s": {
            "mode": "free",
            "start-end coordinates": [
                1.2661176342838534,
                1.5767074045766556,
                1.3321903305738831,
                1.5599781605324663
            ]
        }
    }
}