{
    "moved_objects": [
        "ego",
        "box1",
        "obj1",
        "obj2"
    ],
    "interactions": {
        "ego": {
            "0.7 s to 0.87 s": [
                0.8047256591062076,
                1.562557935087723,
                0.541585840437966,
                1.6204552586069092
            ],
            "1.61 s to 3.88 s": [
                0.17095437771794592,
                1.5380254616480806,
                1.0861035529197383,
                1.552906003607784
            ],
            "4.76 s to 6.71 s": [
                1.233529680387949,
                1.4725332593808866,
                0.9485042279750151,
                1.3296501853281222
            ],
            "9.47 s to 9.55 s": [
                0.2646530187003037,
                1.2188290909755797,
                0.20123646507861637,
                1.110918747383928
            ],
            "14.61 s to 16.35 s": [
                0.7928168689215654,
                1.128437442520032,
                0.5373446861170739,
                1.2680395678893148
            ],
            "16.93 s to 18.43 s": [
                0.35934374022912485,
                1.4465982205843568,
                0.4062596087425685,
                1.0421372041494805
            ]
        },
        "box1": {
            "1.62 s to 3.45 s": [
                -0.006234581960142281,
                1.1900493474889529,
                -0.0554275808157762,
                1.1110927775047634
            ],
            "8.97 s to 9.58 s": [
                -0.035307907171603745,
                1.0803571103629466,
                -0.02980408462538264,
                0.909937505682576
            ],
            "16.98 s to 18.81 s": [
                0.2692384270475961,
                0.9149869937979238,
                0.365472281838939,
                0.17088651062945914
            ]
        },
        "obj1": {
            "2.0 s to 3.89 s": [
                0.994470131485445,
                1.0279797479442228,
                1.0896301190350606,
                1.325882228376371
            ],
            "4.79 s to 5.27 s": [
                1.1748071382078096,
                1.2747550724075074,
                1.0431177458055685,
                1.2816631165807102
            ],
            "5.8 s to 6.71 s": [
                1.092005233243401,
                1.2845125544051388,
                0.8278392544722641,
                1.3727040535224
            ],
            "14.6 s to 16.28 s": [
                0.71877735259181,
                1.4813429100018616,
                0.4920227712308745,
                1.4050160898759345
            ],
            "16.98 s to 18.43 s": [
                0.3458868120711238,
                1.4768920780455215,
                0.4968389516235383,
                0.659840476574352
            ]
        },
        "obj2": {
            "5.83 s to 6.87 s": [
                1.4567463087196109,
                0.8842703016968835,
                1.0129094061926296,
                1.1236282917913345
            ],
            "14.6 s to 16.28 s": [
                0.7885725734384301,
                1.20653638776233,
                0.6060248812300688,
                1.1703604025910446
            ],
            "16.82 s to 18.43 s": [
                0.44343815132994974,
                1.199408470929934,
                0.5991467167827905,
                0.4049834612447814
            ]
        }
    },
    "ego_interaction": {
        "1.61 s to 1.62 s": {
            "mode": "free",
            "start-end coordinates": [
                0.17095437771794592,
                1.5380254616480806,
                0.1841890763032797,
                1.5336030044695161
            ]
        },
        "1.61 s to 2.0 s": {
            "mode": "free",
            "start-end coordinates": [
                0.17095437771794592,
                1.5380254616480806,
                0.6834499963660379,
                1.44556890460842
            ]
        },
        "1.62 s to 3.45 s": {
            "mode": "attached to box1",
            "start-end coordinates": [
                0.1841890763032797,
                1.5336030044695161,
                0.868340205577604,
                1.4285471927932136
            ]
        },
        "2.0 s to 3.89 s": {
            "mode": "attached to obj1",
            "start-end coordinates": [
                0.6834499963660379,
                1.44556890460842,
                1.0992032855352227,
                1.554752067743299
            ]
        },
        "3.45 s to 3.88 s": {
            "mode": "free",
            "start-end coordinates": [
                0.868340205577604,
                1.4285471927932136,
                1.0861035529197383,
                1.552906003607784
            ]
        },
        "3.89 s to 3.88 s": {
            "mode": "free",
            "start-end coordinates": [
                1.0992032855352227,
                1.554752067743299,
                1.0861035529197383,
                1.552906003607784
            ]
        },
        "4.76 s to 4.79 s": {
            "mode": "free",
            "start-end coordinates": [
                1.233529680387949,
                1.4725332593808866,
                1.1735942555357957,
                1.487054832262765
            ]
        },
        "4.76 s to 5.8 s": {
            "mode": "free",
            "start-end coordinates": [
                1.233529680387949,
                1.4725332593808866,
                0.9769000178708557,
                1.0802016671029913
            ]
        },
        "4.76 s to 5.83 s": {
            "mode": "free",
            "start-end coordinates": [
                1.233529680387949,
                1.4725332593808866,
                0.9333034570864366,
                1.1103020807415842
            ]
        },
        "4.79 s to 5.27 s": {
            "mode": "attached to obj1",
            "start-end coordinates": [
                1.1735942555357957,
                1.487054832262765,
                0.9982278583000149,
                1.10619692643598
            ]
        },
        "5.27 s to 6.71 s": {
            "mode": "free",
            "start-end coordinates": [
                0.9982278583000149,
                1.10619692643598,
                0.9485042279750151,
                1.3296501853281222
            ]
        },
        "5.8 s to 6.71 s": {
            "mode": "attached to obj1",
            "start-end coordinates": [
                0.9769000178708557,
                1.0802016671029913,
                0.9485042279750151,
                1.3296501853281222
            ]
        },
        "5.83 s to 6.87 s": {
            "mode": "attached to obj2",
            "start-end coordinates": [
                0.9333034570864366,
                1.1103020807415842,
                0.8554508584519076,
                1.380493979246181
            ]
        },
        "6.71 s to 6.71 s": {
            "mode": "free",
            "start-end coordinates": [
                0.9485042279750151,
                1.3296501853281222,
                0.9485042279750151,
                1.3296501853281222
            ]
        },
        "6.87 s to 6.71 s": {
            "mode": "free",
            "start-end coordinates": [
                0.8554508584519076,
                1.380493979246181,
                0.9485042279750151,
                1.3296501853281222
            ]
        },
        "8.97 s to 9.58 s": {
            "mode": "attached to box1",
            "start-end coordinates": [
                0.2747191560759172,
                1.3246241674046362,
                0.17600982979765636,
                1.088036990340158
            ]
        },
        "9.47 s to 8.97 s": {
            "mode": "free",