{
    "moved_objects": [
        "ego",
        "box1",
        "obj1",
        "obj2"
    ],
    "interactions": {
        "ego": {
            "3.12 s to 5.25 s": [
                0.35840738717142306,
                1.5750885206281298,
                0.7909164752505649,
                1.4225814707722995
            ],
            "8.68 s to 11.07 s": [
                0.04187308981566763,
                1.1169521576911654,
                0.820334390792535,
                1.1656285979712004
            ],
            "11.85 s to 16.62 s": [
                1.1404182373035645,
                1.1461606291468602,
                -0.1399872045198275,
                1.128057480551812
            ]
        },
        "box1": {
            "13.41 s to 16.06 s": [
                -0.10809258640376868,
                0.5126076902710845,
                -0.17346559828109903,
                -0.35500009290227785
            ]
        },
        "obj1": {
            "8.91 s to 10.82 s": [
                0.6248185655225474,
                1.1789853244605284,
                -0.07742235360162127,
                1.1119658964437387
            ],
            "11.89 s to 16.05 s": [
                0.016725511069396307,
                1.1096446491736809,
                -0.17458012007368684,
                0.2861950301702207
            ]
        },
        "obj2": {
            "11.81 s to 13.51 s": [
                1.3852574552911527,
                0.8627260736790048,
                0.006403150284902561,
                1.08323785466298
            ],
            "14.13 s to 16.05 s": [
                0.02675228585345155,
                1.0465988851871448,
                -0.16720967670931347,
                0.2179779033422337
            ]
        }
    },
    "ego_interaction": {
        "8.68 s to 8.91 s": {
            "mode": "free",
            "start-end coordinates": [
                0.04187308981566763,
                1.1169521576911654,
                0.006855194425468433,
                1.023602569443176
            ]
        },
        "8.91 s to 10.82 s": {
            "mode": "attached to obj1",
            "start-end coordinates": [
                0.006855194425468433,
                1.023602569443176,
                0.17347153259113413,
                1.160273154112446
            ]
        },
        "10.82 s to 11.07 s": {
            "mode": "free",
            "start-end coordinates": [
                0.17347153259113413,
                1.160273154112446,
                0.820334390792535,
                1.1656285979712004
            ]
        },
        "11.81 s to 13.51 s": {
            "mode": "attached to obj2",
            "start-end coordinates": [
                1.1787542990710254,
                1.1351762451642553,
                -0.18556897586067375,
                1.440606697387934
            ]
        },
        "11.85 s to 13.41 s": {
            "mode": "free",
            "start-end coordinates": [
                1.1404182373035645,
                1.1461606291468602,
                -0.1755147700517663,
                1.412942712064735
            ]
        },
        "11.85 s to 11.89 s": {
            "mode": "free",
            "start-end coordinates": [
                1.1404182373035645,
                1.1461606291468602,
                1.0637244058053297,
                1.1850183592534256
            ]
        },
        "11.85 s to 11.81 s": {
            "mode": "free",
            "start-end coordinates": [
                1.1404182373035645,
                1.1461606291468602,
                1.1787542990710254,
                1.1351762451642553
            ]
        },
        "11.85 s to 14.13 s": {
            "mode": "free",
            "start-end coordinates": [
                1.1404182373035645,
                1.1461606291468602,
                -0.13520655594938596,
                0.971358767730563
            ]
        },
        "11.89 s to 16.05 s": {
            "mode": "attached to obj1",
            "start-end coordinates": [
                1.0637244058053297,
                1.1850183592534256,
                -0.22619389327197495,
                0.8091988225494677
            ]
        },
        "13.41 s to 16.06 s": {
            "mode": "attached to box1",
            "start-end coordinates": [
                -0.1755147700517663,
                1.412942712064735,
                -0.22619389327197495,
                0.8091988225494677
            ]
        },
        "13.51 s to 16.62 s": {
            "mode": "free",
            "start-end coordinates": [
                -0.18556897586067375,
                1.440606697387934,
                -0.1399872045198275,
                1.128057480551812
            ]
        },
        "14.13 s to 16.05 s": {
            "mode": "attached to obj2",
            "start-end coordinates": [
                -0.13520655594938596,
                0.971358767730563,
                -0.22619389327197495,
                0.8091988225494677
            ]
        },
        "16.05 s to 16.62 s": {
            "mode": "free",
            "start-end coordinates": [
                -0.22619389327197495,
                0.8091988225494677,
                -0.1399872045198275,
                1.128057480551812
            ]
        },
        "16.06 s to 16.62 s": {
            "mode": "free",
            "start-end coordinates": [
                -0.22619389327197495,
                0.8091988225494677,
                -0.1399872045198275,
                1.128057480551812
            ]
        }
    }
}