{
    "moved_objects": [
        "ego",
        "box1",
        "obj1",
        "obj2"
    ],
    "interactions": {
        "ego": {
            "1.61 s to 3.88 s": [
                0.17095437771794592,
                1.5380254616480806,
                1.0861035529197383,
                1.552906003607784
            ],
            "16.93 s to 18.43 s": [
                0.35934374022912485,
                1.4465982205843568,
                0.4062596087425685,
                1.0421372041494805
            ]
        },
        "box1": {
            "16.98 s to 18.81 s": [
                0.2692384270475961,
                0.9149869937979238,
                0.365472281838939,
                0.17088651062945914
            ]
        },
        "obj1": {
            "16.98 s to 18.43 s": [
                0.3458868120711238,
                1.4768920780455215,
                0.4968389516235383,
                0.659840476574352
            ]
        },
        "obj2": {
            "5.83 s to 6.87 s": [
                1.4567463087196109,
                0.8842703016968835,
                1.0129094061926296,
                1.1236282917913345
            ],
            "16.82 s to 18.43 s": [
                0.44343815132994974,
                1.199408470929934,
                0.5991467167827905,
                0.4049834612447814
            ]
        }
    },
    "ego_interaction": {
        "16.82 s to 18.43 s": {
            "mode": "attached to obj2",
            "start-end coordinates": [
                0.3705752792637299,
                1.4531545644858894,
                0.4062596087425685,
                1.0421372041494805
            ]
        },
        "16.93 s to 16.98 s": {
            "mode": "free",
            "start-end coordinates": [
                0.35934374022912485,
                1.4465982205843568,
                0.4118335439071499,
                1.503673117300562
            ]
        },
        "16.93 s to 16.82 s": {
            "mode": "free",
            "start-end coordinates": [
                0.35934374022912485,
                1.4465982205843568,
                0.3705752792637299,
                1.4531545644858894
            ]
        },
        "16.98 s to 18.81 s": {
            "mode": "attached to box1",
            "start-end coordinates": [
                0.4118335439071499,
                1.503673117300562,
                0.38701274862424484,
                1.056963153062833
            ]
        },
        "16.98 s to 18.43 s": {
            "mode": "attached to obj1",
            "start-end coordinates": [
                0.4118335439071499,
                1.503673117300562,
                0.4062596087425685,
                1.0421372041494805
            ]
        },
        "18.43 s to 18.43 s": {
            "mode": "free",
            "start-end coordinates": [
                0.4062596087425685,
                1.0421372041494805,
                0.4062596087425685,
                1.0421372041494805
            ]
        },
        "18.81 s to 18.43 s": {
            "mode": "free",
            "start-end coordinates": [
                0.38701274862424484,
                1.056963153062833,
                0.4062596087425685,
                1.0421372041494805
            ]
        }
    }
}