{
    "moved_objects": [
        "ego",
        "box1",
        "obj1",
        "obj2"
    ],
    "interactions": {
        "ego": {
            "14.96 s to 16.04 s": [
                0.34762250377175397,
                1.260417801466765,
                0.9610168790709018,
                1.5204675403096872
            ],
            "32.4 s to 33.94 s": [
                0.5707555717502145,
                1.305294404936727,
                1.3160147059241303,
                1.0929305134520144
            ],
            "34.53 s to 38.84 s": [
                1.2159047648589443,
                1.0393026862753403,
                0.8410530581511373,
                1.4244277380982218
            ],
            "43.21 s to 45.9 s": [
                0.7133982936003657,
                1.1372781189026524,
                0.30760268138506963,
                1.298396471269784
            ],
            "52.95 s to 54.58 s": [
                0.14955155515488716,
                1.2573360599600765,
                0.9478810447476096,
                1.2290565633686525
            ],
            "55.16 s to 59.06 s": [
                0.9223559898874613,
                1.1232844640623227,
                0.39385542498390175,
                1.0657597616392442
            ],
            "71.45 s to 72.01 s": [
                -0.687686919170588,
                1.0198291649355642,
                -0.7264253277827716,
                1.4542127222707297
            ],
            "72.81 s to 73.94 s": [
                -0.6972151955599696,
                1.4923382866907795,
                -0.2999256324655821,
                1.3070022666008794
            ],
            "74.61 s to 75.54 s": [
                -0.30581560853583756,
                1.2476396399831258,
                0.0024227702386702063,
                0.9282085039015658
            ]
        },
        "box1": {
            "66.32 s to 69.28 s": [
                -0.3196738615033724,
                0.9318169787795728,
                -0.8861983220949512,
                0.7808049339136268
            ],
            "72.81 s to 75.57 s": [
                -0.8930701205166566,
                0.7259402691959672,
                -0.4599561929122923,
                0.06844609195726915
            ]
        },
        "obj1": {
            "52.92 s to 54.6 s": [
                0.061755869383539476,
                1.0648966413506167,
                0.49820877960331006,
                1.134560516138937
            ],
            "67.34 s to 69.31 s": [
                0.173979075873224,
                1.2190753599082822,
                -0.43835302623205014,
                1.2248307407526444
            ],
            "74.53 s to 75.59 s": [
                -0.5970864615841295,
                1.2020437690379149,
                -0.42601036005454923,
                0.6415801520511988
            ],
            "76.98 s to 79.09 s": [
                -0.4760749170746762,
                0.6535109461515627,
                -0.5281220445125883,
                0.23934802779873732
            ]
        },
        "obj2": {
            "67.42 s to 69.2 s": [
                0.28955745646666237,
                1.273908475776699,
                -0.7409818936979187,
                1.4134928583866058
            ],
            "72.57 s to 73.92 s": [
                -0.7352518115612949,
                1.3894807721885885,
                -0.3654131423611887,
                1.0496159697731577
            ],
            "74.42 s to 75.37 s": [
                -0.4028745010690504,
                1.0360287257254504,
                -0.3026169263464012,
                0.6452387188641027
            ]
        }
    },
    "ego_interaction": {
        "52.92 s to 54.6 s": {
            "mode": "attached to obj1",
            "start-end coordinates": [
                0.13230437711575357,
                1.2615963396093426,
                0.9600160596787684,
                1.2240583494409887
            ]
        },
        "52.95 s to 52.92 s": {
            "mode": "free",
            "start-end coordinates": [
                0.14955155515488716,
                1.2573360599600765,
                0.13230437711575357,
                1.2615963396093426
            ]
        },
        "54.6 s to 54.58 s": {
            "mode": "free",
            "start-end coordinates": [
                0.9600160596787684,
                1.2240583494409887,
                0.9478810447476096,
                1.2290565633686525
            ]
        },
        "72.57 s to 73.92 s": {
            "mode": "attached to obj2",
            "start-end coordinates": [
                -0.7419204684211865,
                1.5988675876233562,
                -0.2973024525608706,
                1.292541715405776
            ]
        },
        "72.81 s to 72.81 s": {
            "mode": "free",
            "start-end coordinates": [
                -0.6972151955599696,
                1.4923382866907795,
                -0.6972151955599696,
                1.4923382866907795
            ]
        },
        "72.81 s to 75.57 s": {
            "mode": "attached to box1",
            "start-end coordinates": [
                -0.6972151955599696,
                1.4923382866907795,
                0.0017385865245274153,
                0.9146995999249475
            ]
        },
        "72.81 s to 72.57 s": {
            "mode": "free",
            "start-end coordinates": [
                -0.6972151955599696,
                1.4923382866907795,
                -0.7419204684211865,
                1.5988675876233562
            ]
        },
        "73.92 s to 73.94 s": {
            "mode": "free",
            "start-end coordinates": [
                -0.2973024525608706,
                1.292541715405776,
                -0.2999256324655821,
                1.3070022666008794
            ]
        },
        "74.42 s to 75.37 s": {
            "mode": "attached to obj2",
            "start-end coordinates": [
                -0.28383794467228596,
                1.3354557371873352,
                -0.0014455696761914078,
                1.0110922157217908
            ]
        },
        "74.53 s to 75.59 s": {
            "mode": "attached to obj1",
            "start-end coordinates": [
                -0.3005931613474887,
                1.295227762217982,
                0.0007355630264496148,
                0.8981266504550495
            ]
        },
        "74.61 s to 72.81 s": {
            "mode": "free",
            "start-end coordinates": [
                -0.30581560853583756,
                1.2476396399831258,
                -0.6972151955599696,
                1.4923382866907795
            ]
        },
        "74.61 s to 74.53 s": {
            "mode": "free",
            "start-end coordinates": [
                -0.30581560853583756,
                1.2476396399831258,
                -0.3005931613474887,
                1.295227762217982
            ]
        },
        "74.61 s to 74.42 s": {
            "mode": "free",
            "start-end coordinates": [
                -0.30581560853583756,
                1.2476396399831258,
                -0.28383794467228596,
                1.3354557371873352
            ]
        },
        "75.37 s to 75.54 s": {
            "mode": "free",
            "start-end coordinates": [
                -0.0014455696761914078,
                1.0110922157217908,
                0.0024227702386702063,
                0.9282085039015658
            ]
        },
        "75.57 s to 73.94 s": {
            "mode": "free",
            "start-end coordinates": [
                0.0017385865245274153,
                0.9146995999249475,
                -0.2999256324655821,
                1.3070022666008794
            ]
        },
        "75.57 s to 75.54 s": {
            "mode": "free",