{
    "moved_objects": [
        "ego",
        "obj1",
        "box1"
    ],
    "interactions": {
        "ego": {
            "0.78 s to 2.91 s": [
                0.026700455947301242,
                -0.06983808661978044,
                1.3484945964669257,
                -0.6790302934117571
            ],
            "3.45 s to 4.27 s": [
                1.292047983630551,
                -0.648713563263261,
                -1.395292566126731,
                0.9519920341528486
            ]
        },
        "obj1": {
            "1.73 s to 2.44 s": [
                -1.4989600307808724,
                0.9842861998045831,
                0.1973882797576611,
                1.0424507071032258
            ]
        },
        "box1": {
            "3.43 s to 4.32 s": [
                1.4067312133735028,
                -0.49330679729391375,
                -1.4213591335904525,
                1.1757857060749646
            ]
        }
    }
}