{
    "moved_objects": [
        "ego",
        "obj2",
        "box1"
    ],
    "interactions": {
        "ego": {
            "1.74 s to 1.98 s": [
                -0.050146566889663284,
                0.1074678955031868,
                -0.3021713057843156,
                0.5108544753731435
            ],
            "3.19 s to 5.7 s": [
                -0.5798313266982962,
                0.8698058081524518,
                -1.334085199420446,
                1.3853910483396428
            ]
        },
        "obj2": {
            "3.16 s to 4.26 s": [
                -0.8586207124814736,
                1.4498043504694331,
                0.06254402717210945,
                1.3598105491257229
            ],
            "4.87 s to 5.65 s": [
                0.11942593631240325,
                1.3626156497359534,
                0.21941339547441435,
                1.3421319606357285
            ]
        },
        "box1": {
            "4.78 s to 5.73 s": [
                1.4804870839349311,
                -0.4941658026144633,
                -1.3249344713342002,
                1.5187361336002254
            ]
        }
    },
    "ego_interaction": {
        "3.16 s to 4.26 s": {
            "mode": "attached to obj2",
            "start-end coordinates": [
                -0.6206065408424524,
                0.8722458776284998,
                1.1373696201638777,
                -0.7316254768112798
            ]
        },
        "3.19 s to 3.16 s": {
            "mode": "free",
            "start-end coordinates": [
                -0.5798313266982962,
                0.8698058081524518,
                -0.6206065408424524,
                0.8722458776284998
            ]
        },
        "3.19 s to 4.87 s": {
            "mode": "free",
            "start-end coordinates": [
                -0.5798313266982962,
                0.8698058081524518,
                1.1018990348882158,
                -0.5292502053432955
            ]
        },
        "3.19 s to 4.78 s": {
            "mode": "free",
            "start-end coordinates": [
                -0.5798313266982962,
                0.8698058081524518,
                1.4293617532130898,
                -0.673470141740258
            ]
        },
        "4.26 s to 5.7 s": {
            "mode": "free",
            "start-end coordinates": [
                1.1373696201638777,
                -0.7316254768112798,
                -1.334085199420446,
                1.3853910483396428
            ]
        },
        "4.78 s to 5.73 s": {
            "mode": "attached to box1",
            "start-end coordinates": [
                1.4293617532130898,
                -0.673470141740258,
                -1.3709315374931612,
                1.3801319486718289
            ]
        },
        "4.87 s to 5.65 s": {
            "mode": "attached to obj2",
            "start-end coordinates": [
                1.1018990348882158,
                -0.5292502053432955,
                -1.2097872749701652,
                1.3854363642333345
            ]
        },
        "5.65 s to 5.7 s": {
            "mode": "free",
            "start-end coordinates": [
                -1.2097872749701652,
                1.3854363642333345,
                -1.334085199420446,
                1.3853910483396428
            ]
        },
        "5.73 s to 5.7 s": {
            "mode": "free",
            "start-end coordinates": [
                -1.3709315374931612,
                1.3801319486718289,
                -1.334085199420446,
                1.3853910483396428
            ]
        }
    }
}