{
    "moved_objects": [
        "ego",
        "obj1",
        "box1"
    ],
    "interactions": {
        "ego": {
            "0.03 s to 2.42 s": [
                -0.014121440825061265,
                0.01652728255420456,
                -1.0205798486693411,
                0.5701389060216687
            ],
            "11.69 s to 14.36 s": [
                -1.3922190553244196,
                1.1023026615800933,
                -0.9114338884901192,
                0.44544570519926674
            ]
        },
        "obj1": {
            "10.57 s to 12.69 s": [
                -1.4802990984174045,
                1.1203480400491725,
                -1.4711726972102377,
                1.668631191689603
            ]
        },
        "box1": {
            "1.77 s to 3.18 s": [
                1.4965519786046504,
                -0.49606169059961247,
                -1.169276929982438,
                0.7040079259788574
            ],
            "10.6 s to 12.18 s": [
                -1.4196865720869047,
                0.7793557283727711,
                -1.4416782347726618,
                1.3934961470628329
            ]
        }
    },
    "ego_interaction": {
        "0.03 s to 1.77 s": {
            "mode": "free",
            "start-end coordinates": [
                -0.014121440825061265,
                0.01652728255420456,
                1.342713991626041,
                -0.7139153735617357
            ]
        },
        "1.77 s to 3.18 s": {
            "mode": "attached to box1",
            "start-end coordinates": [
                1.342713991626041,
                -0.7139153735617357,
                -1.3876146504545515,
                0.576892341935504
            ]
        },
        "3.18 s to 2.42 s": {
            "mode": "free",
            "start-end coordinates": [
                -1.3876146504545515,
                0.576892341935504,
                -1.0205798486693411,
                0.5701389060216687
            ]
        },
        "10.57 s to 12.69 s": {
            "mode": "attached to obj1",
            "start-end coordinates": [
                -1.2870249228360884,
                0.5429984516698327,
                -0.8704800456965713,
                1.1962543347747308
            ]
        },
        "10.6 s to 12.18 s": {
            "mode": "attached to box1",
            "start-end coordinates": [
                -1.2814484360170582,
                0.5440222382185904,
                -0.7060802620415407,
                0.8483708703402713
            ]
        },
        "11.69 s to 10.57 s": {
            "mode": "free",
            "start-end coordinates": [
                -1.3922190553244196,
                1.1023026615800933,
                -1.2870249228360884,
                0.5429984516698327
            ]
        },
        "11.69 s to 10.6 s": {
            "mode": "free",
            "start-end coordinates": [
                -1.3922190553244196,
                1.1023026615800933,
                -1.2814484360170582,
                0.5440222382185904
            ]
        },
        "12.18 s to 14.36 s": {
            "mode": "free",
            "start-end coordinates": [
                -0.7060802620415407,
                0.8483708703402713,
                -0.9114338884901192,
                0.44544570519926674
            ]
        },
        "12.69 s to 14.36 s": {
            "mode": "free",
            "start-end coordinates": [
                -0.8704800456965713,
                1.1962543347747308,
                -0.9114338884901192,
                0.44544570519926674
            ]
        }
    }
}