{
    "moved_objects": [
        "ego",
        "obj1",
        "obj2",
        "box1"
    ],
    "interactions": {
        "ego": {
            "0.03 s to 2.42 s": [
                -0.014121440825061265,
                0.01652728255420456,
                -1.0205798486693411,
                0.5701389060216687
            ],
            "5.88 s to 6.26 s": [
                -1.5359384765135609,
                0.4627398362629633,
                -1.298633093088345,
                0.44826528667406695
            ],
            "9.55 s to 9.64 s": [
                -1.3164245666332621,
                0.6146482840895013,
                -1.2572225725526116,
                0.5226161568548846
            ],
            "10.82 s to 11.07 s": [
                -1.2702755295928168,
                0.5566359956211508,
                -1.3946590303915771,
                0.8972526373420013
            ],
            "11.69 s to 14.36 s": [
                -1.3922190553244196,
                1.1023026615800933,
                -0.9114338884901192,
                0.44544570519926674
            ],
            "15.35 s to 15.53 s": [
                -0.8314499682242109,
                0.38906057526444604,
                -0.759335355139479,
                0.6519663883527334
            ]
        },
        "obj1": {
            "0.18 s to 2.21 s": [
                -1.5001002030291468,
                0.9992385371764093,
                -1.4853698047399717,
                1.112746458884626
            ],
            "10.57 s to 12.69 s": [
                -1.4802990984174045,
                1.1203480400491725,
                -1.4711726972102377,
                1.668631191689603
            ]
        },
        "obj2": {
            "15.31 s to 16.2 s": [
                -0.9167419509638319,
                1.400741954810318,
                -0.9602072040259292,
                1.3218579242476214
            ]
        },
        "box1": {
            "1.77 s to 3.18 s": [
                1.4965519786046504,
                -0.49606169059961247,
                -1.169276929982438,
                0.7040079259788574
            ],
            "10.6 s to 12.18 s": [
                -1.4196865720869047,
                0.7793557283727711,
                -1.4416782347726618,
                1.3934961470628329
            ]
        }
    },
    "ego_interaction": {
        "0.03 s to 0.18 s": {
            "mode": "free",
            "start-end coordinates": [
                -0.014121440825061265,
                0.01652728255420456,
                -0.10908867637316819,
                0.018916605743006944
            ]
        },
        "0.03 s to 1.77 s": {
            "mode": "free",
            "start-end coordinates": [
                -0.014121440825061265,
                0.01652728255420456,
                1.342713991626041,
                -0.7139153735617357
            ]
        },
        "0.18 s to 2.21 s": {
            "mode": "attached to obj1",
            "start-end coordinates": [
                -0.10908867637316819,
                0.018916605743006944,
                -0.612343911394302,
                0.5560925289532012
            ]
        },
        "1.77 s to 3.18 s": {
            "mode": "attached to box1",
            "start-end coordinates": [
                1.342713991626041,
                -0.7139153735617357,
                -1.3876146504545515,
                0.576892341935504
            ]
        },
        "2.21 s to 2.42 s": {
            "mode": "free",
            "start-end coordinates": [
                -0.612343911394302,
                0.5560925289532012,
                -1.0205798486693411,
                0.5701389060216687
            ]
        },
        "3.18 s to 2.42 s": {
            "mode": "free",
            "start-end coordinates": [
                -1.3876146504545515,
                0.576892341935504,
                -1.0205798486693411,
                0.5701389060216687
            ]
        },
        "10.57 s to 12.69 s": {
            "mode": "attached to obj1",
            "start-end coordinates": [
                -1.2870249228360884,
                0.5429984516698327,
                -0.8704800456965713,
                1.1962543347747308
            ]
        },
        "10.6 s to 12.18 s": {
            "mode": "attached to box1",
            "start-end coordinates": [
                -1.2814484360170582,
                0.5440222382185904,
                -0.7060802620415407,
                0.8483708703402713
            ]
        },
        "10.82 s to 10.57 s": {
            "mode": "free",
            "start-end coordinates": [
                -1.2702755295928168,
                0.5566359956211508,
                -1.2870249228360884,
                0.5429984516698327
            ]
        },
        "10.82 s to 10.6 s": {
            "mode": "free",
            "start-end coordinates": [
                -1.2702755295928168,
                0.5566359956211508,
                -1.2814484360170582,
                0.5440222382185904
            ]
        },
        "11.69 s to 10.57 s": {
            "mode": "free",
            "start-end coordinates": [
                -1.3922190553244196,
                1.1023026615800933,
                -1.2870249228360884,
                0.5429984516698327
            ]
        },
        "11.69 s to 10.6 s": {
            "mode": "free",
            "start-end coordinates": [
                -1.3922190553244196,
                1.1023026615800933,
                -1.2814484360170582,
                0.5440222382185904
            ]
        },
        "12.18 s to 11.07 s": {
            "mode": "free",
            "start-end coordinates": [
                -0.7060802620415407,
                0.8483708703402713,
                -1.3946590303915771,
                0.8972526373420013
            ]
        },
        "12.18 s to 14.36 s": {
            "mode": "free",
            "start-end coordinates": [
                -0.7060802620415407,
                0.8483708703402713,
                -0.9114338884901192,
                0.44544570519926674
            ]
        },
        "12.69 s to 11.07 s": {
            "mode": "free",
            "start-end coordinates": [
                -0.8704800456965713,
                1.1962543347747308,
                -1.3946590303915771,
                0.8972526373420013
            ]
        },
        "12.69 s to 14.36 s": {
            "mode": "free",
            "start-end coordinates": [
                -0.8704800456965713,
                1.1962543347747308,
                -0.9114338884901192,
                0.44544570519926674
            ]
        },
        "15.31 s to 16.2 s": {
            "mode": "attached to obj2",
            "start-end coordinates": [
                -0.8377330893569426,
                0.35875289000941557,
                -0.8916773697727207,
                0.43133386388099254
            ]
        },
        "15.35 s to 15.31 s": {
            "mode": "free",
            "start-end coordinates": [
                -0.8314499682242109,
                0.38906057526444604,
                -0.8377330893569426,
                0.35875289000941557
            ]
        },
        "16.2 s to 15.53 s": {
            "mode": "free",
            "start-end coordinates": [
                -0.8916773697727207,
                0.43133386388099254,
                -0.759335355139479,
                0.6519663883527334
            ]
        }
    }
}