{
    "moved_objects": [
        "ego",
        "obj2",
        "box1"
    ],
    "interactions": {
        "ego": {
            "1.22 s to 3.1 s": [
                0.15054841901278332,
                -0.09836773534667485,
                0.8573181930009511,
                -0.6964110066213774
            ],
            "3.93 s to 4.69 s": [
                1.418684518652334,
                -0.6651377359459424,
                -1.2029438280560987,
                1.468007108457527
            ]
        },
        "obj2": {
            "2.08 s to 2.83 s": [
                -0.9013914729397431,
                1.4337244372105906,
                -0.9290718743885672,
                0.12013689383365567
            ]
        },
        "box1": {
            "3.9 s to 4.73 s": [
                1.493069340605052,
                -0.4780529496868891,
                -1.3015087790441033,
                1.6465737084634118
            ]
        }
    }
}