{
    "moved_objects": [
        "ego",
        "obj2",
        "box1"
    ],
    "interactions": {
        "ego": {
            "1.22 s to 3.1 s": [
                0.15054841901278332,
                -0.09836773534667485,
                0.8573181930009511,
                -0.6964110066213774
            ],
            "3.93 s to 4.69 s": [
                1.418684518652334,
                -0.6651377359459424,
                -1.2029438280560987,
                1.468007108457527
            ],
            "5.27 s to 5.51 s": [
                -0.935820360917005,
                1.3215116402959024,
                -0.8405580855361217,
                1.3071793732333339
            ]
        },
        "obj2": {
            "2.08 s to 2.83 s": [
                -0.9013914729397431,
                1.4337244372105906,
                -0.9290718743885672,
                0.12013689383365567
            ],
            "3.94 s to 4.7 s": [
                -0.9894148810690612,
                0.33535706293607337,
                -0.9830254778476379,
                0.09117260943929098
            ]
        },
        "box1": {
            "3.9 s to 4.73 s": [
                1.493069340605052,
                -0.4780529496868891,
                -1.3015087790441033,
                1.6465737084634118
            ]
        }
    },
    "ego_interaction": {
        "1.22 s to 2.08 s": {
            "mode": "free",
            "start-end coordinates": [
                0.15054841901278332,
                -0.09836773534667485,
                -0.6410031733361923,
                1.0476748612219475
            ]
        },
        "2.08 s to 2.83 s": {
            "mode": "attached to obj2",
            "start-end coordinates": [
                -0.6410031733361923,
                1.0476748612219475,
                0.00974555811243691,
                -0.6452449403925011
            ]
        },
        "2.83 s to 3.1 s": {
            "mode": "free",
            "start-end coordinates": [
                0.00974555811243691,
                -0.6452449403925011,
                0.8573181930009511,
                -0.6964110066213774
            ]
        },
        "3.9 s to 4.73 s": {
            "mode": "attached to box1",
            "start-end coordinates": [
                1.4334947338729207,
                -0.7050665907130869,
                -1.2736247864931802,
                1.4812984409425611
            ]
        },
        "3.93 s to 3.94 s": {
            "mode": "free",
            "start-end coordinates": [
                1.418684518652334,
                -0.6651377359459424,
                1.4045817948793862,
                -0.6389040092240215
            ]
        },
        "3.93 s to 3.9 s": {
            "mode": "free",
            "start-end coordinates": [
                1.418684518652334,
                -0.6651377359459424,
                1.4334947338729207,
                -0.7050665907130869
            ]
        },
        "3.94 s to 4.7 s": {
            "mode": "attached to obj2",
            "start-end coordinates": [
                1.4045817948793862,
                -0.6389040092240215,
                -1.2242049193755555,
                1.472238273454724
            ]
        },
        "4.7 s to 4.69 s": {
            "mode": "free",
            "start-end coordinates": [
                -1.2242049193755555,
                1.472238273454724,
                -1.2029438280560987,
                1.468007108457527
            ]
        },
        "4.73 s to 4.69 s": {
            "mode": "free",
            "start-end coordinates": [
                -1.2736247864931802,
                1.4812984409425611,
                -1.2029438280560987,
                1.468007108457527
            ]
        }
    }
}