{
    "moved_objects": [
        "ego",
        "box1",
        "obj1"
    ],
    "interactions": {
        "ego": {
            "0.73 s to 2.33 s": [
                1.1705385947269746,
                1.5097935239178448,
                0.9389160643102908,
                1.4765682028293026
            ],
            "3.45 s to 8.15 s": [
                1.3794736156819802,
                1.2865006283838774,
                0.6817707231024416,
                1.0448275091040897
            ],
            "10.22 s to 11.46 s": [
                0.5554404991725089,
                0.9307844267542926,
                1.050309339387153,
                1.146653810218615
            ],
            "12.39 s to 12.51 s": [
                1.2075781944114614,
                1.2278966648155567,
                1.2381698215039896,
                1.0558523452460535
            ],
            "13.06 s to 19.27 s": [
                1.1464799342986371,
                1.052243178050262,
                0.773126288428563,
                0.8917673743944285
            ],
            "22.07 s to 22.54 s": [
                0.603753846608634,
                0.9285638934543314,
                0.6970082239444325,
                1.0031031177639538
            ]
        },
        "box1": {
            "0.83 s to 2.33 s": [
                1.402446294615678,
                1.2020845918888994,
                1.190967339107197,
                1.184511600949364
            ],
            "3.45 s to 8.15 s": [
                1.209788697448584,
                1.1865001613999873,
                0.3649107860152042,
                0.7120901271559896
            ],
            "10.23 s to 11.15 s": [
                0.30923641450498857,
                0.5814335598241703,
                0.3160191653928792,
                0.7617837871641608
            ],
            "13.89 s to 16.48 s": [
                0.29219656445686426,
                0.5833429836896517,
                0.08021365245595244,
                0.30676391765313327
            ],
            "17.55 s to 19.09 s": [
                -0.0064383462312386786,
                0.24265034980713274,
                -0.07167139686409074,
                0.31688203983601654
            ]
        },
        "obj1": {
            "13.12 s to 17.52 s": [
                0.8882351345349144,
                0.7977721389619292,
                0.5614024036997853,
                0.3660850837330071
            ],
            "18.1 s to 19.27 s": [
                0.4211434663994683,
                0.3373835964062806,
                0.5938913844644647,
                0.3513719416085426
            ]
        }
    },
    "ego_interaction": {
        "0.73 s to 0.83 s": {
            "mode": "free",
            "start-end coordinates": [
                1.1705385947269746,
                1.5097935239178448,
                1.1260548742983527,
                1.4634279994523185
            ]
        },
        "0.83 s to 2.33 s": {
            "mode": "attached to box1",
            "start-end coordinates": [
                1.1260548742983527,
                1.4634279994523185,
                0.9389160643102908,
                1.4765682028293026
            ]
        },
        "2.33 s to 2.33 s": {
            "mode": "free",
            "start-end coordinates": [
                0.9389160643102908,
                1.4765682028293026,
                0.9389160643102908,
                1.4765682028293026
            ]
        },
        "3.45 s to 3.45 s": {
            "mode": "free",
            "start-end coordinates": [
                1.3794736156819802,
                1.2865006283838774,
                1.3794736156819802,
                1.2865006283838774
            ]
        },
        "3.45 s to 8.15 s": {
            "mode": "attached to box1",
            "start-end coordinates": [
                1.3794736156819802,
                1.2865006283838774,
                0.6817707231024416,
                1.0448275091040897
            ]
        },
        "8.15 s to 8.15 s": {
            "mode": "free",
            "start-end coordinates": [
                0.6817707231024416,
                1.0448275091040897,
                0.6817707231024416,
                1.0448275091040897
            ]
        },
        "10.22 s to 10.23 s": {
            "mode": "free",
            "start-end coordinates": [
                0.5554404991725089,
                0.9307844267542926,
                0.5649881485848351,
                0.9414399699511127
            ]
        },
        "10.23 s to 11.15 s": {
            "mode": "attached to box1",
            "start-end coordinates": [
                0.5649881485848351,
                0.9414399699511127,
                1.2188397410392975,
                1.2711404726688187
            ]
        },
        "11.15 s to 11.46 s": {
            "mode": "free",
            "start-end coordinates": [
                1.2188397410392975,
                1.2711404726688187,
                1.050309339387153,
                1.146653810218615
            ]
        },
        "13.06 s to 13.89 s": {
            "mode": "free",
            "start-end coordinates": [
                1.1464799342986371,
                1.052243178050262,
                0.7761047872641244,
                1.5127616244955813
            ]
        },
        "13.06 s to 17.55 s": {
            "mode": "free",
            "start-end coordinates": [
                1.1464799342986371,
                1.052243178050262,
                0.7117550283184512,
                0.8971025011678672
            ]
        },
        "13.06 s to 13.12 s": {
            "mode": "free",
            "start-end coordinates": [
                1.1464799342986371,
                1.052243178050262,
                1.2136208455733393,
                1.1298879843294953
            ]
        },
        "13.06 s to 18.1 s": {
            "mode": "free",
            "start-end coordinates": [
                1.1464799342986371,
                1.052243178050262,
                0.49971020968414065,
                0.9123800299997052
            ]
        },
        "13.12 s to 17.52 s": {
            "mode": "attached to obj1",
            "start-end coordinates": [
                1.2136208455733393,
                1.1298879843294953,
                0.7285971187181497,
                0.9028180069103147
            ]
        },
        "13.89 s to 16.48 s": {
            "mode": "attached to box1",
            "start-end coordinates": [
                0.7761047872641244,
                1.5127616244955813,
                0.5593959150665194,
                1.1958767161924997
            ]
        },
        "16.48 s to 19.27 s": {
            "mode": "free",
            "start-end coordinates": [
                0.5593959150665194,
                1.1958767161924997,
                0.773126288428563,
                0.8917673743944285
            ]
        },
        "17.52 s to 19.27 s": {
            "mode": "free",
            "start-end coordinates": [
                0.7285971187181497,
                0.9028180069103147,
                0.773126288428563,
                0.8917673743944285
            ]
        },
        "17.55 s to 19.09 s": {
            "mode": "attached to box1",
            "start-end coordinates": [
                0.7117550283184512,
                0.8971025011678672,
                0.87548403735212,
                0.978235431573843
            ]
        },
        "18.1 s to 19.27 s": {
            "mode": "attached to obj1",
            "start-end coordinates": [
                0.49971020968414065,
                0.9123800299997052,
                0.773126288428563,
                0.8917673743944285
            ]
        },
        "19.09 s to 19.27 s": {
            "mode": "free",