{
    "moved_objects": [
        "ego",
        "box1",
        "obj1"
    ],
    "interactions": {
        "ego": {
            "0.03 s to 2.51 s": [
                1.0206777253444033,
                1.5219301325682877,
                0.535659527260831,
                0.8792279525977111
            ],
            "3.21 s to 5.45 s": [
                0.5063842726081358,
                0.9709227109483816,
                0.5860613992104658,
                0.8859803256587815
            ]
        },
        "box1": {
            "0.21 s to 1.68 s": [
                1.4187153550234248,
                1.194793474179552,
                0.36473085825187074,
                0.5992071047680495
            ],
            "2.3 s to 2.53 s": [
                0.4443465924426597,
                0.62852139088698,
                0.3322860295865143,
                0.4691353114838711
            ],
            "3.82 s to 4.82 s": [
                0.30824094846980576,
                0.3944112715763529,
                0.015824117966581987,
                0.21517620653544964
            ],
            "5.41 s to 5.62 s": [
                -0.2072676887802531,
                0.21196060926456484,
                -0.654861423994524,
                0.14925963146188093
            ]
        },
        "obj1": {
            "2.29 s to 2.47 s": [
                1.0518396698105534,
                0.6889305292893058,
                1.0190219001670344,
                0.7754003313980055
            ],
            "2.97 s to 5.6 s": [
                1.0159278226231825,
                0.7452396430279485,
                0.3917789633683059,
                0.2929274876998483
            ]
        }
    },
    "ego_interaction": {
        "0.03 s to 0.21 s": {
            "mode": "free",
            "start-end coordinates": [
                1.0206777253444033,
                1.5219301325682877,
                0.931237802232283,
                1.5473964166796017
            ]
        },
        "0.03 s to 2.3 s": {
            "mode": "free",
            "start-end coordinates": [
                1.0206777253444033,
                1.5219301325682877,
                0.6611764732257812,
                1.1080350506601258
            ]
        },
        "0.03 s to 2.29 s": {
            "mode": "free",
            "start-end coordinates": [
                1.0206777253444033,
                1.5219301325682877,
                0.6611764732257812,
                1.1080350506601258
            ]
        },
        "0.21 s to 1.68 s": {
            "mode": "attached to box1",
            "start-end coordinates": [
                0.931237802232283,
                1.5473964166796017,
                0.3226983829001738,
                0.9149607418601827
            ]
        },
        "1.68 s to 2.51 s": {
            "mode": "free",
            "start-end coordinates": [
                0.3226983829001738,
                0.9149607418601827,
                0.5434763397034361,
                0.901722786511595
            ]
        },
        "2.29 s to 2.47 s": {
            "mode": "attached to obj1",
            "start-end coordinates": [
                0.6611764732257812,
                1.1080350506601258,
                0.5718855742768453,
                0.9892240141043556
            ]
        },
        "2.3 s to 2.53 s": {
            "mode": "attached to box1",
            "start-end coordinates": [
                0.6611764732257812,
                1.1080350506601258,
                0.5287582468136922,
                0.8597782714142741
            ]
        },
        "2.47 s to 2.51 s": {
            "mode": "free",
            "start-end coordinates": [
                0.5718855742768453,
                0.9892240141043556,
                0.5434763397034361,
                0.901722786511595
            ]
        },
        "2.53 s to 2.51 s": {
            "mode": "free",
            "start-end coordinates": [
                0.5287582468136922,
                0.8597782714142741,
                0.5434763397034361,
                0.901722786511595
            ]
        },
        "2.97 s to 5.6 s": {
            "mode": "attached to obj1",
            "start-end coordinates": [
                0.4788546287897933,
                0.8095392294806941,
                0.8366868232401146,
                0.8900234356409701
            ]
        },
        "3.21 s to 3.82 s": {
            "mode": "free",
            "start-end coordinates": [
                0.5063842726081358,
                0.9709227109483816,
                1.171221251326336,
                1.4759430410338816
            ]
        },
        "3.21 s to 5.41 s": {
            "mode": "free",
            "start-end coordinates": [
                0.5063842726081358,
                0.9709227109483816,
                0.45253823689675987,
                0.9003161007401019
            ]
        },
        "3.21 s to 2.97 s": {
            "mode": "free",
            "start-end coordinates": [
                0.5063842726081358,
                0.9709227109483816,
                0.4788546287897933,
                0.8095392294806941
            ]
        },
        "3.82 s to 4.82 s": {
            "mode": "attached to box1",
            "start-end coordinates": [
                1.171221251326336,
                1.4759430410338816,
                0.6383674396015488,
                0.9984352639879985
            ]
        },
        "4.82 s to 5.45 s": {
            "mode": "free",
            "start-end coordinates": [
                0.6383674396015488,
                0.9984352639879985,
                0.5860613992104658,
                0.8859803256587815
            ]
        },
        "5.41 s to 5.62 s": {
            "mode": "attached to box1",
            "start-end coordinates": [
                0.45253823689675987,
                0.9003161007401019,
                0.9030607546235047,
                0.9915488399768404
            ]
        },
        "5.6 s to 5.45 s": {
            "mode": "free",
            "start-end coordinates": [
                0.8366868232401146,
                0.8900234356409701,
                0.5860613992104658,
                0.8859803256587815
            ]
        },
        "5.62 s to 5.45 s": {
            "mode": "free",
            "start-end coordinates": [
                0.9030607546235047,
                0.9915488399768404,
                0.5860613992104658,
                0.8859803256587815
            ]
        }
    }
}