{
    "moved_objects": [
        "ego",
        "box1",
        "obj1"
    ],
    "interactions": {
        "ego": {
            "0.03 s to 2.51 s": [
                1.0206777253444033,
                1.5219301325682877,
                0.535659527260831,
                0.8792279525977111
            ]
        },
        "box1": {
            "0.21 s to 1.68 s": [
                1.4187153550234248,
                1.194793474179552,
                0.36473085825187074,
                0.5992071047680495
            ],
            "5.41 s to 5.62 s": [
                -0.2072676887802531,
                0.21196060926456484,
                -0.654861423994524,
                0.14925963146188093
            ]
        },
        "obj1": {
            "2.97 s to 5.6 s": [
                1.0159278226231825,
                0.7452396430279485,
                0.3917789633683059,
                0.2929274876998483
            ]
        }
    },
    "ego_interaction": {
        "0.03 s to 0.21 s": {
            "mode": "free",
            "start-end coordinates": [
                1.0206777253444033,
                1.5219301325682877,
                0.931237802232283,
                1.5473964166796017
            ]
        },
        "0.21 s to 1.68 s": {
            "mode": "attached to box1",
            "start-end coordinates": [
                0.931237802232283,
                1.5473964166796017,
                0.3226983829001738,
                0.9149607418601827
            ]
        },
        "1.68 s to 2.51 s": {
            "mode": "free",
            "start-end coordinates": [
                0.3226983829001738,
                0.9149607418601827,
                0.5434763397034361,
                0.901722786511595
            ]
        }
    }
}