{
    "moved_objects": [
        "box1",
        "obj1"
    ],
    "interactions": {
        "box1": {
            "0.01 s to 0.44 s": [
                1.344281195008663,
                1.310743699966083,
                1.5758695818715436,
                0.22475648008794907
            ]
        },
        "obj1": {
            "0.08 s to 0.4 s": [
                0.8227258514720305,
                0.9346149459873351,
                1.051377867751139,
                0.41251002920007546
            ]
        }
    },
    "ego_interaction": {}
}