{
    "moved_objects": [
        "ego",
        "box1",
        "obj1"
    ],
    "interactions": {
        "ego": {
            "3.45 s to 8.15 s": [
                1.3794736156819802,
                1.2865006283838774,
                0.6817707231024416,
                1.0448275091040897
            ],
            "10.22 s to 11.46 s": [
                0.5554404991725089,
                0.9307844267542926,
                1.050309339387153,
                1.146653810218615
            ],
            "13.06 s to 19.27 s": [
                1.1464799342986371,
                1.052243178050262,
                0.773126288428563,
                0.8917673743944285
            ]
        },
        "box1": {
            "3.45 s to 8.15 s": [
                1.209788697448584,
                1.1865001613999873,
                0.3649107860152042,
                0.7120901271559896
            ]
        },
        "obj1": {
            "13.12 s to 17.52 s": [
                0.8882351345349144,
                0.7977721389619292,
                0.5614024036997853,
                0.3660850837330071
            ]
        }
    },
    "ego_interaction": {
        "3.45 s to 3.45 s": {
            "mode": "free",
            "start-end coordinates": [
                1.3794736156819802,
                1.2865006283838774,
                1.3794736156819802,
                1.2865006283838774
            ]
        },
        "3.45 s to 8.15 s": {
            "mode": "attached to box1",
            "start-end coordinates": [
                1.3794736156819802,
                1.2865006283838774,
                0.6817707231024416,
                1.0448275091040897
            ]
        },
        "8.15 s to 8.15 s": {
            "mode": "free",
            "start-end coordinates": [
                0.6817707231024416,
                1.0448275091040897,
                0.6817707231024416,
                1.0448275091040897
            ]
        },
        "13.06 s to 13.12 s": {
            "mode": "free",
            "start-end coordinates": [
                1.1464799342986371,
                1.052243178050262,
                1.2136208455733393,
                1.1298879843294953
            ]
        },
        "13.12 s to 17.52 s": {
            "mode": "attached to obj1",
            "start-end coordinates": [
                1.2136208455733393,
                1.1298879843294953,
                0.7285971187181497,
                0.9028180069103147
            ]
        },
        "17.52 s to 19.27 s": {
            "mode": "free",
            "start-end coordinates": [
                0.7285971187181497,
                0.9028180069103147,
                0.773126288428563,
                0.8917673743944285
            ]
        }
    }
}