{
    "moved_objects": [
        "ego",
        "obj2",
        "obj3",
        "obj1",
        "obj1_a"
    ],
    "interactions": {
        "ego": {
            "1.26 s to 2.61 s": [
                0.0031356499739991278,
                -0.09019740688484468,
                -0.6401130018626886,
                -1.016709643686636
            ],
            "3.82 s to 5.84 s": [
                -0.6407969330012246,
                -0.7315925881688086,
                0.829309930686544,
                -0.374148271051913
            ],
            "6.92 s to 8.75 s": [
                0.7732952487152427,
                -0.20214929757316183,
                -0.8230883217563529,
                -0.9341614023500332
            ],
            "10.76 s to 12.81 s": [
                -0.6311997156656776,
                -0.9020709979217671,
                -1.1490500381239104,
                -1.2232759013320718
            ],
            "16.73 s to 17.96 s": [
                -1.0364928877081965,
                -0.8385481469470346,
                -0.9973582782891729,
                -1.3475427159823945
            ],
            "19.81 s to 21.72 s": [
                -1.2307388746343895,
                -0.7119245068455715,
                -1.2253347275538433,
                -1.2501861359370856
            ]
        },
        "obj2": {
            "6.89 s to 8.7 s": [
                0.9093252552208495,
                -0.4034870799019738,
                -0.7770846474445785,
                -0.8844900672264269
            ],
            "22.67 s to 23.37 s": [
                -1.1728219461635292,
                0.3028359548241779,
                -1.1712956156472936,
                0.9436516487274857
            ]
        },
        "obj3": {
            "11.29 s to 12.92 s": [
                1.2208661597944552,
                -0.5364228214715785,
                -1.1521363870480419,
                -1.103660170654074
            ],
            "22.6 s to 23.38 s": [
                -1.161508973624491,
                0.08067884564188897,
                -1.1678048415757645,
                0.712387332407113
            ]
        },
        "obj1": {
            "17.12 s to 19.05 s": [
                0.3416924953013071,
                -0.7239622250294677,
                -1.153315339740345,
                -1.149060215140327
            ]
        },
        "obj1_a": {
            "17.12 s to 19.05 s": [
                0.36136972357320857,
                -1.4009944858725019,
                -1.115796226220633,
                -1.8158771735202572
            ]
        }
    },
    "ego_interaction": {
        "6.89 s to 8.7 s": {
            "mode": "attached to obj2",
            "start-end coordinates": [
                0.7890938811620792,
                -0.23735696210747279,
                -0.7188880137090388,
                -0.8882276961327208
            ]
        },
        "6.92 s to 6.89 s": {
            "mode": "free",
            "start-end coordinates": [
                0.7732952487152427,
                -0.20214929757316183,
                0.7890938811620792,
                -0.23735696210747279
            ]
        },
        "8.7 s to 8.75 s": {
            "mode": "free",
            "start-end coordinates": [
                -0.7188880137090388,
                -0.8882276961327208,
                -0.8230883217563529,
                -0.9341614023500332
            ]
        },
        "10.76 s to 11.29 s": {
            "mode": "free",
            "start-end coordinates": [
                -0.6311997156656776,
                -0.9020709979217671,
                0.6770360290019166,
                -0.42796928746844043
            ]
        },
        "11.29 s to 12.92 s": {
            "mode": "attached to obj3",
            "start-end coordinates": [
                0.6770360290019166,
                -0.42796928746844043,
                -1.1805801354319911,
                -1.1401661557754872
            ]
        },
        "12.92 s to 12.81 s": {
            "mode": "free",
            "start-end coordinates": [
                -1.1805801354319911,
                -1.1401661557754872,
                -1.1490500381239104,
                -1.2232759013320718
            ]
        },
        "16.73 s to 17.12 s": {
            "mode": "free",
            "start-end coordinates": [
                -1.0364928877081965,
                -0.8385481469470346,
                0.1413462293820035,
                -0.8996113829979058
            ]
        },
        "17.12 s to 19.05 s": {
            "mode": "attached to obj1_a",
            "start-end coordinates": [
                0.1413462293820035,
                -0.8996113829979058,
                -1.2694417716437565,
                -1.285842386192129
            ]
        },
        "19.05 s to 17.96 s": {
            "mode": "free",
            "start-end coordinates": [
                -1.2694417716437565,
                -1.285842386192129,
                -0.9973582782891729,
                -1.3475427159823945
            ]
        }
    }
}