{
    "moved_objects": [
        "ego",
        "box1",
        "obj2",
        "obj1",
        "obj1_a"
    ],
    "interactions": {
        "ego": {
            "0.89 s to 1.4 s": [
                0.04870880949822526,
                -0.06796723323700608,
                -0.4096131465114598,
                -0.9776459096940712
            ],
            "2.77 s to 3.57 s": [
                -0.9290066155315978,
                -0.8398152622767723,
                -0.13486380316804525,
                -0.8931441933681417
            ],
            "4.76 s to 6.29 s": [
                0.043169764709767945,
                -0.9783787012030856,
                -0.3735713590078803,
                -1.1466437804352572
            ],
            "9.48 s to 12.19 s": [
                -1.142867328922038,
                -1.0327907067955944,
                0.6955011294937167,
                -0.5949681091241664
            ],
            "12.75 s to 13.3 s": [
                0.7625836510113361,
                -0.6116622297577551,
                -1.2606851646193848,
                -1.1294668288606575
            ]
        },
        "box1": {
            "10.66 s to 12.04 s": [
                -1.1635012592526057,
                -0.22750798603960048,
                -1.1643874632235067,
                0.3141443698972347
            ],
            "16.36 s to 16.92 s": [
                -1.1958792585310494,
                0.6023052625053267,
                -1.1844616133698826,
                1.0827830073111142
            ]
        },
        "obj2": {
            "12.68 s to 13.7 s": [
                0.9971751900426238,
                -0.5316538717139234,
                -1.1823792200515097,
                -0.8227233579071266
            ],
            "16.24 s to 17.58 s": [
                -1.1949502899833901,
                -0.6003667206740159,
                -1.1808026386640673,
                0.13639944694573536
            ]
        },
        "obj1": {
            "5.66 s to 6.29 s": [
                0.431197533932379,
                -0.5476999760281439,
                -0.008469432381045213,
                -0.8513053437329409
            ],
            "7.04 s to 7.45 s": [
                -0.25998064955450245,
                -0.9822604205485719,
                -0.6684365533352717,
                -1.1482564076185504
            ],
            "10.66 s to 12.19 s": [
                -0.789580759850512,
                -0.8329286774217455,
                -0.7982732540386893,
                -0.3223289426285833
            ],
            "16.38 s to 17.09 s": [
                -1.192492313268484,
                -0.1639008343997901,
                -1.1870555427335692,
                0.4155866240454114
            ]
        },
        "obj1_a": {
            "14.68 s to 15.42 s": [
                0.6105949607700394,
                -1.4737623985287882,
                0.19900917575171317,
                -1.3734392842271945
            ]
        }
    },
    "ego_interaction": {
        "4.76 s to 5.66 s": {
            "mode": "free",
            "start-end coordinates": [
                0.043169764709767945,
                -0.9783787012030856,
                0.18973792003965154,
                -0.3117230215603331
            ]
        },
        "5.66 s to 6.29 s": {
            "mode": "attached to obj1",
            "start-end coordinates": [
                0.18973792003965154,
                -0.3117230215603331,
                -0.3735713590078803,
                -1.1466437804352572
            ]
        },
        "6.29 s to 6.29 s": {
            "mode": "free",
            "start-end coordinates": [
                -0.3735713590078803,
                -1.1466437804352572,
                -0.3735713590078803,
                -1.1466437804352572
            ]
        },
        "9.48 s to 10.66 s": {
            "mode": "free",
            "start-end coordinates": [
                -1.142867328922038,
                -1.0327907067955944,
                -1.0792003085336812,
                -1.2697077107571662
            ]
        },
        "10.66 s to 12.04 s": {
            "mode": "attached to box1",
            "start-end coordinates": [
                -1.0792003085336812,
                -1.2697077107571662,
                0.5618211875898365,
                -0.6508911740385825
            ]
        },
        "10.66 s to 12.19 s": {
            "mode": "attached to obj1",
            "start-end coordinates": [
                -1.0792003085336812,
                -1.2697077107571662,
                0.6955011294937167,
                -0.5949681091241664
            ]
        },
        "12.04 s to 12.19 s": {
            "mode": "free",
            "start-end coordinates": [
                0.5618211875898365,
                -0.6508911740385825,
                0.6955011294937167,
                -0.5949681091241664
            ]
        },
        "12.19 s to 12.19 s": {
            "mode": "free",
            "start-end coordinates": [
                0.6955011294937167,
                -0.5949681091241664,
                0.6955011294937167,
                -0.5949681091241664
            ]
        },
        "12.68 s to 13.7 s": {
            "mode": "attached to obj2",
            "start-end coordinates": [
                0.8032289100191942,
                -0.6112809019421763,
                -1.2964469054008314,
                -1.035653897393003
            ]
        },
        "12.75 s to 12.68 s": {
            "mode": "free",
            "start-end coordinates": [
                0.7625836510113361,
                -0.6116622297577551,
                0.8032289100191942,
                -0.6112809019421763
            ]
        },
        "13.7 s to 13.3 s": {
            "mode": "free",
            "start-end coordinates": [
                -1.2964469054008314,
                -1.035653897393003,
                -1.2606851646193848,
                -1.1294668288606575
            ]
        }
    }
}