{
    "moved_objects": [
        "ego",
        "box1",
        "obj2",
        "obj1",
        "obj1_a"
    ],
    "interactions": {
        "ego": {
            "5.32 s to 6.91 s": [
                -0.03918288661946796,
                -0.1374045846440386,
                -0.4967626231134988,
                -1.5905808460745736
            ],
            "10.7 s to 10.94 s": [
                -1.0384641139411412,
                -0.911364281094063,
                -0.9596306445740082,
                -1.1722245263600963
            ],
            "11.59 s to 11.72 s": [
                -0.6704606643058874,
                -1.2436255549053916,
                -0.7678138460760565,
                -1.0841419807170602
            ],
            "12.51 s to 17.84 s": [
                -0.680739166175278,
                -1.1549758956329108,
                -0.001507883855920533,
                0.6241074939910924
            ],
            "20.73 s to 20.89 s": [
                -0.36817278208291937,
                0.556119904031977,
                -0.6868765762267214,
                0.6111878413907388
            ],
            "22.85 s to 23.31 s": [
                -0.8054471146839759,
                0.6774254873394476,
                -0.6296799206778206,
                0.5973494462620296
            ],
            "23.87 s to 24.12 s": [
                -0.29176557211729093,
                0.6748838615776784,
                0.025669420458707515,
                0.5278703134441285
            ]
        },
        "box1": {
            "7.73 s to 7.87 s": [
                -1.0294842885579063,
                -1.0891588702889885,
                -1.1090109456094785,
                -1.0313072451105114
            ],
            "10.65 s to 11.04 s": [
                -1.0818480193089903,
                -0.6680426520940046,
                -1.0047647246453866,
                -0.9320520394302517
            ],
            "13.14 s to 17.85 s": [
                -0.9275788433633981,
                -0.94767852823912,
                -0.1466699416056541,
                0.6633929543275352
            ],
            "20.7 s to 20.93 s": [
                -0.4458877482581851,
                0.6441881392095553,
                -0.8571153276059953,
                0.7075490459455868
            ],
            "22.8 s to 23.31 s": [
                -0.9032494604618599,
                0.8505913466896305,
                -0.7694236535245296,
                0.807042521906208
            ],
            "23.86 s to 24.14 s": [
                -0.5733173325242898,
                0.7759642687810466,
                -0.4514197659558316,
                0.6724182595463957
            ]
        },
        "obj2": {
            "6.6 s to 7.18 s": [
                0.9998998570092247,
                -0.5001386209188977,
                0.8522442026642731,
                -0.6158353650235375
            ],
            "15.88 s to 17.84 s": [
                0.8837476091664603,
                -0.5516790997952903,
                0.8040367321133297,
                -0.5871139527085294
            ]
        },
        "obj1": {
            "6.46 s to 6.69 s": [
                0.4999313099598731,
                -0.5019889417163693,
                0.3765894552067895,
                -0.42995240548441666
            ],
            "11.59 s to 11.72 s": [
                0.3990152068106926,
                -0.44038658798661034,
                0.5398419572943698,
                -0.44731810702713715
            ],
            "17.13 s to 17.99 s": [
                0.5316847840175462,
                -0.4569064235137668,
                0.6181493431016337,
                -0.23528394596502936
            ]
        },
        "obj1_a": {
            "6.46 s to 6.69 s": [
                0.4999313099598731,
                -1.1519889417163691,
                0.3765894552067895,
                -1.0799524054844163
            ],
            "11.59 s to 11.72 s": [
                0.3990152068106926,
                -1.0903865879866106,
                0.5398419572943698,
                -1.097318107027137
            ],
            "17.13 s to 17.99 s": [
                0.5316847840175462,
                -1.106906423513767,
                0.6181493431016337,
                -0.8852839459650296
            ]
        }
    },
    "ego_interaction": {
        "5.32 s to 6.6 s": {
            "mode": "free",
            "start-end coordinates": [
                -0.03918288661946796,
                -0.1374045846440386,
                0.04518087706160179,
                -0.9790043999697119
            ]
        },
        "5.32 s to 6.46 s": {
            "mode": "free",
            "start-end coordinates": [
                -0.03918288661946796,
                -0.1374045846440386,
                0.17051734840618235,
                -1.3341334978592796
            ]
        },
        "6.46 s to 6.69 s": {
            "mode": "attached to obj1_a",
            "start-end coordinates": [
                0.17051734840618235,
                -1.3341334978592796,
                -0.2056100694236427,
                -1.3763022306234798
            ]
        },
        "6.6 s to 7.18 s": {
            "mode": "attached to obj2",
            "start-end coordinates": [
                0.04518087706160179,
                -0.9790043999697119,
                -0.729782735687299,
                -1.5742126634034794
            ]
        },
        "6.69 s to 6.91 s": {
            "mode": "free",
            "start-end coordinates": [
                -0.2056100694236427,
                -1.3763022306234798,
                -0.4967626231134988,
                -1.5905808460745736
            ]
        },
        "7.18 s to 6.91 s": {
            "mode": "free",
            "start-end coordinates": [
                -0.729782735687299,
                -1.5742126634034794,
                -0.4967626231134988,
                -1.5905808460745736
            ]
        },
        "10.65 s to 11.04 s": {
            "mode": "attached to box1",
            "start-end coordinates": [
                -1.0366534315452978,
                -0.8674081032354569,
                -0.8941680957300819,
                -1.2367705781690836
            ]
        },
        "10.7 s to 10.65 s": {
            "mode": "free",
            "start-end coordinates": [
                -1.0384641139411412,
                -0.911364281094063,
                -1.0366534315452978,
                -0.8674081032354569
            ]
        },
        "11.04 s to 10.94 s": {
            "mode": "free",
            "start-end coordinates": [
                -0.8941680957300819,
                -1.2367705781690836,
                -0.9596306445740082,
                -1.1722245263600963
            ]
        },
        "11.59 s to 11.59 s": {
            "mode": "free",
            "start-end coordinates": [
                -0.6704606643058874,
                -1.2436255549053916,
                -0.6704606643058874,
                -1.2436255549053916
            ]
        },
        "11.59 s to 11.72 s": {
            "mode": "attached to obj1_a",
            "start-end coordinates": [
                -0.6704606643058874,
                -1.2436255549053916,
                -0.7678138460760565,
                -1.0841419807170602
            ]
        },
        "11.72 s to 11.72 s": {
            "mode": "free",
            "start-end coordinates": [
                -0.7678138460760565,
                -1.0841419807170602,
                -0.7678138460760565,
                -1.0841419807170602
            ]
        },
        "12.51 s to 13.14 s": {
            "mode": "free",
            "start-end coordinates": [
                -0.680739166175278,
                -1.1549758956329108,
                -0.9437179343798643,
                -1.1142377110480157
            ]
        },