{
    "moved_objects": [
        "ego",
        "box1",
        "obj2",
        "obj3",
        "obj1",
        "obj1_a"
    ],
    "interactions": {
        "ego": {
            "2.84 s to 3.39 s": [
                -0.18615516135333232,
                -0.2257160543542452,
                -0.6591420146059858,
                -1.1853727848071574
            ],
            "4.04 s to 4.23 s": [
                -0.7667615081717826,
                -1.1243737165095657,
                -0.8923453858167366,
                -0.9263531894530599
            ],
            "5.34 s to 8.54 s": [
                -0.9124776435520408,
                -0.7992905794284045,
                1.1152564251430113,
                -0.3601124874608269
            ],
            "9.29 s to 10.03 s": [
                1.1666470522912058,
                -0.30508279462928467,
                -0.9191146876987795,
                -0.9756447179283065
            ],
            "18.36 s to 19.56 s": [
                -0.9740914974564872,
                -0.9341707665155738,
                -0.8777609115535159,
                -1.2886264419430389
            ],
            "20.42 s to 20.71 s": [
                -0.9876305670972023,
                -1.2194770795477083,
                -0.99646348755401,
                -0.8921165638876634
            ],
            "21.72 s to 23.21 s": [
                -1.1283047040668572,
                -0.9624181749446621,
                -1.1770445653920452,
                -1.0529434714418109
            ],
            "24.56 s to 27.18 s": [
                -1.2616893314015085,
                -0.779307987404954,
                -0.7733450554000405,
                -1.061948014338207
            ]
        },
        "box1": {
            "4.03 s to 4.65 s": [
                -1.0145741111680133,
                -1.0731917927625978,
                -1.1375710635201033,
                -0.6381120181481451
            ],
            "5.38 s to 6.67 s": [
                -1.125690094280177,
                -0.6460191224991229,
                -1.0658981268599872,
                -0.41790515533387473
            ],
            "25.05 s to 27.18 s": [
                -1.1806896092571102,
                -0.07118989804136407,
                -1.1904990611988564,
                1.119973910849646
            ]
        },
        "obj2": {
            "7.26 s to 8.46 s": [
                0.9950398915493068,
                -0.5005220496930254,
                1.0938531156494231,
                -0.11902899335504732
            ],
            "24.45 s to 24.75 s": [
                1.0681957345149085,
                -0.21866711921813767,
                1.0808264980093556,
                -0.13936419156720017
            ],
            "25.27 s to 27.18 s": [
                1.0706755728081032,
                -0.14723682515455108,
                1.0473025564407394,
                -0.2256044810755682
            ]
        },
        "obj3": {
            "9.26 s to 10.19 s": [
                1.3633183355253462,
                -0.527825428899511,
                -0.8800297494402146,
                -0.7513847205203855
            ],
            "24.46 s to 27.22 s": [
                -1.1172796252875954,
                -0.47682559234089406,
                -1.1945225692905392,
                0.5570372300438045
            ]
        },
        "obj1": {
            "5.32 s to 6.76 s": [
                0.4544572286876817,
                -0.5495870999138284,
                0.12564946759017215,
                -0.7974615823923117
            ],
            "15.6 s to 15.75 s": [
                0.22652052094326777,
                -0.48654218007135724,
                0.1615112070023181,
                -0.5528457098592048
            ],
            "18.66 s to 19.77 s": [
                0.11493538729312874,
                -0.693866519591924,
                -0.8505906617747668,
                -1.0585182557662194
            ],
            "21.09 s to 23.28 s": [
                -0.8804745929002162,
                -1.0663195869761235,
                -1.1493664058302415,
                -1.073259376267689
            ],
            "25.17 s to 27.01 s": [
                -1.1792978228896387,
                -0.9783972322685867,
                -1.1905772142722273,
                0.11587559164860489
            ]
        },
        "obj1_a": {
            "5.32 s to 6.76 s": [
                0.45445722867134697,
                -1.1995870999792213,
                0.12102757025294215,
                -1.5108783132984906
            ],
            "15.6 s to 15.74 s": [
                0.2226016414262725,
                -1.1903128525138484,
                0.1605500947189277,
                -1.2544271465483292
            ],
            "19.09 s to 19.76 s": [
                0.07184940232326453,
                -1.4393594056150694,
                -0.8499630711522965,
                -1.763371811404284
            ],
            "21.09 s to 23.27 s": [
                -0.8840355915703529,
                -1.7651798012872988,
                -1.148270390124518,
                -1.7711489490195662
            ],
            "25.19 s to 27.18 s": [
                -1.1834864532845508,
                -1.6740827656992565,
                -1.063593217468006,
                -0.7268263456013107
            ]
        }
    },
    "ego_interaction": {
        "4.03 s to 4.65 s": {
            "mode": "attached to box1",
            "start-end coordinates": [
                -0.7641131445326071,
                -1.134618057191629,
                -0.9050353465407364,
                -0.7129373398433188
            ]
        },
        "4.04 s to 4.03 s": {
            "mode": "free",
            "start-end coordinates": [
                -0.7667615081717826,
                -1.1243737165095657,
                -0.7641131445326071,
                -1.134618057191629
            ]
        },
        "4.65 s to 4.23 s": {
            "mode": "free",
            "start-end coordinates": [
                -0.9050353465407364,
                -0.7129373398433188,
                -0.8923453858167366,
                -0.9263531894530599
            ]
        },
        "5.32 s to 6.76 s": {
            "mode": "attached to obj1_a",
            "start-end coordinates": [
                -0.9238750695142783,
                -0.8035780923218382,
                0.1881082096778261,
                -0.7834394084940315
            ]
        },
        "5.34 s to 5.38 s": {
            "mode": "free",
            "start-end coordinates": [
                -0.9124776435520408,
                -0.7992905794284045,
                -0.8328257423428145,
                -0.8002253431280971
            ]
        },
        "5.34 s to 7.26 s": {
            "mode": "free",
            "start-end coordinates": [
                -0.9124776435520408,
                -0.7992905794284045,
                0.6285366249775141,
                -0.6277187495291792
            ]
        },
        "5.34 s to 5.32 s": {
            "mode": "free",
            "start-end coordinates": [
                -0.9124776435520408,
                -0.7992905794284045,
                -0.9238750695142783,
                -0.8035780923218382
            ]
        },
        "5.38 s to 6.67 s": {
            "mode": "attached to box1",
            "start-end coordinates": [
                -0.8328257423428145,
                -0.8002253431280971,
                0.018810497515278506,
                -0.9390806343927407
            ]
        },
        "6.67 s to 8.54 s": {
            "mode": "free",
            "start-end coordinates": [
                0.018810497515278506,
                -0.9390806343927407,
                1.1088119327151724,
                -0.35118968103204673
            ]
        },
        "6.76 s to 8.54 s": {
            "mode": "free",