{
    "moved_objects": [
        "ego",
        "box1",
        "obj3",
        "obj1",
        "obj1_a"
    ],
    "interactions": {
        "ego": {
            "0.85 s to 1.73 s": [
                -0.1175564351788424,
                -0.05637947996796873,
                0.001811642850713415,
                -0.8618107503929245
            ],
            "3.55 s to 5.1 s": [
                0.12226116590003738,
                -1.2822319300359504,
                -0.9621928613406994,
                -0.9626661967885948
            ],
            "5.77 s to 7.25 s": [
                -0.9372986378228649,
                -0.8014043989235985,
                -1.286688779980622,
                -1.3175038172245288
            ]
        },
        "box1": {
            "4.88 s to 5.39 s": [
                -1.0306476587435296,
                -1.0262022453251523,
                -1.146119955528145,
                -0.5969439371901122
            ],
            "10.11 s to 10.46 s": [
                -1.1969759248799876,
                -0.3967432892879915,
                -1.187416492110326,
                0.058349168644449986
            ],
            "11.07 s to 11.73 s": [
                -1.191416642941022,
                0.10189035480573636,
                -1.1850119924830458,
                0.606945538434172
            ],
            "16.6 s to 16.93 s": [
                -1.1870190743241866,
                0.6073702415763116,
                -1.1746940717908043,
                1.232606272996377
            ]
        },
        "obj3": {
            "13.83 s to 14.69 s": [
                1.4540299506049954,
                -0.5250893409936972,
                -1.1972469205775162,
                -1.0125728334374435
            ],
            "16.6 s to 16.95 s": [
                -1.1961510294034294,
                -0.9046333945744761,
                -1.1841010439279522,
                -0.2678394788736637
            ]
        },
        "obj1": {
            "5.9 s to 7.25 s": [
                0.4720214041472078,
                -0.5588922844959354,
                -1.0934553418629307,
                -1.1999664073771565
            ],
            "9.86 s to 10.47 s": [
                -1.2500238652104008,
                -1.1976278390820478,
                -1.1934677735769879,
                -0.6947354823209135
            ],
            "11.07 s to 11.75 s": [
                -1.1966248524754008,
                -0.6605714015321696,
                -1.1903662960562915,
                -0.10702221489507555
            ],
            "16.6 s to 16.94 s": [
                -1.191181781929978,
                -0.09905951952327105,
                -1.1784883131793689,
                0.5327836013868631
            ]
        },
        "obj1_a": {
            "3.52 s to 3.8 s": [
                0.5185883280503032,
                -1.2459914238903178,
                1.0375640891175122,
                -1.4158661079624075
            ]
        }
    },
    "ego_interaction": {
        "3.52 s to 3.8 s": {
            "mode": "attached to obj1_a",
            "start-end coordinates": [
                0.12722454456342264,
                -1.2483730010747978,
                0.5269804809574247,
                -1.4056213707946663
            ]
        },
        "3.55 s to 4.88 s": {
            "mode": "free",
            "start-end coordinates": [
                0.12226116590003738,
                -1.2822319300359504,
                -0.7705541547787826,
                -1.2940920383356693
            ]
        },
        "3.55 s to 3.52 s": {
            "mode": "free",
            "start-end coordinates": [
                0.12226116590003738,
                -1.2822319300359504,
                0.12722454456342264,
                -1.2483730010747978
            ]
        },
        "3.8 s to 5.1 s": {
            "mode": "free",
            "start-end coordinates": [
                0.5269804809574247,
                -1.4056213707946663,
                -0.975442479223835,
                -0.972610722951166
            ]
        },
        "4.88 s to 5.39 s": {
            "mode": "attached to box1",
            "start-end coordinates": [
                -0.7705541547787826,
                -1.2940920383356693,
                -0.9740529389260495,
                -0.8944081809948354
            ]
        },
        "5.39 s to 5.1 s": {
            "mode": "free",
            "start-end coordinates": [
                -0.9740529389260495,
                -0.8944081809948354,
                -0.975442479223835,
                -0.972610722951166
            ]
        },
        "5.77 s to 5.9 s": {
            "mode": "free",
            "start-end coordinates": [
                -0.9372986378228649,
                -0.8014043989235985,
                -0.18005194320287923,
                -1.1772783994022442
            ]
        },
        "5.9 s to 7.25 s": {
            "mode": "attached to obj1",
            "start-end coordinates": [
                -0.18005194320287923,
                -1.1772783994022442,
                -1.286688779980622,
                -1.3175038172245288
            ]
        },
        "7.25 s to 7.25 s": {
            "mode": "free",
            "start-end coordinates": [
                -1.286688779980622,
                -1.3175038172245288,
                -1.286688779980622,
                -1.3175038172245288
            ]
        }
    }
}