{
    "moved_objects": [
        "ego",
        "box1",
        "obj3",
        "obj1",
        "obj1_a"
    ],
    "interactions": {
        "ego": {
            "2.84 s to 3.39 s": [
                -0.18615516135333232,
                -0.2257160543542452,
                -0.6591420146059858,
                -1.1853727848071574
            ],
            "5.34 s to 8.54 s": [
                -0.9124776435520408,
                -0.7992905794284045,
                1.1152564251430113,
                -0.3601124874608269
            ],
            "9.29 s to 10.03 s": [
                1.1666470522912058,
                -0.30508279462928467,
                -0.9191146876987795,
                -0.9756447179283065
            ],
            "24.56 s to 27.18 s": [
                -1.2616893314015085,
                -0.779307987404954,
                -0.7733450554000405,
                -1.061948014338207
            ]
        },
        "box1": {
            "4.03 s to 4.65 s": [
                -1.0145741111680133,
                -1.0731917927625978,
                -1.1375710635201033,
                -0.6381120181481451
            ],
            "25.05 s to 27.18 s": [
                -1.1806896092571102,
                -0.07118989804136407,
                -1.1904990611988564,
                1.119973910849646
            ]
        },
        "obj3": {
            "9.26 s to 10.19 s": [
                1.3633183355253462,
                -0.527825428899511,
                -0.8800297494402146,
                -0.7513847205203855
            ],
            "24.46 s to 27.22 s": [
                -1.1172796252875954,
                -0.47682559234089406,
                -1.1945225692905392,
                0.5570372300438045
            ]
        },
        "obj1": {
            "5.32 s to 6.76 s": [
                0.4544572286876817,
                -0.5495870999138284,
                0.12564946759017215,
                -0.7974615823923117
            ],
            "18.66 s to 19.77 s": [
                0.11493538729312874,
                -0.693866519591924,
                -0.8505906617747668,
                -1.0585182557662194
            ],
            "25.17 s to 27.01 s": [
                -1.1792978228896387,
                -0.9783972322685867,
                -1.1905772142722273,
                0.11587559164860489
            ]
        },
        "obj1_a": {
            "5.32 s to 6.76 s": [
                0.45445722867134697,
                -1.1995870999792213,
                0.12102757025294215,
                -1.5108783132984906
            ],
            "19.09 s to 19.76 s": [
                0.07184940232326453,
                -1.4393594056150694,
                -0.8499630711522965,
                -1.763371811404284
            ],
            "25.19 s to 27.18 s": [
                -1.1834864532845508,
                -1.6740827656992565,
                -1.063593217468006,
                -0.7268263456013107
            ]
        }
    },
    "ego_interaction": {
        "5.32 s to 6.76 s": {
            "mode": "attached to obj1_a",
            "start-end coordinates": [
                -0.9238750695142783,
                -0.8035780923218382,
                0.1881082096778261,
                -0.7834394084940315
            ]
        },
        "5.34 s to 5.32 s": {
            "mode": "free",
            "start-end coordinates": [
                -0.9124776435520408,
                -0.7992905794284045,
                -0.9238750695142783,
                -0.8035780923218382
            ]
        },
        "6.76 s to 8.54 s": {
            "mode": "free",
            "start-end coordinates": [
                0.1881082096778261,
                -0.7834394084940315,
                1.1088119327151724,
                -0.35118968103204673
            ]
        },
        "9.26 s to 10.19 s": {
            "mode": "attached to obj3",
            "start-end coordinates": [
                1.1790761017136138,
                -0.3242633750483592,
                -1.0056078546862928,
                -0.9388635605900011
            ]
        },
        "9.29 s to 9.26 s": {
            "mode": "free",
            "start-end coordinates": [
                1.172303383240092,
                -0.31277135894933994,
                1.1790761017136138,
                -0.3242633750483592
            ]
        },
        "10.19 s to 10.03 s": {
            "mode": "free",
            "start-end coordinates": [
                -1.0056078546862928,
                -0.9388635605900011,
                -0.9079181828632891,
                -0.9757428781144278
            ]
        },
        "24.46 s to 27.22 s": {
            "mode": "attached to obj3",
            "start-end coordinates": [
                -1.2679747175013605,
                -0.79037556095404,
                -0.7924250092825114,
                -1.064018159052597
            ]
        },
        "24.56 s to 25.05 s": {
            "mode": "free",
            "start-end coordinates": [
                -1.2616893314015085,
                -0.779307987404954,
                -1.2867596567305768,
                -1.550445200985747
            ]
        },
        "24.56 s to 24.46 s": {
            "mode": "free",
            "start-end coordinates": [
                -1.2616893314015085,
                -0.779307987404954,
                -1.2679747175013605,
                -0.79037556095404
            ]
        },
        "24.56 s to 25.17 s": {
            "mode": "free",
            "start-end coordinates": [
                -1.2616893314015085,
                -0.779307987404954,
                -1.2875946242488816,
                -1.5072872096162528
            ]
        },
        "24.56 s to 25.19 s": {
            "mode": "free",
            "start-end coordinates": [
                -1.2616893314015085,
                -0.779307987404954,
                -1.2883004624482841,
                -1.4979634637939876
            ]
        },
        "25.05 s to 27.18 s": {
            "mode": "attached to box1",
            "start-end coordinates": [
                -1.2867596567305768,
                -1.550445200985747,
                -0.7733450554000405,
                -1.061948014338207
            ]
        },
        "25.17 s to 27.01 s": {
            "mode": "attached to obj1",
            "start-end coordinates": [
                -1.2875946242488816,
                -1.5072872096162528,
                -0.6190646012761852,
                -1.31935994996825
            ]
        },
        "25.19 s to 27.18 s": {
            "mode": "attached to obj1_a",
            "start-end coordinates": [
                -1.2883004624482841,
                -1.4979634637939876,
                -0.7733450554000405,
                -1.061948014338207
            ]
        },
        "27.01 s to 27.18 s": {
            "mode": "free",
            "start-end coordinates": [
                -0.6190646012761852,
                -1.31935994996825,
                -0.7733450554000405,
                -1.061948014338207
            ]
        },
        "27.18 s to 27.18 s": {
            "mode": "free",
            "start-end coordinates": [
                -0.7733450554000405,
                -1.061948014338207,
                -0.7733450554000405,
                -1.061948014338207
            ]
        },
        "27.22 s to 27.18 s": {
            "mode": "free",
            "start-end coordinates": [
                -0.7924250092825114,
                -1.064018159052597,
                -0.7733450554000405,
                -1.061948014338207
            ]
        }
    }
}