{
    "moved_objects": [
        "ego",
        "box1",
        "obj2",
        "obj1",
        "obj1_a"
    ],
    "interactions": {
        "ego": {
            "0.89 s to 1.4 s": [
                0.04870880949822526,
                -0.06796723323700608,
                -0.4096131465114598,
                -0.9776459096940712
            ],
            "2.77 s to 3.57 s": [
                -0.9290066155315978,
                -0.8398152622767723,
                -0.13486380316804525,
                -0.8931441933681417
            ],
            "4.76 s to 6.29 s": [
                0.043169764709767945,
                -0.9783787012030856,
                -0.3735713590078803,
                -1.1466437804352572
            ],
            "7.2 s to 7.28 s": [
                -0.7667355486208498,
                -1.3385663924587732,
                -0.8481124422978905,
                -1.384696900130361
            ],
            "9.48 s to 12.19 s": [
                -1.142867328922038,
                -1.0327907067955944,
                0.6955011294937167,
                -0.5949681091241664
            ],
            "12.75 s to 13.3 s": [
                0.7625836510113361,
                -0.6116622297577551,
                -1.2606851646193848,
                -1.1294668288606575
            ],
            "14.73 s to 15.41 s": [
                -1.416056590950386,
                -0.8707769249311763,
                -1.4156457289939604,
                -1.0095244778229147
            ]
        },
        "box1": {
            "2.69 s to 2.87 s": [
                -1.1219635896096074,
                -0.776803826421241,
                -1.1467679181324002,
                -0.6472567618088549
            ],
            "4.78 s to 6.29 s": [
                -1.0760680023024816,
                -0.8620803300571037,
                -1.1084597498255984,
                -0.6104025492247048
            ],
            "9.53 s to 9.93 s": [
                -1.184982374485568,
                -0.4992455653048414,
                -1.1699654761507459,
                -0.2547016177661529
            ],
            "10.66 s to 12.04 s": [
                -1.1635012592526057,
                -0.22750798603960048,
                -1.1643874632235067,
                0.3141443698972347
            ],
            "12.79 s to 13.7 s": [
                -1.159514071058222,
                0.2654886736904787,
                -1.1955858764874783,
                0.4004132308095202
            ],
            "16.36 s to 16.92 s": [
                -1.1958792585310494,
                0.6023052625053267,
                -1.1844616133698826,
                1.0827830073111142
            ]
        },
        "obj2": {
            "12.68 s to 13.7 s": [
                0.9971751900426238,
                -0.5316538717139234,
                -1.1823792200515097,
                -0.8227233579071266
            ],
            "16.24 s to 17.58 s": [
                -1.1949502899833901,
                -0.6003667206740159,
                -1.1808026386640673,
                0.13639944694573536
            ]
        },
        "obj1": {
            "5.66 s to 6.29 s": [
                0.431197533932379,
                -0.5476999760281439,
                -0.008469432381045213,
                -0.8513053437329409
            ],
            "7.04 s to 7.45 s": [
                -0.25998064955450245,
                -0.9822604205485719,
                -0.6684365533352717,
                -1.1482564076185504
            ],
            "9.49 s to 9.91 s": [
                -0.7616813282826217,
                -1.0895850529422892,
                -0.7703798675262084,
                -0.8472429711338554
            ],
            "10.66 s to 12.19 s": [
                -0.789580759850512,
                -0.8329286774217455,
                -0.7982732540386893,
                -0.3223289426285833
            ],
            "12.79 s to 13.7 s": [
                -0.7578418771064327,
                -0.3465001233638677,
                -0.9108625108459714,
                -0.33785168025580237
            ],
            "14.68 s to 15.42 s": [
                -0.9466632210032764,
                -0.33815400055681616,
                -1.189632284593545,
                -0.27216968245078343
            ],
            "16.38 s to 17.09 s": [
                -1.192492313268484,
                -0.1639008343997901,
                -1.1870555427335692,
                0.4155866240454114
            ]
        },
        "obj1_a": {
            "4.77 s to 6.29 s": [
                0.4728603370556639,
                -1.2556239408214356,
                0.5391972425511531,
                -1.4628359694337305
            ],
            "11.31 s to 12.19 s": [
                0.4232362649692549,
                -1.4070014776020268,
                0.632787921264842,
                -1.449367695389782
            ],
            "14.68 s to 15.42 s": [
                0.6105949607700394,
                -1.4737623985287882,
                0.19900917575171317,
                -1.3734392842271945
            ],
            "17.0 s to 17.98 s": [
                0.2793196984826306,
                -1.1755236159136837,
                0.06222702325984676,
                -1.0637231500612472
            ]
        }
    },
    "ego_interaction": {
        "2.69 s to 2.87 s": {
            "mode": "attached to box1",
            "start-end coordinates": [
                -0.8685787857355772,
                -0.8701344496640394,
                -0.9397574946493938,
                -0.757519260145019
            ]
        },
        "2.77 s to 2.69 s": {
            "mode": "free",
            "start-end coordinates": [
                -0.9290066155315978,
                -0.8398152622767723,
                -0.8685787857355772,
                -0.8701344496640394
            ]
        },
        "2.87 s to 3.57 s": {
            "mode": "free",
            "start-end coordinates": [
                -0.9397574946493938,
                -0.757519260145019,
                -0.13486380316804525,
                -0.8931441933681417
            ]
        },
        "4.76 s to 4.78 s": {
            "mode": "free",
            "start-end coordinates": [
                0.043169764709767945,
                -0.9783787012030856,
                0.056542229695276745,
                -1.000349466446955
            ]
        },
        "4.76 s to 5.66 s": {
            "mode": "free",
            "start-end coordinates": [
                0.043169764709767945,
                -0.9783787012030856,
                0.18973792003965154,
                -0.3117230215603331
            ]
        },
        "4.76 s to 4.77 s": {
            "mode": "free",
            "start-end coordinates": [
                0.043169764709767945,
                -0.9783787012030856,
                0.043169764709767945,
                -0.9783787012030856
            ]
        },
        "4.77 s to 6.29 s": {
            "mode": "attached to obj1_a",
            "start-end coordinates": [
                0.043169764709767945,
                -0.9783787012030856,
                -0.3735713590078803,
                -1.1466437804352572
            ]
        },
        "4.78 s to 6.29 s": {
            "mode": "attached to box1",
            "start-end coordinates": [
                0.056542229695276745,
                -1.000349466446955,
                -0.3735713590078803,
                -1.1466437804352572
            ]
        },
        "5.66 s to 6.29 s": {
            "mode": "attached to obj1",
            "start-end coordinates": [
                0.18973792003965154,
                -0.3117230215603331,
                -0.3735713590078803,
                -1.1466437804352572
            ]
        },
        "6.29 s to 6.29 s": {
            "mode": "free",