{
    "moved_objects": [
        "ego",
        "box1",
        "obj1",
        "obj1_a"
    ],
    "interactions": {
        "ego": {
            "0.07 s to 1.44 s": [
                0.006122741901379009,
                0.0023837496133479173,
                -0.7207301397889928,
                -1.2518396993666694
            ],
            "4.65 s to 4.98 s": [
                -0.9088954048033882,
                -0.8026397598578086,
                -0.32727120746847405,
                -0.8306086849369427
            ],
            "7.72 s to 8.61 s": [
                0.1120207976055041,
                -0.600256124419733,
                -1.2359055174838276,
                -0.9384738476680519
            ]
        },
        "box1": {
            "1.97 s to 2.98 s": [
                -1.0229415293870288,
                -1.0637657298664374,
                -1.198353517159204,
                -0.47927805895715775
            ],
            "9.18 s to 10.04 s": [
                -1.1857403400692088,
                -0.19571839463235402,
                -1.1900494924546567,
                0.41588315067799503
            ]
        },
        "obj1": {
            "7.7 s to 8.64 s": [
                0.45179805843342025,
                -0.5317330894724075,
                -1.2253192867171376,
                -1.0462132659683716
            ],
            "9.19 s to 10.04 s": [
                -1.2163374000998095,
                -0.992001713851956,
                -1.2129289934703724,
                -0.4777971777022172
            ]
        },
        "obj1_a": {
            "7.75 s to 10.51 s": [
                0.5186981113508555,
                -1.231693044464926,
                -0.742704645573979,
                -1.2915406318485156
            ]
        }
    },
    "ego_interaction": {
        "7.7 s to 8.64 s": {
            "mode": "attached to obj1",
            "start-end coordinates": [
                0.12361256211170686,
                -0.5783018279312742,
                -1.2165215197120025,
                -0.9204339802032496
            ]
        },
        "7.72 s to 7.7 s": {
            "mode": "free",
            "start-end coordinates": [
                0.1120207976055041,
                -0.600256124419733,
                0.12361256211170686,
                -0.5783018279312742
            ]
        },
        "7.72 s to 7.75 s": {
            "mode": "free",
            "start-end coordinates": [
                0.1120207976055041,
                -0.600256124419733,
                0.07637837027097262,
                -0.6518679935657818
            ]
        },
        "7.75 s to 10.51 s": {
            "mode": "attached to obj1_a",
            "start-end coordinates": [
                0.07637837027097262,
                -0.6518679935657818,
                -1.0827849656016257,
                -0.8782381866481456
            ]
        },
        "8.64 s to 8.61 s": {
            "mode": "free",
            "start-end coordinates": [
                -1.2165215197120025,
                -0.9204339802032496,
                -1.2359055174838276,
                -0.9384738476680519
            ]
        },
        "10.51 s to 8.61 s": {
            "mode": "free",
            "start-end coordinates": [
                -1.0827849656016257,
                -0.8782381866481456,
                -1.2359055174838276,
                -0.9384738476680519
            ]
        }
    }
}