{
    "moved_objects": [
        "ego",
        "box1"
    ],
    "interactions": {
        "ego": {
            "5.32 s to 6.91 s": [
                -0.03918288661946796,
                -0.1374045846440386,
                -0.4967626231134988,
                -1.5905808460745736
            ],
            "12.51 s to 17.84 s": [
                -0.680739166175278,
                -1.1549758956329108,
                -0.001507883855920533,
                0.6241074939910924
            ]
        },
        "box1": {
            "13.14 s to 17.85 s": [
                -0.9275788433633981,
                -0.94767852823912,
                -0.1466699416056541,
                0.6633929543275352
            ],
            "20.7 s to 20.93 s": [
                -0.4458877482581851,
                0.6441881392095553,
                -0.8571153276059953,
                0.7075490459455868
            ]
        }
    },
    "ego_interaction": {
        "12.51 s to 13.14 s": {
            "mode": "free",
            "start-end coordinates": [
                -0.680739166175278,
                -1.1549758956329108,
                -0.9437179343798643,
                -1.1142377110480157
            ]
        },
        "13.14 s to 17.85 s": {
            "mode": "attached to box1",
            "start-end coordinates": [
                -0.9437179343798643,
                -1.1142377110480157,
                0.0006508139564125081,
                0.6202126223774235
            ]
        },
        "17.85 s to 17.84 s": {
            "mode": "free",
            "start-end coordinates": [
                0.0006508139564125081,
                0.6202126223774235,
                -0.001507883855920533,
                0.6241074939910924
            ]
        }
    }
}