{
    "moved_objects": [
        "ego",
        "box1",
        "obj1",
        "obj2"
    ],
    "interactions": {
        "ego": {
            "0.0 s to 0.43 s": [
                0.9377603220126827,
                1.3030265401100265,
                0.8471103085541772,
                1.53397955483724
            ],
            "1.11 s to 4.75 s": [
                0.9758182476672931,
                1.4664689332619276,
                0.6631226299539965,
                1.0953304672652449
            ],
            "5.28 s to 5.47 s": [
                0.5798669253318687,
                0.931907607914629,
                0.8981405310856903,
                0.9025765215620439
            ],
            "6.08 s to 6.74 s": [
                0.5414125353311873,
                0.9288752243782757,
                0.7040134725613613,
                1.1148946277445946
            ]
        },
        "box1": {
            "0.0 s to 0.08 s": [
                0.8726530471239031,
                0.998487096517834,
                1.4095228111797737,
                1.2195991303102511
            ],
            "1.65 s to 3.74 s": [
                1.3814054287115736,
                1.1531309837639998,
                0.22905404925238343,
                0.3793807382701316
            ],
            "4.45 s to 4.74 s": [
                0.15998866042308563,
                0.3491438600253513,
                0.03402706548265373,
                0.2550039120725122
            ]
        },
        "obj1": {
            "5.36 s to 6.74 s": [
                0.10093476718925964,
                -0.3479315656217731,
                0.08790656676228761,
                -0.4379503704966288
            ]
        },
        "obj2": {
            "1.63 s to 4.73 s": [
                0.9785359367091612,
                0.7526677253276475,
                0.5247915625934603,
                0.5081059813956612
            ],
            "5.28 s to 5.46 s": [
                0.5017507491275547,
                0.36069881659705744,
                0.6305471685707199,
                0.34632319016184526
            ]
        }
    },
    "ego_interaction": {
        "0.0 s to 0.0 s": {
            "mode": "free",
            "start-end coordinates": [
                0.9377603220126827,
                1.3030265401100265,
                0.9377603220126827,
                1.3030265401100265
            ]
        },
        "0.0 s to 0.08 s": {
            "mode": "attached to box1",
            "start-end coordinates": [
                0.9377603220126827,
                1.3030265401100265,
                0.9705541017432219,
                1.4758749749025764
            ]
        },
        "0.08 s to 0.43 s": {
            "mode": "free",
            "start-end coordinates": [
                0.9705541017432219,
                1.4758749749025764,
                0.8471103085541772,
                1.53397955483724
            ]
        },
        "1.11 s to 1.65 s": {
            "mode": "free",
            "start-end coordinates": [
                0.9758182476672931,
                1.4664689332619276,
                1.3057690038178673,
                1.2576426641421241
            ]
        },
        "1.11 s to 4.45 s": {
            "mode": "free",
            "start-end coordinates": [
                0.9758182476672931,
                1.4664689332619276,
                0.8537807259446999,
                1.1024777015653568
            ]
        },
        "1.11 s to 1.63 s": {
            "mode": "free",
            "start-end coordinates": [
                0.9758182476672931,
                1.4664689332619276,
                1.3753823497252322,
                1.3236312613324253
            ]
        },
        "1.63 s to 4.73 s": {
            "mode": "attached to obj2",
            "start-end coordinates": [
                1.3753823497252322,
                1.3236312613324253,
                0.6068374008614302,
                1.0983130011541162
            ]
        },
        "1.65 s to 3.74 s": {
            "mode": "attached to box1",
            "start-end coordinates": [
                1.3057690038178673,
                1.2576426641421241,
                1.071876837334541,
                1.2905441784063558
            ]
        },
        "3.74 s to 4.75 s": {
            "mode": "free",
            "start-end coordinates": [
                1.071876837334541,
                1.2905441784063558,
                0.6631226299539965,
                1.0953304672652449
            ]
        },
        "4.45 s to 4.74 s": {
            "mode": "attached to box1",
            "start-end coordinates": [
                0.8537807259446999,
                1.1024777015653568,
                0.6364985069704515,
                1.0898338737281763
            ]
        },
        "4.73 s to 4.75 s": {
            "mode": "free",
            "start-end coordinates": [
                0.6068374008614302,
                1.0983130011541162,
                0.6631226299539965,
                1.0953304672652449
            ]
        },
        "4.74 s to 4.75 s": {
            "mode": "free",
            "start-end coordinates": [
                0.6364985069704515,
                1.0898338737281763,
                0.6631226299539965,
                1.0953304672652449
            ]
        },
        "5.28 s to 5.36 s": {
            "mode": "free",
            "start-end coordinates": [
                0.5798669253318687,
                0.931907607914629,
                0.7326290214983195,
                1.0533329573926398
            ]
        },
        "5.28 s to 5.28 s": {
            "mode": "free",
            "start-end coordinates": [
                0.5798669253318687,
                0.931907607914629,
                0.5798669253318687,
                0.931907607914629
            ]
        },
        "5.28 s to 5.46 s": {
            "mode": "attached to obj2",
            "start-end coordinates": [
                0.5798669253318687,
                0.931907607914629,
                0.9199394441685965,
                0.9141680045153304
            ]
        },
        "5.36 s to 6.74 s": {
            "mode": "attached to obj1",
            "start-end coordinates": [
                0.7326290214983195,
                1.0533329573926398,
                0.7040134725613613,
                1.1148946277445946
            ]
        },
        "5.46 s to 5.47 s": {
            "mode": "free",
            "start-end coordinates": [
                0.9199394441685965,
                0.9141680045153304,
                0.8981405310856903,
                0.9025765215620439
            ]
        },
        "6.08 s to 5.36 s": {
            "mode": "free",
            "start-end coordinates": [
                0.5414125353311873,
                0.9288752243782757,
                0.7326290214983195,
                1.0533329573926398
            ]
        },
        "6.74 s to 5.47 s": {
            "mode": "free",
            "start-end coordinates": [
                0.7040134725613613,
                1.1148946277445946,
                0.8981405310856903,
                0.9025765215620439
            ]
        },
        "6.74 s to 6.74 s": {
            "mode": "free",
            "start-end coordinates": [
                0.7040134725613613,
                1.1148946277445946,
                0.7040134725613613,
                1.1148946277445946
            ]
        }
    }
}