{
    "moved_objects": [
        "ego",
        "obj2"
    ],
    "interactions": {
        "ego": {
            "0.13 s to 2.91 s": [
                0.9976878804293308,
                1.5398134704370823,
                0.46596370257956066,
                1.1413076353793137
            ],
            "4.01 s to 4.11 s": [
                0.8860643116382492,
                1.2906187602619772,
                0.5949209544246167,
                0.8506859578579903
            ]
        },
        "obj2": {
            "1.83 s to 2.93 s": [
                0.9643007437884388,
                0.7724433816366185,
                1.299148547238635,
                1.058121007223201
            ]
        }
    },
    "ego_interaction": {
        "0.13 s to 1.83 s": {
            "mode": "free",
            "start-end coordinates": [
                0.9976878804293308,
                1.5398134704370823,
                1.149309560690457,
                1.5040134847396007
            ]
        },
        "1.83 s to 2.93 s": {
            "mode": "attached to obj2",
            "start-end coordinates": [
                1.149309560690457,
                1.5040134847396007,
                0.43574267684350954,
                1.1556525662019665
            ]
        },
        "2.93 s to 2.91 s": {
            "mode": "free",
            "start-end coordinates": [
                0.43574267684350954,
                1.1556525662019665,
                0.46596370257956066,
                1.1413076353793137
            ]
        }
    }
}