{
    "moved_objects": [
        "ego",
        "box1",
        "obj1",
        "obj2"
    ],
    "interactions": {
        "ego": {
            "0.03 s to 1.52 s": [
                1.0335576972944458,
                1.5261699757209426,
                0.8610781473422471,
                1.197971214080359
            ],
            "2.15 s to 2.45 s": [
                0.9386853417388819,
                1.0401653892662468,
                0.7055464984434554,
                0.9309997730283208
            ]
        },
        "box1": {
            "0.38 s to 2.2 s": [
                1.3985206061838165,
                1.2091982350794668,
                0.27950633974314537,
                -0.1189065116286086
            ]
        },
        "obj1": {
            "1.31 s to 2.39 s": [
                0.09378405933044007,
                -0.31993937527773025,
                0.06864286536550539,
                -0.5110501173349942
            ]
        },
        "obj2": {
            "0.09 s to 1.45 s": [
                0.9783056650815674,
                0.6513049545518848,
                1.0426696822952868,
                0.8241047718835128
            ],
            "2.09 s to 2.2 s": [
                1.0173452972553394,
                0.8071551898285979,
                0.9251659622392366,
                0.7512430392738906
            ]
        }
    },
    "ego_interaction": {
        "0.03 s to 0.38 s": {
            "mode": "free",
            "start-end coordinates": [
                1.0335576972944458,
                1.5261699757209426,
                1.3613688116269251,
                1.551894658276772
            ]
        },
        "0.03 s to 1.31 s": {
            "mode": "free",
            "start-end coordinates": [
                1.0335576972944458,
                1.5261699757209426,
                0.6344149171956481,
                1.0715285882071615
            ]
        },
        "0.03 s to 0.09 s": {
            "mode": "free",
            "start-end coordinates": [
                1.0335576972944458,
                1.5261699757209426,
                1.0337038763357265,
                1.3801463641296037
            ]
        },
        "0.09 s to 1.45 s": {
            "mode": "attached to obj2",
            "start-end coordinates": [
                1.0337038763357265,
                1.3801463641296037,
                0.6802972498113415,
                1.1217052420987543
            ]
        },
        "0.38 s to 2.2 s": {
            "mode": "attached to box1",
            "start-end coordinates": [
                1.3613688116269251,
                1.551894658276772,
                0.7571323322079173,
                1.034528965273807
            ]
        },
        "1.31 s to 2.39 s": {
            "mode": "attached to obj1",
            "start-end coordinates": [
                0.6344149171956481,
                1.0715285882071615,
                0.846208253331607,
                0.9907696219958088
            ]
        },
        "1.45 s to 1.52 s": {
            "mode": "free",
            "start-end coordinates": [
                0.6802972498113415,
                1.1217052420987543,
                0.8610781473422471,
                1.197971214080359
            ]
        },
        "2.09 s to 2.2 s": {
            "mode": "attached to obj2",
            "start-end coordinates": [
                0.8473166223674825,
                1.0507466762116855,
                0.7571323322079173,
                1.034528965273807
            ]
        },
        "2.15 s to 0.38 s": {
            "mode": "free",
            "start-end coordinates": [
                0.9386853417388819,
                1.0401653892662468,
                1.3613688116269251,
                1.551894658276772
            ]
        },
        "2.15 s to 1.31 s": {
            "mode": "free",
            "start-end coordinates": [
                0.9386853417388819,
                1.0401653892662468,
                0.6344149171956481,
                1.0715285882071615
            ]
        },
        "2.15 s to 2.09 s": {
            "mode": "free",
            "start-end coordinates": [
                0.9386853417388819,
                1.0401653892662468,
                0.8473166223674825,
                1.0507466762116855
            ]
        },
        "2.2 s to 1.52 s": {
            "mode": "free",
            "start-end coordinates": [
                0.7571323322079173,
                1.034528965273807,
                0.8610781473422471,
                1.197971214080359
            ]
        },
        "2.2 s to 2.45 s": {
            "mode": "free",
            "start-end coordinates": [
                0.7571323322079173,
                1.034528965273807,
                0.7055464984434554,
                0.9309997730283208
            ]
        },
        "2.39 s to 1.52 s": {
            "mode": "free",
            "start-end coordinates": [
                0.846208253331607,
                0.9907696219958088,
                0.8610781473422471,
                1.197971214080359
            ]
        },
        "2.39 s to 2.45 s": {
            "mode": "free",
            "start-end coordinates": [
                0.846208253331607,
                0.9907696219958088,
                0.7055464984434554,
                0.9309997730283208
            ]
        }
    }
}