{
    "moved_objects": [
        "ego",
        "box1",
        "obj1"
    ],
    "interactions": {
        "ego": {
            "2.7 s to 3.52 s": [
                1.3333545600960286,
                1.4457236094765786,
                0.4846805916687502,
                1.5874170277871302
            ],
            "4.54 s to 9.57 s": [
                0.5122234724393782,
                1.202017852494019,
                0.950871222382519,
                1.0272983623970673
            ]
        },
        "box1": {
            "2.7 s to 3.59 s": [
                1.4016624995774656,
                1.1833991930776893,
                0.5324325459454844,
                1.2558007772295272
            ],
            "4.19 s to 9.09 s": [
                0.4684502161220722,
                1.0177502631540714,
                -0.22983921596176532,
                0.040110824661205
            ]
        },
        "obj1": {
            "9.96 s to 11.23 s": [
                0.04502619368751477,
                -0.38918718712909084,
                -0.09319336627781302,
                -0.9714912591653183
            ]
        }
    },
    "ego_interaction": {
        "2.7 s to 2.7 s": {
            "mode": "free",
            "start-end coordinates": [
                1.3333545600960286,
                1.4457236094765786,
                1.3333545600960286,
                1.4457236094765786
            ]
        },
        "2.7 s to 3.59 s": {
            "mode": "attached to box1",
            "start-end coordinates": [
                1.3333545600960286,
                1.4457236094765786,
                0.4337847684655259,
                1.5465242777346033
            ]
        },
        "3.59 s to 3.52 s": {
            "mode": "free",
            "start-end coordinates": [
                0.4337847684655259,
                1.5465242777346033,
                0.4846805916687502,
                1.5874170277871302
            ]
        },
        "4.19 s to 9.09 s": {
            "mode": "attached to box1",
            "start-end coordinates": [
                0.4788081593735883,
                1.3230156284505084,
                0.8721927403578105,
                1.4361057815729916
            ]
        },
        "4.54 s to 4.19 s": {
            "mode": "free",
            "start-end coordinates": [
                0.5122234724393782,
                1.202017852494019,
                0.4788081593735883,
                1.3230156284505084
            ]
        },
        "9.09 s to 9.57 s": {
            "mode": "free",
            "start-end coordinates": [
                0.8721927403578105,
                1.4361057815729916,
                0.950871222382519,
                1.0272983623970673
            ]
        }
    }
}