{
    "moved_objects": [
        "box1",
        "obj1",
        "obj2"
    ],
    "interactions": {
        "box1": {
            "0.32 s to 0.79 s": [
                1.1765044105340845,
                1.1970858594807001,
                0.5186851453911132,
                0.8804632557037397
            ]
        },
        "obj1": {
            "0.47 s to 0.79 s": [
                0.09879430325969503,
                -0.33399896725675265,
                -0.06038447368419893,
                -0.7184791184430761
            ]
        },
        "obj2": {
            "0.0 s to 0.65 s": [
                0.8999056001349142,
                0.9602292730413413,
                1.0215674631942018,
                0.4968929209326165
            ]
        }
    },
    "ego_interaction": {}
}