{
    "moved_objects": [
        "ego",
        "box1"
    ],
    "interactions": {
        "ego": {
            "1.27 s to 2.66 s": [
                -1.1902979112298269,
                -1.6406635644148033,
                -1.657119819116898,
                -1.6964928779733377
            ],
            "3.48 s to 3.7 s": [
                -1.76719321720419,
                -1.5740968733466643,
                -1.553905292173225,
                -1.511316690801624
            ],
            "5.3 s to 6.12 s": [
                -1.1574421980522325,
                -1.408818283959801,
                -1.0762092199517872,
                -1.2003051271454273
            ],
            "7.28 s to 7.81 s": [
                -1.0901846675001177,
                -1.2537732975165397,
                -1.3601807318988872,
                -1.3867755878215433
            ]
        },
        "box1": {
            "6.02 s to 8.07 s": [
                -0.9890935732605295,
                -1.038250658043234,
                33.210089875752374,
                16.120918959299637
            ]
        }
    },
    "ego_interaction": {
        "5.3 s to 6.02 s": {
            "mode": "free",
            "start-end coordinates": [
                -1.1574421980522325,
                -1.408818283959801,
                -1.6062334790036719,
                -1.4998846077577883
            ]
        },
        "6.02 s to 8.07 s": {
            "mode": "attached to box1",
            "start-end coordinates": [
                -1.6062334790036719,
                -1.4998846077577883,
                -1.3599828509094651,
                -1.386317729104677
            ]
        },
        "7.28 s to 6.02 s": {
            "mode": "free",
            "start-end coordinates": [
                -1.0901846675001177,
                -1.2537732975165397,
                -1.6062334790036719,
                -1.4998846077577883
            ]
        },
        "8.07 s to 6.12 s": {
            "mode": "free",
            "start-end coordinates": [
                -1.3599828509094651,
                -1.386317729104677,
                -1.0762092199517872,
                -1.2003051271454273
            ]
        },
        "8.07 s to 7.81 s": {
            "mode": "free",
            "start-end coordinates": [
                -1.3599828509094651,
                -1.386317729104677,
                -1.3601807318988872,
                -1.3867755878215433
            ]
        }
    }
}