{
    "moved_objects": [
        "ego",
        "box1"
    ],
    "interactions": {
        "ego": {
            "1.27 s to 2.66 s": [
                -1.1902979112298269,
                -1.6406635644148033,
                -1.657119819116898,
                -1.6964928779733377
            ]
        },
        "box1": {
            "6.02 s to 8.07 s": [
                -0.9890935732605295,
                -1.038250658043234,
                33.210089875752374,
                16.120918959299637
            ]
        }
    },
    "ego_interaction": {}
}