{
    "moved_objects": [
        "ego",
        "box1"
    ],
    "interactions": {
        "ego": {
            "0.28 s to 2.0 s": [
                -1.2451934624313008,
                -1.475771025064621,
                -1.5816956155064614,
                -1.7514016480221506
            ],
            "2.83 s to 3.34 s": [
                -1.5252658832094759,
                -1.6381406492427573,
                -1.2161615486246,
                -1.5194728644720974
            ],
            "4.12 s to 4.45 s": [
                -1.1143630581330843,
                -1.4579819039470974,
                -1.7596218997062063,
                -1.612402207699977
            ],
            "5.22 s to 5.39 s": [
                -1.7126168159514075,
                -1.5820600189170846,
                -1.0417687524005856,
                -1.271241020935971
            ]
        },
        "box1": {
            "0.28 s to 2.0 s": [
                -1.6711309216875299,
                -1.500089110007695,
                -1.572580483982023,
                -1.3530521300785916
            ],
            "2.83 s to 3.34 s": [
                -1.5401565479973187,
                -1.2179277406760494,
                -1.254048612142002,
                -1.1599484085781666
            ],
            "4.12 s to 4.45 s": [
                -1.1241889052304213,
                -1.0922041734069852,
                -1.13161430068414,
                -1.0999739132081887
            ],
            "5.22 s to 5.39 s": [
                -1.1309093529540577,
                -1.0990191629844255,
                0.020827601090448428,
                0.008047921675438836
            ]
        }
    },
    "ego_interaction": {
        "0.28 s to 0.28 s": {
            "mode": "free",
            "start-end coordinates": [
                -1.2451934624313008,
                -1.475771025064621,
                -1.2451934624313008,
                -1.475771025064621
            ]
        },
        "0.28 s to 2.0 s": {
            "mode": "attached to box1",
            "start-end coordinates": [
                -1.2451934624313008,
                -1.475771025064621,
                -1.5816956155064614,
                -1.7514016480221506
            ]
        },
        "2.0 s to 2.0 s": {
            "mode": "free",
            "start-end coordinates": [
                -1.5816956155064614,
                -1.7514016480221506,
                -1.5816956155064614,
                -1.7514016480221506
            ]
        },
        "2.83 s to 2.83 s": {
            "mode": "free",
            "start-end coordinates": [
                -1.5252658832094759,
                -1.6381406492427573,
                -1.5252658832094759,
                -1.6381406492427573
            ]
        },
        "2.83 s to 3.34 s": {
            "mode": "attached to box1",
            "start-end coordinates": [
                -1.5252658832094759,
                -1.6381406492427573,
                -1.2161615486246,
                -1.5194728644720974
            ]
        },
        "3.34 s to 3.34 s": {
            "mode": "free",
            "start-end coordinates": [
                -1.2161615486246,
                -1.5194728644720974,
                -1.2161615486246,
                -1.5194728644720974
            ]
        },
        "4.12 s to 4.12 s": {
            "mode": "free",
            "start-end coordinates": [
                -1.1143630581330843,
                -1.4579819039470974,
                -1.1143630581330843,
                -1.4579819039470974
            ]
        },
        "4.12 s to 4.45 s": {
            "mode": "attached to box1",
            "start-end coordinates": [
                -1.1143630581330843,
                -1.4579819039470974,
                -1.7596218997062063,
                -1.612402207699977
            ]
        },
        "4.45 s to 4.45 s": {
            "mode": "free",
            "start-end coordinates": [
                -1.7596218997062063,
                -1.612402207699977,
                -1.7596218997062063,
                -1.612402207699977
            ]
        },
        "5.22 s to 5.22 s": {
            "mode": "free",
            "start-end coordinates": [
                -1.7126168159514075,
                -1.5820600189170846,
                -1.7126168159514075,
                -1.5820600189170846
            ]
        },
        "5.22 s to 5.39 s": {
            "mode": "attached to box1",
            "start-end coordinates": [
                -1.7126168159514075,
                -1.5820600189170846,
                -1.0417687524005856,
                -1.271241020935971
            ]
        },
        "5.39 s to 5.39 s": {
            "mode": "free",
            "start-end coordinates": [
                -1.0417687524005856,
                -1.271241020935971,
                -1.0417687524005856,
                -1.271241020935971
            ]
        }
    }
}