{
    "moved_objects": [
        "ego",
        "obj2"
    ],
    "interactions": {
        "ego": {
            "5.79 s to 6.71 s": [
                0.9434936085653218,
                1.4840338417512233,
                1.3641962968704813,
                1.134691890459393
            ],
            "10.76 s to 12.47 s": [
                1.1801885479981844,
                1.637422197262008,
                0.7532037350400891,
                1.4882858231845058
            ],
            "23.48 s to 25.06 s": [
                0.5824887372346922,
                0.9858580273003845,
                1.3840980282226192,
                1.0375909031423936
            ],
            "35.54 s to 37.77 s": [
                0.5116610054472001,
                1.2960343587299195,
                0.9299413838703798,
                1.0131366682810943
            ]
        },
        "obj2": {
            "28.24 s to 30.17 s": [
                0.8756769782204882,
                1.015837677029324,
                0.6474918421063807,
                0.6527143256746748
            ]
        }
    },
    "ego_interaction": {}
}