{
    "moved_objects": [
        "ego",
        "box1"
    ],
    "interactions": {
        "ego": {
            "7.31 s to 8.49 s": [
                1.4810990657589242,
                1.621189803702556,
                0.9145717749550353,
                1.1832595143251523
            ],
            "14.36 s to 15.16 s": [
                0.8583372153944314,
                1.3574508358029105,
                1.2515508090318512,
                1.232918687240256
            ],
            "21.6 s to 22.99 s": [
                1.207985625858162,
                0.8420817620209498,
                1.344864354906424,
                1.6038345624571355
            ],
            "24.48 s to 25.06 s": [
                1.2509429825017722,
                1.5051247594958446,
                1.6133638130497896,
                1.2599352340629568
            ],
            "26.96 s to 28.79 s": [
                1.6370898853641698,
                1.1159107909934178,
                0.5882315474001978,
                1.115761489428647
            ],
            "38.47 s to 40.52 s": [
                0.6727640655729246,
                1.2097524639236283,
                1.4546519520801322,
                0.7729350099861552
            ],
            "42.34 s to 43.01 s": [
                1.3113377164204052,
                0.7141216880130836,
                0.7402686231404823,
                0.9909821976135803
            ],
            "45.38 s to 47.04 s": [
                1.244963558694514,
                1.098905295499094,
                0.5462958340218811,
                1.001457541565368
            ],
            "47.68 s to 49.11 s": [
                0.6234840008840563,
                0.9645675697030967,
                1.7744641958060607,
                1.2426527595875594
            ],
            "66.27 s to 69.62 s": [
                1.302668967673339,
                0.7915316328714771,
                1.1279782803565124,
                1.2974713381235605
            ],
            "71.4 s to 72.15 s": [
                1.0205020647092797,
                1.2767032837786332,
                1.3608241993775447,
                1.6465594055786021
            ]
        },
        "box1": {
            "38.41 s to 39.98 s": [
                0.49281395352253504,
                0.9187028041787827,
                0.2754080843050725,
                0.4739293185282753
            ],
            "60.81 s to 65.6 s": [
                0.24496069092606915,
                0.6247419527657517,
                0.5669287972130941,
                0.996311217109694
            ],
            "67.05 s to 70.22 s": [
                0.4449360146345873,
                0.9491576717478651,
                0.10293228972538881,
                0.3934103574594951
            ]
        }
    },
    "ego_interaction": {
        "38.41 s to 39.98 s": {
            "mode": "attached to box1",
            "start-end coordinates": [
                0.6476728867816128,
                1.2185800356800258,
                0.9742257916853396,
                1.2933856681918348
            ]
        },
        "38.47 s to 38.41 s": {
            "mode": "free",
            "start-end coordinates": [
                0.6727640655729246,
                1.2097524639236283,
                0.6476728867816128,
                1.2185800356800258
            ]
        },
        "39.98 s to 40.52 s": {
            "mode": "free",
            "start-end coordinates": [
                0.9742257916853396,
                1.2933856681918348,
                1.4546519520801322,
                0.7729350099861552
            ]
        },
        "66.27 s to 67.05 s": {
            "mode": "free",
            "start-end coordinates": [
                1.302668967673339,
                0.7915316328714771,
                1.2175610436217612,
                1.7410096682151441
            ]
        },
        "67.05 s to 70.22 s": {
            "mode": "attached to box1",
            "start-end coordinates": [
                1.2175610436217612,
                1.7410096682151441,
                1.0701411409299966,
                1.253007285201142
            ]
        },
        "70.22 s to 69.62 s": {
            "mode": "free",
            "start-end coordinates": [
                1.0701411409299966,
                1.253007285201142,
                1.1279782803565124,
                1.2974713381235605
            ]
        }
    }
}