{
    "moved_objects": [
        "ego",
        "obj2"
    ],
    "interactions": {
        "ego": {
            "0.9 s to 2.3 s": [
                1.159004187466972,
                1.5734377536776694,
                0.8955020269428181,
                1.2459411716430442
            ]
        },
        "obj2": {
            "3.11 s to 3.26 s": [
                0.9819600877686596,
                0.46883560033163574,
                1.0709639192982137,
                -0.5338700280378121
            ]
        }
    },
    "ego_interaction": {}
}