{
    "moved_objects": [
        "ego",
        "box1",
        "obj2"
    ],
    "interactions": {
        "ego": {
            "0.9 s to 2.3 s": [
                1.159004187466972,
                1.5734377536776694,
                0.8955020269428181,
                1.2459411716430442
            ],
            "3.14 s to 3.34 s": [
                0.974908712153092,
                1.15891481387429,
                0.7297982860247981,
                1.1173308568526215
            ]
        },
        "box1": {
            "1.72 s to 2.35 s": [
                0.421021806801957,
                0.6580878805459699,
                0.26195051376982775,
                0.3790815274030103
            ]
        },
        "obj2": {
            "0.95 s to 2.35 s": [
                0.9338666768163169,
                0.7932473239365128,
                1.0653315341604341,
                0.6935145250698923
            ],
            "3.11 s to 3.26 s": [
                0.9819600877686596,
                0.46883560033163574,
                1.0709639192982137,
                -0.5338700280378121
            ]
        }
    },
    "ego_interaction": {
        "0.9 s to 1.72 s": {
            "mode": "free",
            "start-end coordinates": [
                1.159004187466972,
                1.5734377536776694,
                0.8329575151714003,
                1.0490034953835363
            ]
        },
        "0.9 s to 0.95 s": {
            "mode": "free",
            "start-end coordinates": [
                1.159004187466972,
                1.5734377536776694,
                1.2569345152166913,
                1.2510837655844496
            ]
        },
        "0.95 s to 2.35 s": {
            "mode": "attached to obj2",
            "start-end coordinates": [
                1.2569345152166913,
                1.2510837655844496,
                0.9092291539351078,
                1.2142400709415477
            ]
        },
        "1.72 s to 2.35 s": {
            "mode": "attached to box1",
            "start-end coordinates": [
                0.8329575151714003,
                1.0490034953835363,
                0.9092291539351078,
                1.2142400709415477
            ]
        },
        "2.35 s to 2.3 s": {
            "mode": "free",
            "start-end coordinates": [
                0.9092291539351078,
                1.2142400709415477,
                0.9486125179374028,
                1.2498763175928345
            ]
        },
        "3.11 s to 3.26 s": {
            "mode": "attached to obj2",
            "start-end coordinates": [
                1.0031467301265529,
                1.1778374988591693,
                0.7752880817888581,
                1.0886566660229242
            ]
        },
        "3.14 s to 3.11 s": {
            "mode": "free",
            "start-end coordinates": [
                0.974908712153092,
                1.15891481387429,
                1.0031467301265529,
                1.1778374988591693
            ]
        },
        "3.26 s to 3.34 s": {
            "mode": "free",
            "start-end coordinates": [
                0.7752880817888581,
                1.0886566660229242,
                0.7297982860247981,
                1.1173308568526215
            ]
        }
    }
}