{
    "moved_objects": [
        "ego",
        "box1",
        "obj2"
    ],
    "interactions": {
        "ego": {
            "5.79 s to 6.71 s": [
                0.9434936085653218,
                1.4840338417512233,
                1.3641962968704813,
                1.134691890459393
            ],
            "7.62 s to 9.73 s": [
                1.2185369677766025,
                1.3151342467686677,
                1.333464118959479,
                1.5974401287520625
            ],
            "10.76 s to 12.47 s": [
                1.1801885479981844,
                1.637422197262008,
                0.7532037350400891,
                1.4882858231845058
            ],
            "16.13 s to 16.36 s": [
                0.9153399813442676,
                1.1764050799382182,
                1.1878403326691813,
                1.0905608576089487
            ],
            "16.86 s to 17.56 s": [
                1.1946198425675174,
                1.188283003601982,
                0.9107876107787755,
                1.3223562707148897
            ],
            "19.66 s to 19.92 s": [
                0.7780083352728411,
                1.2268839181728333,
                1.0587263519511745,
                1.2014235331617351
            ],
            "23.48 s to 25.06 s": [
                0.5824887372346922,
                0.9858580273003845,
                1.3840980282226192,
                1.0375909031423936
            ],
            "26.12 s to 26.74 s": [
                1.4715703451814481,
                1.0089023027553183,
                1.2525387815534363,
                1.2060371240187615
            ],
            "27.26 s to 27.55 s": [
                1.25589944095578,
                1.3146322019911563,
                1.2830785308598691,
                1.0521632487144663
            ],
            "28.34 s to 30.17 s": [
                1.2386145158474775,
                1.1271594985380111,
                0.9773701674917707,
                1.066238800630546
            ],
            "31.57 s to 32.88 s": [
                0.9485013478782632,
                1.0938909373433505,
                0.6587487078288128,
                1.2436580266705504
            ],
            "33.51 s to 34.91 s": [
                0.47631307484346735,
                1.151215938990256,
                0.43537989050493603,
                1.3857550644552243
            ],
            "35.54 s to 37.77 s": [
                0.5116610054472001,
                1.2960343587299195,
                0.9299413838703798,
                1.0131366682810943
            ],
            "39.58 s to 40.83 s": [
                0.5425170667215966,
                1.1240405551163573,
                0.5392513265835607,
                1.0084279247259065
            ],
            "41.76 s to 46.41 s": [
                0.6445871930508114,
                1.1307603970384101,
                0.641638866882453,
                1.0272426141000779
            ]
        },
        "box1": {
            "22.74 s to 22.97 s": [
                0.28348170089122515,
                0.4494592680679989,
                0.23622516630767504,
                0.3783361113782855
            ],
            "29.25 s to 30.17 s": [
                0.21546323922422247,
                0.27360427646361807,
                0.14254863743331608,
                0.0586961691804086
            ],
            "44.08 s to 46.18 s": [
                -0.38235328879002073,
                0.09833521431547552,
                -0.4418392533919801,
                0.15349126711404548
            ]
        },
        "obj2": {
            "8.02 s to 9.7 s": [
                0.9190248191789219,
                0.8436046584875192,
                1.1312838121427753,
                1.0435444619283565
            ],
            "18.11 s to 18.57 s": [
                0.873739471996939,
                1.3317567424455614,
                0.9395856328344595,
                1.222328611416298
            ],
            "23.56 s to 23.91 s": [
                0.8831356622444624,
                1.0002903596299484,
                0.9822210426308571,
                1.0899927768592585
            ],
            "24.5 s to 25.03 s": [
                1.077846239000425,
                1.0990147127663563,
                1.0501454143313107,
                0.8563932354071004
            ],
            "26.1 s to 26.38 s": [
                1.045670648459766,
                0.8194381601927443,
                0.952929312018515,
                1.088188129584452
            ],
            "27.29 s to 27.55 s": [
                0.945980277786826,
                1.134201890705247,
                0.95727850223616,
                0.9779370052441598
            ],
            "28.24 s to 30.17 s": [
                0.8756769782204882,
                1.015837677029324,
                0.6474918421063807,
                0.6527143256746748
            ],
            "31.29 s to 34.75 s": [
                0.5503418491544236,
                0.5833233422469332,
                0.39803952254810104,
                0.6183852692424632
            ],
            "35.55 s to 37.69 s": [
                0.4163867827190444,
                0.5231470172322508,
                0.6009411770242138,
                0.43580473304771244
            ],
            "39.65 s to 40.83 s": [
                0.2594080889672776,
                0.5030771382686954,
                0.3118683289217307,
                0.3951502863922912
            ],
            "41.47 s to 43.55 s": [
                0.3418927512673559,
                0.4139327555274621,
                0.3948030929856781,
                0.5241532152312365
            ],
            "44.08 s to 46.18 s": [
                0.3303292363061069,
                0.4779780696835961,
                0.47499251224606065,
                0.34473348148716926
            ]
        }
    },
    "ego_interaction": {
        "7.62 s to 8.02 s": {
            "mode": "free",
            "start-end coordinates": [
                1.2185369677766025,
                1.3151342467686677,
                1.0930772795952073,
                1.478648352912995
            ]
        },
        "8.02 s to 9.7 s": {
            "mode": "attached to obj2",
            "start-end coordinates": [
                1.0930772795952073,
                1.478648352912995,
                1.3457905547803457,
                1.5581130323539005
            ]
        },
        "9.7 s to 9.73 s": {
            "mode": "free",
            "start-end coordinates": [
                1.3457905547803457,
                1.5581130323539005,
                1.333464118959479,
                1.5974401287520625
            ]
        },
        "23.48 s to 23.56 s": {
            "mode": "free",
            "start-end coordinates": [
                0.5824887372346922,
                0.9858580273003845,
                0.6146396820467552,
                1.0407179357387815
            ]
        },
        "23.48 s to 24.5 s": {
            "mode": "free",
            "start-end coordinates": [
                0.5824887372346922,
                0.9858580273003845,
                1.2427746673502669,
                1.4840602276816202
            ]
        },
        "23.56 s to 23.91 s": {
            "mode": "attached to obj2",
            "start-end coordinates": [
                0.6146396820467552,
                1.0407179357387815,
                0.7516688049409763,
                1.4123528643850451
            ]
        },
        "23.91 s to 25.06 s": {
            "mode": "free",
            "start-end coordinates": [
                0.7516688049409763,
                1.4123528643850451,
                1.3840980282226192,
                1.0375909031423936
            ]
        },
        "24.5 s to 25.03 s": {
            "mode": "attached to obj2",