{
    "moved_objects": [
        "ego",
        "box1"
    ],
    "interactions": {
        "ego": {
            "0.54 s to 1.24 s": [
                0.024333615246886098,
                -0.005059589290812173,
                1.1469475176084645,
                -0.8849627426385587
            ],
            "2.11 s to 3.63 s": [
                1.3013713515236298,
                -0.872978099190961,
                -1.189978358581187,
                -0.7854594736960203
            ],
            "4.22 s to 6.37 s": [
                -1.2007254288107678,
                -0.6260150449201087,
                -1.228479171594775,
                0.8200999896624744
            ]
        },
        "box1": {
            "2.08 s to 3.67 s": [
                1.4020903881800715,
                -0.5296008950168444,
                -1.1838097217217267,
                -0.07277313428041572
            ],
            "6.92 s to 7.84 s": [
                -1.1881833799655042,
                0.3855031173258051,
                -1.31671254985228,
                1.2497537160888772
            ]
        }
    },
    "ego_interaction": {
        "2.08 s to 3.67 s": {
            "mode": "attached to box1",
            "start-end coordinates": [
                1.3506681629251367,
                -0.860701579005277,
                -1.1914439566021058,
                -0.7168091536821662
            ]
        },
        "2.11 s to 2.08 s": {
            "mode": "free",
            "start-end coordinates": [
                1.3013713515236298,
                -0.872978099190961,
                1.3506681629251367,
                -0.860701579005277
            ]
        },
        "3.67 s to 3.63 s": {
            "mode": "free",
            "start-end coordinates": [
                -1.1914439566021058,
                -0.7168091536821662,
                -1.189978358581187,
                -0.7854594736960203
            ]
        }
    }
}