{
    "moved_objects": [
        "ego",
        "box1"
    ],
    "interactions": {
        "ego": {
            "2.15 s to 3.62 s": [
                0.10627038494727864,
                -0.03305788854730498,
                1.3663048857073912,
                -0.6110387857575794
            ],
            "4.38 s to 5.37 s": [
                1.2564206019797062,
                -0.6698452859286633,
                -0.9472098491818722,
                -1.4882101274628647
            ],
            "6.09 s to 6.98 s": [
                -1.2155749881119033,
                -1.2196538730917539,
                -1.1701677552818661,
                -0.6135093131644399
            ],
            "7.72 s to 9.06 s": [
                -1.214815000837395,
                -0.6460073663856518,
                0.36509531913193166,
                -0.38859144115886607
            ],
            "11.5 s to 11.83 s": [
                0.5252909231166882,
                -0.05948259988065548,
                0.3752984858088872,
                0.3588931744378655
            ],
            "13.84 s to 16.78 s": [
                0.21160149966691305,
                -0.5022989346550933,
                -1.2321686363011575,
                -0.6579130074695725
            ],
            "17.68 s to 18.87 s": [
                -1.1778540712873764,
                -0.623592189605178,
                -0.8849343805508476,
                0.7510731836957116
            ],
            "21.75 s to 22.26 s": [
                -1.2788167746029988,
                0.8729033659579103,
                -1.2243673268035566,
                1.6029373477523492
            ]
        },
        "box1": {
            "4.31 s to 6.98 s": [
                1.4082801602671966,
                -0.5638113906159125,
                -1.1729717674778564,
                0.014461616799053303
            ],
            "7.7 s to 9.1 s": [
                -1.1806797017263637,
                0.012122477133614848,
                0.47544943478075913,
                0.1602435431876733
            ],
            "13.71 s to 14.84 s": [
                0.28084047681320184,
                -0.14985325707963212,
                -1.127532422176012,
                -0.9606612726222106
            ],
            "16.06 s to 16.77 s": [
                -1.0395030122862448,
                -0.6361865825934573,
                -1.1811614856701067,
                0.019081806280854537
            ],
            "21.35 s to 22.29 s": [
                -1.1310949269203103,
                0.30975687082485176,
                -1.2278880997260226,
                1.0673855176787375
            ]
        }
    },
    "ego_interaction": {
        "4.31 s to 6.98 s": {
            "mode": "attached to box1",
            "start-end coordinates": [
                1.3461058957918053,
                -0.6514213277927098,
                -1.1701677552818661,
                -0.6135093131644399
            ]
        },
        "4.38 s to 4.31 s": {
            "mode": "free",
            "start-end coordinates": [
                1.2564206019797062,
                -0.6698452859286633,
                1.3461058957918053,
                -0.6514213277927098
            ]
        },
        "6.09 s to 4.31 s": {
            "mode": "free",
            "start-end coordinates": [
                -1.2155749881119033,
                -1.2196538730917539,
                1.3461058957918053,
                -0.6514213277927098
            ]
        },
        "6.98 s to 5.37 s": {
            "mode": "free",
            "start-end coordinates": [
                -1.1701677552818661,
                -0.6135093131644399,
                -0.9472098491818722,
                -1.4882101274628647
            ]
        },
        "6.98 s to 6.98 s": {
            "mode": "free",
            "start-end coordinates": [
                -1.1701677552818661,
                -0.6135093131644399,
                -1.1701677552818661,
                -0.6135093131644399
            ]
        },
        "7.7 s to 9.1 s": {
            "mode": "attached to box1",
            "start-end coordinates": [
                -1.2135370149026214,
                -0.6223441523573224,
                0.41048474756207975,
                -0.40350259631590535
            ]
        },
        "7.72 s to 7.7 s": {
            "mode": "free",
            "start-end coordinates": [
                -1.214815000837395,
                -0.6460073663856518,
                -1.2135370149026214,
                -0.6223441523573224
            ]
        },
        "9.1 s to 9.06 s": {
            "mode": "free",
            "start-end coordinates": [
                0.41048474756207975,
                -0.40350259631590535,
                0.36509531913193166,
                -0.38859144115886607
            ]
        },
        "13.71 s to 14.84 s": {
            "mode": "attached to box1",
            "start-end coordinates": [
                0.3009684770289543,
                -0.3933714484525486,
                -1.135525897340841,
                -1.570376256306182
            ]
        },
        "13.84 s to 13.71 s": {
            "mode": "free",
            "start-end coordinates": [
                0.21160149966691305,
                -0.5022989346550933,
                0.3009684770289543,
                -0.3933714484525486
            ]
        },
        "13.84 s to 16.06 s": {
            "mode": "free",
            "start-end coordinates": [
                0.21160149966691305,
                -0.5022989346550933,
                -1.0756684465389401,
                -1.2714865899863592
            ]
        },
        "14.84 s to 16.78 s": {
            "mode": "free",
            "start-end coordinates": [
                -1.135525897340841,
                -1.570376256306182,
                -1.2321686363011575,
                -0.6579130074695725
            ]
        },
        "16.06 s to 16.77 s": {
            "mode": "attached to box1",
            "start-end coordinates": [
                -1.0756684465389401,
                -1.2714865899863592,
                -1.2345195838877996,
                -0.6424500495499962
            ]
        },
        "16.77 s to 16.78 s": {
            "mode": "free",
            "start-end coordinates": [
                -1.2345195838877996,
                -0.6424500495499962,
                -1.2321686363011575,
                -0.6579130074695725
            ]
        },
        "21.35 s to 22.29 s": {
            "mode": "attached to box1",
            "start-end coordinates": [
                -1.2910694493109693,
                0.8186746749247115,
                -1.227373455843288,
                1.6285229655018065
            ]
        },
        "21.75 s to 21.35 s": {
            "mode": "free",
            "start-end coordinates": [
                -1.2788167746029988,
                0.8729033659579103,
                -1.2910694493109693,
                0.8186746749247115
            ]
        },
        "22.29 s to 22.26 s": {
            "mode": "free",
            "start-end coordinates": [
                -1.227373455843288,
                1.6285229655018065,
                -1.2243673268035566,
                1.6029373477523492
            ]
        }
    }
}