{
    "moved_objects": [
        "ego",
        "box1"
    ],
    "interactions": {
        "ego": {
            "4.26 s to 5.52 s": [
                0.12723922765251014,
                -0.08701250315488104,
                1.5425405124158587,
                -0.9170305215730946
            ],
            "6.35 s to 7.84 s": [
                1.457144524554848,
                -1.0494525524682117,
                -0.9738205228174203,
                -1.5766980540861018
            ],
            "13.45 s to 14.02 s": [
                -1.0728171619341227,
                -1.64169086457284,
                0.2902050334406073,
                -0.9858890586967041
            ],
            "25.68 s to 27.81 s": [
                0.5898931379416262,
                -0.7298787354119468,
                -1.1190491189950142,
                -0.9447105206396729
            ],
            "35.06 s to 36.19 s": [
                -1.157714531348532,
                -1.241788545426257,
                0.2371624389208537,
                -0.44224910314353255
            ],
            "41.88 s to 43.0 s": [
                0.5614075463438958,
                -0.13684172133266964,
                0.4142224105894147,
                -0.6522435546753459
            ],
            "43.7 s to 44.13 s": [
                0.3526262675451959,
                -0.6869643252388095,
                0.31364611191243713,
                0.068681915993869
            ],
            "46.11 s to 47.84 s": [
                0.07742027611282182,
                -0.6413618555359524,
                -1.193048344739283,
                -0.7528049714965557
            ],
            "54.18 s to 54.91 s": [
                -1.0304479963324698,
                -0.592176303587471,
                0.40531794132419585,
                0.2754549973796753
            ],
            "57.06 s to 57.97 s": [
                0.3310474386040098,
                0.6796275447535796,
                0.6951844586528924,
                -0.3913952470053795
            ],
            "58.64 s to 60.94 s": [
                0.7029372429751704,
                -0.31506848158347056,
                0.7896313478633319,
                0.6424101263766917
            ],
            "63.11 s to 64.27 s": [
                1.1181453593711752,
                -0.1619965194221148,
                0.6016321248428659,
                -0.20431261448085924
            ],
            "65.15 s to 68.5 s": [
                0.7881001133295845,
                -0.16020415939863497,
                -1.146631199556051,
                -0.6515680032814399
            ],
            "70.02 s to 70.32 s": [
                -1.1635962495068575,
                -0.663295430186468,
                -0.5116406234780271,
                -0.9099464169787894
            ]
        },
        "box1": {
            "6.34 s to 7.41 s": [
                1.390005289578264,
                -0.7037012943483423,
                -1.1559613822510701,
                -1.0021436758479596
            ],
            "8.72 s to 9.21 s": [
                -1.1955814577273722,
                -0.7111806166399472,
                -1.1903668507153826,
                -0.11159079567762678
            ],
            "13.04 s to 14.49 s": [
                -1.1890680582075503,
                -0.6792363649881868,
                0.40955348982575857,
                -0.27338479335345983
            ],
            "25.65 s to 28.05 s": [
                0.5183159791972284,
                -0.13351059221786832,
                -1.1867251741728013,
                -0.08240132565035727
            ],
            "34.23 s to 34.55 s": [
                -1.1999890712462578,
                -0.07042115972684222,
                -1.145069798192463,
                -0.5055611068489437
            ],
            "35.06 s to 36.23 s": [
                -1.1435455210464267,
                -0.6201518458028465,
                0.2821121894654358,
                0.19151105780843716
            ],
            "43.68 s to 44.16 s": [
                0.4263708683052735,
                -0.1212117220163332,
                0.45173952630949593,
                0.6578618756649671
            ],
            "45.23 s to 47.87 s": [
                0.4954130630664214,
                0.7376396805555487,
                -1.1452839514828743,
                -0.10533209657011293
            ],
            "54.17 s to 54.94 s": [
                -1.038231634377572,
                0.0626270192738814,
                0.40824099527237057,
                0.9442782670639632
            ],
            "56.3 s to 57.99 s": [
                0.47743978969376355,
                0.9701519117653294,
                0.7545606632304117,
                0.21225439555658548
            ],
            "65.96 s to 68.54 s": [
                0.6771826786398477,
                0.45200025028249063,
                -1.1842611228205453,
                0.00811093634852937
            ]
        }
    },
    "ego_interaction": {
        "6.34 s to 7.41 s": {
            "mode": "attached to box1",
            "start-end coordinates": [
                1.4666422696791233,
                -1.0492512071905322,
                -0.9906631429560748,
                -1.0216665474271738
            ]
        },
        "6.35 s to 6.34 s": {
            "mode": "free",
            "start-end coordinates": [
                1.457144524554848,
                -1.0494525524682117,
                1.4666422696791233,
                -1.0492512071905322
            ]
        },
        "7.41 s to 7.84 s": {
            "mode": "free",
            "start-end coordinates": [
                -0.9906631429560748,
                -1.0216665474271738,
                -0.9738205228174203,
                -1.5766980540861018
            ]
        },
        "13.04 s to 14.49 s": {
            "mode": "attached to box1",
            "start-end coordinates": [
                -1.1966882883914354,
                -1.299236364980112,
                0.4011963665317825,
                -0.893384795742771
            ]
        },
        "13.45 s to 13.04 s": {
            "mode": "free",
            "start-end coordinates": [
                -1.0728171619341227,
                -1.64169086457284,
                -1.1966882883914354,
                -1.299236364980112
            ]
        },
        "14.49 s to 14.02 s": {
            "mode": "free",
            "start-end coordinates": [
                0.4011963665317825,
                -0.893384795742771,
                0.2902050334406073,
                -0.9858890586967041
            ]
        },
        "25.65 s to 28.05 s": {
            "mode": "attached to box1",
            "start-end coordinates": [
                0.5709215865718833,
                -0.7537804953403693,
                -1.1409891816724662,
                -0.7025744791116182
            ]
        },
        "25.68 s to 25.65 s": {
            "mode": "free",
            "start-end coordinates": [
                0.5898931379416262,
                -0.7298787354119468,
                0.5709215865718833,
                -0.7537804953403693
            ]
        },
        "28.05 s to 27.81 s": {
            "mode": "free",
            "start-end coordinates": [
                -1.1409891816724662,
                -0.7025744791116182,
                -1.1190491189950142,
                -0.9447105206396729
            ]
        },
        "35.06 s to 35.06 s": {
            "mode": "free",
            "start-end coordinates": [
                -1.157714531348532,
                -1.241788545426257,
                -1.157714531348532,
                -1.241788545426257
            ]
        },
        "35.06 s to 36.23 s": {
            "mode": "attached to box1",