{
    "moved_objects": [
        "obj1",
        "obj2"
    ],
    "interactions": {
        "obj1": {
            "1.03 s to 3.35 s": [
                -0.9566621472107524,
                1.4436911362363594,
                -0.8992852291746977,
                -0.7681548064403203
            ]
        },
        "obj2": {
            "0.73 s to 3.33 s": [
                0.9460134374053049,
                1.4852915310773023,
                -0.1304097956321714,
                -0.14682109686099165
            ]
        }
    },
    "ego_interaction": {}
}