{
    "moved_objects": [
        "ego",
        "box1",
        "obj1",
        "obj2"
    ],
    "interactions": {
        "ego": {
            "2.54 s to 3.71 s": [
                -0.6308196670992255,
                1.6204253989172654,
                0.29476419584684566,
                1.3346095948425556
            ],
            "4.42 s to 4.75 s": [
                0.424775868588408,
                1.2672538410094312,
                -0.11044609851345263,
                1.5160262825221968
            ],
            "5.4 s to 5.98 s": [
                0.05323826470807766,
                1.5067734014480334,
                0.1363284998461163,
                1.4861161030263
            ],
            "6.75 s to 11.72 s": [
                -0.033302583334860136,
                1.5513494227157079,
                0.08452122910720569,
                1.6903924330392157
            ],
            "12.26 s to 13.83 s": [
                0.06865612651637137,
                1.7235621272583528,
                0.00012552853295206136,
                1.5139815062003132
            ],
            "15.1 s to 16.14 s": [
                0.13135300781464454,
                1.602448372070812,
                1.5181254885740227,
                1.5196609835816135
            ],
            "17.03 s to 21.23 s": [
                1.585138989370058,
                1.5072488097359749,
                -1.3306646152757442,
                1.5731192204285565
            ],
            "22.24 s to 22.83 s": [
                -1.5210453379331859,
                1.4093174237027806,
                0.575169676763807,
                1.5027942397477476
            ],
            "23.5 s to 23.61 s": [
                0.6759551756668589,
                1.5003531339463876,
                0.5585820873743932,
                1.4248215930951043
            ],
            "24.86 s to 24.98 s": [
                0.5729753600362388,
                1.4875037329270258,
                0.5870956346971093,
                1.266995387772019
            ],
            "26.38 s to 26.94 s": [
                0.39668923903173026,
                1.2705675006100146,
                -0.44971263836777664,
                1.3707006705832474
            ],
            "28.1 s to 29.07 s": [
                -0.4367144330833338,
                1.3996323483177375,
                -0.34746100445018147,
                1.5089552216054094
            ]
        },
        "box1": {
            "12.47 s to 13.76 s": [
                -0.0034708099282258005,
                -0.47320952090110496,
                0.04417651328731878,
                -0.5739510296832663
            ]
        },
        "obj1": {
            "12.37 s to 13.57 s": [
                -0.03158758012664917,
                1.1670936858298342,
                0.2895287438010376,
                -0.5584047859502267
            ],
            "17.03 s to 18.12 s": [
                1.5436945930086046,
                1.5231862950520485,
                0.06375364492398039,
                1.2916339484177952
            ],
            "22.25 s to 22.79 s": [
                -1.7213108823364707,
                1.250738447581878,
                0.32682403436342766,
                1.3141937487754154
            ]
        },
        "obj2": {
            "2.99 s to 3.08 s": [
                1.011323378283763,
                1.5008246381321457,
                1.1242107183116354,
                1.4959127756929291
            ],
            "7.98 s to 8.43 s": [
                1.1432546122300427,
                1.5200353207448278,
                0.6330752087229372,
                1.408841449216747
            ],
            "9.45 s to 11.27 s": [
                0.6388469813374708,
                1.3894415584974695,
                0.4917978416172656,
                0.9334463985295043
            ],
            "12.31 s to 13.76 s": [
                0.49496441225389,
                0.9355577779053272,
                0.11567481644807473,
                0.2767735331438844
            ],
            "15.95 s to 16.58 s": [
                0.13072129942800587,
                0.19818714478452135,
                0.27045514958079603,
                -0.07980929369344979
            ],
            "17.21 s to 18.86 s": [
                0.2842897552704685,
                -0.07442873712309357,
                0.39942329726277614,
                0.0033111631314599174
            ],
            "19.74 s to 19.99 s": [
                0.2734831593914413,
                -0.08164832309398096,
                0.36984565409202963,
                -0.01657408083889333
            ]
        }
    },
    "ego_interaction": {
        "2.54 s to 2.99 s": {
            "mode": "free",
            "start-end coordinates": [
                -0.6308196670992255,
                1.6204253989172654,
                0.41504175290358086,
                1.4462741525355591
            ]
        },
        "2.99 s to 3.08 s": {
            "mode": "attached to obj2",
            "start-end coordinates": [
                0.41504175290358086,
                1.4462741525355591,
                0.48503807665180115,
                1.5044142001674374
            ]
        },
        "3.08 s to 3.71 s": {
            "mode": "free",
            "start-end coordinates": [
                0.48503807665180115,
                1.5044142001674374,
                0.29476419584684566,
                1.3346095948425556
            ]
        },
        "6.75 s to 7.98 s": {
            "mode": "free",
            "start-end coordinates": [
                -0.033302583334860136,
                1.5513494227157079,
                0.40259867822696144,
                1.5862939895841737
            ]
        },
        "6.75 s to 9.45 s": {
            "mode": "free",
            "start-end coordinates": [
                -0.033302583334860136,
                1.5513494227157079,
                0.16569313882588213,
                1.7298110447203636
            ]
        },
        "7.98 s to 8.43 s": {
            "mode": "attached to obj2",
            "start-end coordinates": [
                0.40259867822696144,
                1.5862939895841737,
                -0.12545532807497314,
                1.461372864628948
            ]
        },
        "8.43 s to 11.72 s": {
            "mode": "free",
            "start-end coordinates": [
                -0.12545532807497314,
                1.461372864628948,
                0.08452122910720569,
                1.6903924330392157
            ]
        },
        "9.45 s to 11.27 s": {
            "mode": "attached to obj2",
            "start-end coordinates": [
                0.16569313882588213,
                1.7298110447203636,
                0.017227190392952636,
                1.754905340334053
            ]
        },
        "11.27 s to 11.72 s": {
            "mode": "free",
            "start-end coordinates": [
                0.017227190392952636,
                1.754905340334053,
                0.08452122910720569,
                1.6903924330392157
            ]
        },
        "12.26 s to 12.47 s": {
            "mode": "free",
            "start-end coordinates": [
                0.06865612651637137,
                1.7235621272583528,
                0.04100439304622602,
                1.3277101225797874
            ]
        },
        "12.26 s to 12.37 s": {
            "mode": "free",
            "start-end coordinates": [
                0.06865612651637137,
                1.7235621272583528,
                -0.0077572860949419835,
                1.5295152347105925
            ]
        },
        "12.26 s to 12.31 s": {
            "mode": "free",
            "start-end coordinates": [
                0.06865612651637137,
                1.7235621272583528,
                0.03203324960841585,
                1.655706358370883
            ]
        },