{
    "moved_objects": [
        "ego",
        "obj1",
        "obj2"
    ],
    "interactions": {
        "ego": {
            "2.54 s to 3.71 s": [
                -0.6308196670992255,
                1.6204253989172654,
                0.29476419584684566,
                1.3346095948425556
            ],
            "4.42 s to 4.75 s": [
                0.424775868588408,
                1.2672538410094312,
                -0.11044609851345263,
                1.5160262825221968
            ],
            "15.1 s to 16.14 s": [
                0.13135300781464454,
                1.602448372070812,
                1.5181254885740227,
                1.5196609835816135
            ],
            "17.03 s to 21.23 s": [
                1.585138989370058,
                1.5072488097359749,
                -1.3306646152757442,
                1.5731192204285565
            ],
            "22.24 s to 22.83 s": [
                -1.5210453379331859,
                1.4093174237027806,
                0.575169676763807,
                1.5027942397477476
            ],
            "26.38 s to 26.94 s": [
                0.39668923903173026,
                1.2705675006100146,
                -0.44971263836777664,
                1.3707006705832474
            ]
        },
        "obj1": {
            "12.37 s to 13.57 s": [
                -0.03158758012664917,
                1.1670936858298342,
                0.2895287438010376,
                -0.5584047859502267
            ],
            "17.03 s to 18.12 s": [
                1.5436945930086046,
                1.5231862950520485,
                0.06375364492398039,
                1.2916339484177952
            ],
            "22.25 s to 22.79 s": [
                -1.7213108823364707,
                1.250738447581878,
                0.32682403436342766,
                1.3141937487754154
            ]
        },
        "obj2": {
            "7.98 s to 8.43 s": [
                1.1432546122300427,
                1.5200353207448278,
                0.6330752087229372,
                1.408841449216747
            ],
            "9.45 s to 11.27 s": [
                0.6388469813374708,
                1.3894415584974695,
                0.4917978416172656,
                0.9334463985295043
            ],
            "12.31 s to 13.76 s": [
                0.49496441225389,
                0.9355577779053272,
                0.11567481644807473,
                0.2767735331438844
            ]
        }
    },
    "ego_interaction": {
        "17.03 s to 17.03 s": {
            "mode": "free",
            "start-end coordinates": [
                1.585138989370058,
                1.5072488097359749,
                1.585138989370058,
                1.5072488097359749
            ]
        },
        "17.03 s to 18.12 s": {
            "mode": "attached to obj1",
            "start-end coordinates": [
                1.585138989370058,
                1.5072488097359749,
                0.5619562217702854,
                1.5447034427901687
            ]
        },
        "18.12 s to 21.23 s": {
            "mode": "free",
            "start-end coordinates": [
                0.5619562217702854,
                1.5447034427901687,
                -1.3306646152757442,
                1.5731192204285565
            ]
        },
        "22.24 s to 22.25 s": {
            "mode": "free",
            "start-end coordinates": [
                -1.5210453379331859,
                1.4093174237027806,
                -1.5078999267622075,
                1.4079145263063695
            ]
        },
        "22.25 s to 22.79 s": {
            "mode": "attached to obj1",
            "start-end coordinates": [
                -1.5078999267622075,
                1.4079145263063695,
                0.528230368222788,
                1.4881094369424965
            ]
        },
        "22.79 s to 22.83 s": {
            "mode": "free",
            "start-end coordinates": [
                0.528230368222788,
                1.4881094369424965,
                0.575169676763807,
                1.5027942397477476
            ]
        }
    }
}