{
    "moved_objects": [
        "ego",
        "box1"
    ],
    "interactions": {
        "ego": {
            "2.05 s to 3.14 s": [
                1.161879379767073,
                1.5594266768792147,
                0.49442461853492486,
                1.3379469196768037
            ],
            "3.65 s to 6.58 s": [
                0.35805616879565666,
                1.3757514994914488,
                1.2944366302286345,
                1.5910460162993747
            ]
        },
        "box1": {
            "5.92 s to 8.6 s": [
                0.9463961798652708,
                1.1579475179471617,
                -1.628083825060136,
                -15.00895756406138
            ]
        }
    },
    "ego_interaction": {
        "3.65 s to 5.92 s": {
            "mode": "free",
            "start-end coordinates": [
                0.35805616879565666,
                1.3757514994914488,
                1.5158738030880405,
                1.7357229469107294
            ]
        },
        "5.92 s to 8.6 s": {
            "mode": "attached to box1",
            "start-end coordinates": [
                1.5158738030880405,
                1.7357229469107294,
                1.31359168691852,
                1.5515271594315876
            ]
        },
        "8.6 s to 6.58 s": {
            "mode": "free",
            "start-end coordinates": [
                1.31359168691852,
                1.5515271594315876,
                1.2944366302286345,
                1.5910460162993747
            ]
        }
    }
}