{
    "moved_objects": [
        "ego",
        "box1"
    ],
    "interactions": {
        "ego": {
            "0.71 s to 3.54 s": [
                0.055941131097745275,
                -0.13183979893907635,
                0.5952850508507066,
                0.323677329923118
            ],
            "6.9 s to 7.82 s": [
                0.41928620079518136,
                0.6522692691938435,
                -0.6797587106729439,
                0.7632917177135835
            ],
            "9.48 s to 12.03 s": [
                -0.6697272110311101,
                0.7479073065415032,
                -1.2239601313654092,
                0.3014401895172354
            ]
        },
        "box1": {
            "1.69 s to 3.71 s": [
                1.4623983857015297,
                -0.5138248458365997,
                0.4674186580787747,
                0.6508440011718378
            ],
            "6.9 s to 7.93 s": [
                0.16196268330591845,
                0.7474539867683958,
                -1.20810151256921,
                0.7623358074140254
            ],
            "13.07 s to 13.39 s": [
                -1.2591259713305942,
                0.9230068237346295,
                -1.324069643371562,
                1.4078342889924649
            ]
        }
    },
    "ego_interaction": {
        "0.71 s to 1.69 s": {
            "mode": "free",
            "start-end coordinates": [
                0.055941131097745275,
                -0.13183979893907635,
                1.45177331426909,
                -0.670912846093087
            ]
        },
        "1.69 s to 3.71 s": {
            "mode": "attached to box1",
            "start-end coordinates": [
                1.45177331426909,
                -0.670912846093087,
                0.5449359961650025,
                0.5345483881067271
            ]
        },
        "3.71 s to 3.54 s": {
            "mode": "free",
            "start-end coordinates": [
                0.5449359961650025,
                0.5345483881067271,
                0.5952850508507066,
                0.323677329923118
            ]
        },
        "6.9 s to 6.9 s": {
            "mode": "free",
            "start-end coordinates": [
                0.41928620079518136,
                0.6522692691938435,
                0.41928620079518136,
                0.6522692691938435
            ]
        },
        "6.9 s to 7.93 s": {
            "mode": "attached to box1",
            "start-end coordinates": [
                0.41928620079518136,
                0.6522692691938435,
                -0.8320348802274039,
                0.7633518898695855
            ]
        },
        "7.93 s to 7.82 s": {
            "mode": "free",
            "start-end coordinates": [
                -0.8320348802274039,
                0.7633518898695855,
                -0.6797587106729439,
                0.7632917177135835
            ]
        }
    }
}