{
    "moved_objects": [
        "ego",
        "box1"
    ],
    "interactions": {
        "ego": {
            "0.55 s to 3.24 s": [
                0.0480090440391615,
                -0.08780619540186987,
                -0.8046326811784572,
                0.7554711804195601
            ],
            "3.77 s to 4.67 s": [
                -0.7201609655284075,
                0.7505505333147616,
                -1.2193992105494178,
                0.06383801545693477
            ]
        },
        "box1": {
            "0.9 s to 3.24 s": [
                1.491185368255901,
                -0.5229059564878842,
                -1.1982661964195012,
                0.7811531974038809
            ],
            "6.47 s to 6.9 s": [
                -1.2659256136108992,
                0.9187908472531294,
                -1.3059694374352535,
                1.4368379693325102
            ]
        }
    },
    "ego_interaction": {
        "0.55 s to 0.9 s": {
            "mode": "free",
            "start-end coordinates": [
                0.0480090440391615,
                -0.08780619540186987,
                1.1484678762738545,
                -0.8340191272118737
            ]
        },
        "0.9 s to 3.24 s": {
            "mode": "attached to box1",
            "start-end coordinates": [
                1.1484678762738545,
                -0.8340191272118737,
                -0.8046326811784572,
                0.7554711804195601
            ]
        },
        "3.24 s to 3.24 s": {
            "mode": "free",
            "start-end coordinates": [
                -0.8046326811784572,
                0.7554711804195601,
                -0.8046326811784572,
                0.7554711804195601
            ]
        }
    }
}