{
    "moved_objects": [
        "ego",
        "box1"
    ],
    "interactions": {
        "ego": {
            "1.01 s to 1.82 s": [
                0.13160673377094917,
                -0.06391956405053585,
                1.3255645209167235,
                -0.6966739501352719
            ],
            "2.72 s to 4.21 s": [
                1.3682906303593398,
                -0.580477581425054,
                -0.8088999982188692,
                0.7788628766786662
            ],
            "5.0 s to 6.1 s": [
                -0.8767509778587639,
                0.759154830167428,
                -1.2354840114373156,
                0.26715283214079966
            ],
            "9.17 s to 11.13 s": [
                -1.2235031116449064,
                0.3770665586146478,
                -0.560075394841798,
                0.7569238018511883
            ],
            "13.77 s to 14.89 s": [
                -0.6539876166216294,
                0.7580822941479392,
                -1.157256203598681,
                -0.7911037417126153
            ]
        },
        "box1": {
            "2.67 s to 4.48 s": [
                1.4632754740560887,
                -0.4987568643957675,
                -1.1375096798939406,
                0.7490339051679352
            ],
            "18.45 s to 19.17 s": [
                -1.2729408209477726,
                0.8904064266594247,
                -1.3159755297944549,
                1.5124716746660092
            ]
        }
    },
    "ego_interaction": {
        "2.67 s to 4.48 s": {
            "mode": "attached to box1",
            "start-end coordinates": [
                1.3965901304613388,
                -0.5960167711140778,
                -0.9293312946021429,
                0.7747297808247157
            ]
        },
        "2.72 s to 2.67 s": {
            "mode": "free",
            "start-end coordinates": [
                1.3682906303593398,
                -0.580477581425054,
                1.3965901304613388,
                -0.5960167711140778
            ]
        },
        "4.48 s to 4.21 s": {
            "mode": "free",
            "start-end coordinates": [
                -0.9293312946021429,
                0.7747297808247157,
                -0.8088999982188692,
                0.7788628766786662
            ]
        }
    }
}