{
    "moved_objects": [
        "ego",
        "box1"
    ],
    "interactions": {
        "ego": {
            "0.55 s to 2.82 s": [
                0.01772222331901397,
                -0.07568289153990893,
                -0.6141965000242554,
                0.7550788280427738
            ],
            "3.74 s to 4.83 s": [
                -0.763774542909048,
                0.7530742124189651,
                -1.2225344289133357,
                0.01167926111983774
            ]
        },
        "box1": {
            "0.83 s to 2.98 s": [
                1.4951739440327925,
                -0.5117837299635614,
                -1.1706101941464917,
                0.7839715179868652
            ],
            "6.06 s to 6.45 s": [
                -1.2591772825953946,
                0.9125383363319781,
                -1.3010557454082485,
                1.3807749137269498
            ]
        }
    },
    "ego_interaction": {
        "0.55 s to 0.83 s": {
            "mode": "free",
            "start-end coordinates": [
                0.01772222331901397,
                -0.07568289153990893,
                1.0114761618339312,
                -0.6856873601720563
            ]
        },
        "0.83 s to 2.98 s": {
            "mode": "attached to box1",
            "start-end coordinates": [
                1.0114761618339312,
                -0.6856873601720563,
                -0.8031290289992717,
                0.7575129394821883
            ]
        },
        "2.98 s to 2.82 s": {
            "mode": "free",
            "start-end coordinates": [
                -0.8031290289992717,
                0.7575129394821883,
                -0.6141965000242554,
                0.7550788280427738
            ]
        }
    }
}