{
    "moved_objects": [
        "ego",
        "box1"
    ],
    "interactions": {
        "ego": {
            "2.14 s to 2.82 s": [
                0.009590267200914084,
                -0.040780834027282054,
                1.5934204641252894,
                -0.6689382411989815
            ],
            "3.76 s to 6.22 s": [
                1.6250600579437742,
                -0.6711896388332541,
                0.2796763646437222,
                0.4733698963998983
            ],
            "7.36 s to 9.0 s": [
                0.42096348766500064,
                0.3955633992811949,
                -0.5737263981825764,
                -0.995476797441812
            ],
            "9.93 s to 11.62 s": [
                -0.8493215423631982,
                -0.8947693189328095,
                0.4668547403836,
                0.420973060521012
            ],
            "12.14 s to 13.45 s": [
                0.3226835748806158,
                0.4860353356613814,
                -0.7635155145951389,
                0.7498292662956277
            ],
            "15.01 s to 16.57 s": [
                -0.83276294880192,
                0.7689518557002352,
                -1.2151496296871835,
                0.2289824028626972
            ],
            "18.97 s to 19.23 s": [
                -1.2879808435230806,
                0.8893686472333273,
                -1.2293387091788275,
                0.8171687243603266
            ]
        },
        "box1": {
            "4.0 s to 5.63 s": [
                1.5396910484940443,
                -0.499847763867001,
                0.24064296559153348,
                0.5395104319229677
            ],
            "7.06 s to 8.99 s": [
                0.19001788772809614,
                0.5380087389244811,
                -0.6548167966642418,
                -0.748151836971701
            ],
            "9.76 s to 10.48 s": [
                -0.7230556769215445,
                -0.7310160646326642,
                -0.5009099164038647,
                -0.6691016341417174
            ],
            "11.09 s to 11.88 s": [
                -0.2756532444264842,
                -0.596045336100316,
                0.19497256074868066,
                0.753997292497214
            ],
            "12.45 s to 13.49 s": [
                0.1185142876616948,
                0.7614040792828011,
                -1.169985408821141,
                0.7728957216171795
            ],
            "18.95 s to 19.21 s": [
                -1.2867678515191645,
                1.198258436113907,
                -1.31443498679374,
                1.3709604667376398
            ]
        }
    },
    "ego_interaction": {
        "3.76 s to 4.0 s": {
            "mode": "free",
            "start-end coordinates": [
                1.6250600579437742,
                -0.6711896388332541,
                1.7257837441947508,
                -0.6380040427802218
            ]
        },
        "4.0 s to 5.63 s": {
            "mode": "attached to box1",
            "start-end coordinates": [
                1.7257837441947508,
                -0.6380040427802218,
                0.5995238946500167,
                0.32864971871021825
            ]
        },
        "5.63 s to 6.22 s": {
            "mode": "free",
            "start-end coordinates": [
                0.5995238946500167,
                0.32864971871021825,
                0.2796763646437222,
                0.4733698963998983
            ]
        },
        "7.06 s to 8.99 s": {
            "mode": "attached to box1",
            "start-end coordinates": [
                0.26969931493839416,
                0.4578766697174597,
                -0.5614162978101828,
                -0.9985068017834194
            ]
        },
        "7.36 s to 7.06 s": {
            "mode": "free",
            "start-end coordinates": [
                0.42096348766500064,
                0.3955633992811949,
                0.26969931493839416,
                0.4578766697174597
            ]
        },
        "8.99 s to 9.0 s": {
            "mode": "free",
            "start-end coordinates": [
                -0.5614162978101828,
                -0.9985068017834194,
                -0.5737263981825764,
                -0.995476797441812
            ]
        },
        "9.76 s to 10.48 s": {
            "mode": "attached to box1",
            "start-end coordinates": [
                -0.7153092419355804,
                -0.9418186365753263,
                -0.25229293693900945,
                -0.9748654786145857
            ]
        },
        "9.93 s to 9.76 s": {
            "mode": "free",
            "start-end coordinates": [
                -0.8493215423631982,
                -0.8947693189328095,
                -0.7153092419355804,
                -0.9418186365753263
            ]
        },
        "9.93 s to 11.09 s": {
            "mode": "free",
            "start-end coordinates": [
                -0.8493215423631982,
                -0.8947693189328095,
                -0.006093077906634213,
                -0.6917779719210875
            ]
        },
        "10.48 s to 11.62 s": {
            "mode": "free",
            "start-end coordinates": [
                -0.25229293693900945,
                -0.9748654786145857,
                0.4668547403836,
                0.420973060521012
            ]
        },
        "11.09 s to 11.88 s": {
            "mode": "attached to box1",
            "start-end coordinates": [
                -0.006093077906634213,
                -0.6917779719210875,
                0.3267285741317185,
                0.5015319279621527
            ]
        },
        "11.88 s to 11.62 s": {
            "mode": "free",
            "start-end coordinates": [
                0.3267285741317185,
                0.5015319279621527,
                0.4668547403836,
                0.420973060521012
            ]
        },
        "12.14 s to 12.45 s": {
            "mode": "free",
            "start-end coordinates": [
                0.3226835748806158,
                0.4860353356613814,
                0.4935082341333886,
                0.6795220521138364
            ]
        },
        "12.45 s to 13.49 s": {
            "mode": "attached to box1",
            "start-end coordinates": [
                0.4935082341333886,
                0.6795220521138364,
                -0.7985872009773172,
                0.7474402761739019
            ]
        },
        "13.49 s to 13.45 s": {
            "mode": "free",
            "start-end coordinates": [
                -0.7985872009773172,
                0.7474402761739019,
                -0.7635155145951389,
                0.7498292662956277
            ]
        },
        "18.95 s to 19.21 s": {
            "mode": "attached to box1",
            "start-end coordinates": [
                -1.2879501548806074,
                0.870067615829019,
                -1.2426526139558158,
                0.8454470668095098
            ]
        },
        "18.97 s to 18.95 s": {
            "mode": "free",
            "start-end coordinates": [
                -1.2879808435230806,
                0.8893686472333273,
                -1.2879501548806074,
                0.870067615829019
            ]
        },
        "19.21 s to 19.23 s": {
            "mode": "free",
            "start-end coordinates": [
                -1.2426526139558158,
                0.8454470668095098,
                -1.2293387091788275,
                0.8171687243603266
            ]
        }
    }
}