{
    "moved_objects": [
        "ego",
        "box1"
    ],
    "interactions": {
        "ego": {
            "0.74 s to 1.05 s": [
                0.09410575632480822,
                -0.18252442638393596,
                1.347191670132314,
                -0.9735568687244763
            ],
            "1.57 s to 3.73 s": [
                1.381800384328106,
                -0.7856187266567445,
                -1.1341482744505393,
                -0.22592239413643175
            ],
            "4.45 s to 5.53 s": [
                -1.2823841951708657,
                0.02960949269667649,
                0.24169921874842049,
                0.34006328522572643
            ],
            "7.94 s to 7.99 s": [
                0.220340308516309,
                0.7083161379724878,
                0.31800338676546436,
                0.6975990706092279
            ],
            "8.58 s to 9.11 s": [
                0.5036296196128421,
                0.6244374702317224,
                0.7341968178500158,
                0.8114051244809265
            ],
            "9.7 s to 10.11 s": [
                0.31333154504125726,
                0.7652665571624775,
                -0.8624465953057112,
                0.7248614678911551
            ],
            "11.19 s to 12.34 s": [
                -0.7204115716705904,
                0.735798064458105,
                -1.2235337705739502,
                0.4091449365443954
            ],
            "12.96 s to 13.39 s": [
                -1.2215941886204116,
                0.3984466710980848,
                -0.9341140659538018,
                0.6883567532825855
            ],
            "15.0 s to 16.18 s": [
                -0.8788165527621523,
                0.7331904510437186,
                -1.189683762950162,
                0.9394113238433801
            ]
        },
        "box1": {
            "2.26 s to 5.73 s": [
                1.4949076003214647,
                -0.4843530860249679,
                0.5047271515452906,
                0.7149825085667463
            ],
            "7.88 s to 8.1 s": [
                0.33449175797287256,
                0.7783457813870438,
                0.5379624911046148,
                0.7316727735729955
            ],
            "8.99 s to 10.17 s": [
                0.5231333513694842,
                0.727266206880852,
                -1.2330198518353226,
                0.7490194262132438
            ],
            "15.09 s to 16.17 s": [
                -1.2511388146039282,
                0.8577852091693121,
                -1.312997106236381,
                1.3941163758161803
            ]
        }
    },
    "ego_interaction": {
        "1.57 s to 2.26 s": {
            "mode": "free",
            "start-end coordinates": [
                1.381800384328106,
                -0.7856187266567445,
                1.2236522517494879,
                -0.6324080852801918
            ]
        },
        "2.26 s to 5.73 s": {
            "mode": "attached to box1",
            "start-end coordinates": [
                1.2236522517494879,
                -0.6324080852801918,
                0.3298509359415312,
                0.6053540948548779
            ]
        },
        "4.45 s to 2.26 s": {
            "mode": "free",
            "start-end coordinates": [
                -1.2823841951708657,
                0.02960949269667649,
                1.2236522517494879,
                -0.6324080852801918
            ]
        },
        "5.73 s to 3.73 s": {
            "mode": "free",
            "start-end coordinates": [
                0.3298509359415312,
                0.6053540948548779,
                -1.1341482744505393,
                -0.22592239413643175
            ]
        },
        "5.73 s to 5.53 s": {
            "mode": "free",
            "start-end coordinates": [
                0.3298509359415312,
                0.6053540948548779,
                0.24169921874842049,
                0.34006328522572643
            ]
        },
        "7.88 s to 8.1 s": {
            "mode": "attached to box1",
            "start-end coordinates": [
                0.13885892221866836,
                0.7211742399700716,
                0.33781680878497505,
                0.6432684234583723
            ]
        },
        "7.94 s to 7.88 s": {
            "mode": "free",
            "start-end coordinates": [
                0.220340308516309,
                0.7083161379724878,
                0.13885892221866836,
                0.7211742399700716
            ]
        },
        "8.1 s to 7.99 s": {
            "mode": "free",
            "start-end coordinates": [
                0.33781680878497505,
                0.6432684234583723,
                0.31800338676546436,
                0.6975990706092279
            ]
        },
        "8.58 s to 8.99 s": {
            "mode": "free",
            "start-end coordinates": [
                0.5036296196128421,
                0.6244374702317224,
                0.9467178708232655,
                0.7581766410551725
            ]
        },
        "8.99 s to 10.17 s": {
            "mode": "attached to box1",
            "start-end coordinates": [
                0.9467178708232655,
                0.7581766410551725,
                -0.8618088151753739,
                0.7452935062734086
            ]
        },
        "9.7 s to 8.99 s": {
            "mode": "free",
            "start-end coordinates": [
                0.3317424196423275,
                0.7651167059450428,
                0.9467178708232655,
                0.7581766410551725
            ]
        },
        "10.17 s to 9.11 s": {
            "mode": "free",
            "start-end coordinates": [
                -0.8618088151753739,
                0.7452935062734086,
                0.7341968178500158,
                0.8114051244809265
            ]
        },
        "10.17 s to 10.11 s": {
            "mode": "free",
            "start-end coordinates": [
                -0.8618088151753739,
                0.7452935062734086,
                -0.8624465953057112,
                0.7248614678911551
            ]
        },
        "15.0 s to 15.09 s": {
            "mode": "free",
            "start-end coordinates": [
                -0.8788165527621523,
                0.7331904510437186,
                -0.1689876912988706,
                0.5132984660792776
            ]
        },
        "15.09 s to 16.17 s": {
            "mode": "attached to box1",
            "start-end coordinates": [
                -0.1689876912988706,
                0.5132984660792776,
                -1.1982388034491827,
                0.9598534453410568
            ]
        },
        "16.17 s to 16.18 s": {
            "mode": "free",
            "start-end coordinates": [
                -1.1982388034491827,
                0.9598534453410568,
                -1.189683762950162,
                0.9394113238433801
            ]
        }
    }
}