{
    "moved_objects": [
        "ego",
        "box1"
    ],
    "interactions": {
        "ego": {
            "0.54 s to 3.24 s": [
                -0.020804068469726926,
                0.044262523986307804,
                0.8339342317577945,
                0.6099339378481601
            ],
            "3.9 s to 4.5 s": [
                0.3403770506938605,
                0.7648225941025634,
                -0.815090079799033,
                0.7469319291343915
            ],
            "5.61 s to 6.87 s": [
                -0.7486951387782754,
                0.763873624092943,
                -1.1955844772950581,
                0.2207303955431147
            ],
            "11.32 s to 12.53 s": [
                -0.9739558180409777,
                -0.35616857409493363,
                -0.6597403569059089,
                0.7634334503589324
            ]
        },
        "box1": {
            "1.83 s to 3.01 s": [
                1.4972952341712755,
                -0.48556379159996754,
                0.21766856883280802,
                0.7845997462701595
            ],
            "3.6 s to 4.85 s": [
                0.23026193769163586,
                0.7829776139845486,
                -1.185953428107233,
                0.7486705378333824
            ]
        }
    },
    "ego_interaction": {
        "0.54 s to 1.83 s": {
            "mode": "free",
            "start-end coordinates": [
                -0.020804068469726926,
                0.044262523986307804,
                1.5416488496552199,
                -0.456821311229509
            ]
        },
        "1.83 s to 3.01 s": {
            "mode": "attached to box1",
            "start-end coordinates": [
                1.5416488496552199,
                -0.456821311229509,
                0.22031788947029085,
                0.7691897758815125
            ]
        },
        "3.01 s to 3.24 s": {
            "mode": "free",
            "start-end coordinates": [
                0.22031788947029085,
                0.7691897758815125,
                0.8339342317577945,
                0.6099339378481601
            ]
        },
        "3.6 s to 4.85 s": {
            "mode": "attached to box1",
            "start-end coordinates": [
                0.633199084457139,
                0.7841256175225952,
                -0.8128088819768664,
                0.7495802320124529
            ]
        },
        "3.9 s to 3.6 s": {
            "mode": "free",
            "start-end coordinates": [
                0.3403770506938605,
                0.7648225941025634,
                0.633199084457139,
                0.7841256175225952
            ]
        },
        "4.85 s to 4.5 s": {
            "mode": "free",
            "start-end coordinates": [
                -0.8128088819768664,
                0.7495802320124529,
                -0.815090079799033,
                0.7469319291343915
            ]
        }
    }
}