{
    "moved_objects": [
        "ego",
        "box1",
        "obj1"
    ],
    "interactions": {
        "ego": {
            "0.04 s to 1.56 s": [
                -0.1309006337011132,
                -0.0046230154835710715,
                1.0411583571398313,
                -0.24806184426669123
            ],
            "3.64 s to 9.66 s": [
                1.230076522977944,
                -0.1690984019646011,
                -1.0915315586719134,
                -0.8542796342415504
            ]
        },
        "box1": {
            "3.58 s to 4.95 s": [
                1.331180044363121,
                -0.24784683420185188,
                -1.0571531737336946,
                -0.6001807101188523
            ],
            "5.82 s to 9.78 s": [
                -1.1264341193483975,
                -0.42176302153631634,
                -1.2373764190246892,
                1.2397455720585964
            ]
        },
        "obj1": {
            "0.4 s to 1.58 s": [
                0.5071181258444774,
                -0.4962576380917129,
                0.6106295984348793,
                -0.5415271190258307
            ],
            "3.64 s to 4.94 s": [
                0.5775576349779384,
                -0.5223894537239249,
                0.4053822053335936,
                -0.5691758671912375
            ],
            "5.69 s to 6.0 s": [
                0.40366255590585315,
                -0.5507281301675084,
                0.30012776960138754,
                -0.5595376924563679
            ],
            "6.63 s to 9.67 s": [
                0.3934906443960467,
                -0.5241109644171948,
                -1.1879949002780985,
                0.4572325389644863
            ]
        }
    },
    "ego_interaction": {
        "0.04 s to 0.4 s": {
            "mode": "free",
            "start-end coordinates": [
                -0.1309006337011132,
                -0.0046230154835710715,
                0.0038886116430944737,
                0.00978388169630679
            ]
        },
        "0.4 s to 1.58 s": {
            "mode": "attached to obj1",
            "start-end coordinates": [
                0.0038886116430944737,
                0.00978388169630679,
                1.0529376252949474,
                -0.21742025205869503
            ]
        },
        "1.58 s to 1.56 s": {
            "mode": "free",
            "start-end coordinates": [
                1.0529376252949474,
                -0.21742025205869503,
                1.0411583571398313,
                -0.24806184426669123
            ]
        },
        "3.58 s to 4.95 s": {
            "mode": "attached to box1",
            "start-end coordinates": [
                1.3307171344147144,
                -0.26923544548351197,
                -0.952173141605017,
                -0.8327224998274696
            ]
        },
        "3.64 s to 3.58 s": {
            "mode": "free",
            "start-end coordinates": [
                1.230076522977944,
                -0.1690984019646011,
                1.3307171344147144,
                -0.26923544548351197
            ]
        },
        "3.64 s to 5.82 s": {
            "mode": "free",
            "start-end coordinates": [
                1.230076522977944,
                -0.1690984019646011,
                -1.1113075281146154,
                -0.9691234691669997
            ]
        },
        "3.64 s to 3.64 s": {
            "mode": "free",
            "start-end coordinates": [
                1.230076522977944,
                -0.1690984019646011,
                1.230076522977944,
                -0.1690984019646011
            ]
        },
        "3.64 s to 4.94 s": {
            "mode": "attached to obj1",
            "start-end coordinates": [
                1.230076522977944,
                -0.1690984019646011,
                -0.9734389448056547,
                -0.8288746336427285
            ]
        },
        "3.64 s to 5.69 s": {
            "mode": "free",
            "start-end coordinates": [
                1.230076522977944,
                -0.1690984019646011,
                -1.0876300457932322,
                -0.7880699613007203
            ]
        },
        "3.64 s to 6.63 s": {
            "mode": "free",
            "start-end coordinates": [
                1.230076522977944,
                -0.1690984019646011,
                0.20541538702640488,
                -0.9732013633533738
            ]
        },
        "4.94 s to 9.66 s": {
            "mode": "free",
            "start-end coordinates": [
                -0.9734389448056547,
                -0.8288746336427285,
                -1.0915315586719134,
                -0.8542796342415504
            ]
        },
        "4.95 s to 9.66 s": {
            "mode": "free",
            "start-end coordinates": [
                -0.952173141605017,
                -0.8327224998274696,
                -1.0915315586719134,
                -0.8542796342415504
            ]
        },
        "5.69 s to 6.0 s": {
            "mode": "attached to obj1",
            "start-end coordinates": [
                -1.0876300457932322,
                -0.7880699613007203,
                -0.9914189538377851,
                -0.8184918728041941
            ]
        },
        "5.82 s to 9.78 s": {
            "mode": "attached to box1",
            "start-end coordinates": [
                -1.1113075281146154,
                -0.9691234691669997,
                -1.0866749746550386,
                -1.0014835623989988
            ]
        },
        "6.0 s to 9.66 s": {
            "mode": "free",
            "start-end coordinates": [
                -0.9914189538377851,
                -0.8184918728041941,
                -1.0915315586719134,
                -0.8542796342415504
            ]
        },
        "6.63 s to 9.67 s": {
            "mode": "attached to obj1",
            "start-end coordinates": [
                0.20541538702640488,
                -0.9732013633533738,
                -1.099825630665543,
                -0.8420623359721142
            ]
        },
        "9.67 s to 9.66 s": {
            "mode": "free",
            "start-end coordinates": [
                -1.099825630665543,
                -0.8420623359721142,
                -1.0915315586719134,
                -0.8542796342415504
            ]
        },
        "9.78 s to 9.66 s": {
            "mode": "free",
            "start-end coordinates": [
                -1.0866749746550386,
                -1.0014835623989988,
                -1.0915315586719134,
                -0.8542796342415504
            ]
        }
    }
}