{
    "moved_objects": [
        "box1",
        "obj1"
    ],
    "interactions": {
        "box1": {
            "0.58 s to 1.39 s": [
                1.493194173168268,
                -0.4253831140438419,
                0.12326105338247162,
                0.31793771823263317
            ]
        },
        "obj1": {
            "0.15 s to 1.39 s": [
                0.5023550998569879,
                -0.5293258028031782,
                -0.6176169277244425,
                -0.7990148680071882
            ]
        }
    },
    "ego_interaction": {}
}