{
    "moved_objects": [
        "ego",
        "box1"
    ],
    "interactions": {
        "ego": {
            "1.45 s to 4.92 s": [
                0.8675334175813162,
                -0.08099721103848997,
                -1.338494533346787,
                -1.0656106828758511
            ]
        },
        "box1": {
            "2.56 s to 5.64 s": [
                1.4258622659332028,
                -0.587165018665034,
                -1.2475715729597487,
                -0.5301278145099478
            ],
            "6.8 s to 7.21 s": [
                -1.1855693717493767,
                -0.44202038626029383,
                -1.0034437370664293,
                -0.05222344900766712
            ]
        }
    },
    "ego_interaction": {
        "1.45 s to 2.56 s": {
            "mode": "free",
            "start-end coordinates": [
                0.8675334175813162,
                -0.08099721103848997,
                1.5109521740082927,
                -0.40051309749655223
            ]
        },
        "2.56 s to 5.64 s": {
            "mode": "attached to box1",
            "start-end coordinates": [
                1.5109521740082927,
                -0.40051309749655223,
                -1.3299238050690882,
                -1.0066994604332211
            ]
        },
        "5.64 s to 4.92 s": {
            "mode": "free",
            "start-end coordinates": [
                -1.3299238050690882,
                -1.0066994604332211,
                -1.338494533346787,
                -1.0656106828758511
            ]
        }
    }
}