{
    "moved_objects": [
        "ego",
        "box1",
        "obj1"
    ],
    "interactions": {
        "ego": {
            "0.75 s to 2.23 s": [
                0.02230561197587512,
                -0.05316830785615674,
                1.5039957184596062,
                -0.8508188584534185
            ],
            "3.45 s to 3.9 s": [
                1.4016893888693147,
                -0.4753397820613787,
                0.45527049368409894,
                0.6558835649362906
            ],
            "4.59 s to 5.8 s": [
                0.32411146929385304,
                0.515929645153961,
                0.5797363977073076,
                0.7575408004981692
            ],
            "6.36 s to 7.35 s": [
                0.5103873146918587,
                0.7229726155806433,
                0.5072317918287542,
                0.8752271150190444
            ],
            "8.31 s to 9.45 s": [
                0.28363138460262904,
                0.7285773741308685,
                0.28354012353869684,
                -1.1108924091981778
            ],
            "10.33 s to 10.47 s": [
                0.5481756416273871,
                -0.8138976847963929,
                0.7436337112708338,
                -0.545622880223555
            ],
            "12.97 s to 13.08 s": [
                0.6779854892233915,
                0.5402708088056312,
                0.520013745398645,
                0.6326820196854935
            ],
            "14.07 s to 15.68 s": [
                0.47557324506302745,
                0.5256825603747125,
                0.6304358732849316,
                0.5512868891713756
            ],
            "18.02 s to 18.67 s": [
                0.8310400988133444,
                0.6586803014138272,
                0.45658660809043794,
                0.7833495778249259
            ],
            "19.35 s to 20.13 s": [
                0.23384585970577693,
                0.7811514046381813,
                -0.5450007425165087,
                -0.40993304132887043
            ],
            "21.27 s to 21.37 s": [
                -0.6247569655834972,
                -0.1724562934433894,
                -0.7690544815217994,
                -0.24510220786523151
            ],
            "22.42 s to 23.98 s": [
                -0.7700766165186641,
                -0.36247776795462394,
                0.32664263607164185,
                0.7771953828858483
            ],
            "25.46 s to 25.87 s": [
                0.290635218201748,
                0.6626712007015845,
                0.049000996637700314,
                0.19527599019871023
            ]
        },
        "box1": {
            "3.41 s to 3.96 s": [
                1.3742900698026004,
                -0.22908052890975233,
                0.2591869455110684,
                0.9051071485931265
            ],
            "4.57 s to 5.83 s": [
                0.039726070143760034,
                0.8929124894445322,
                0.2510513460499569,
                0.9601473291364165
            ],
            "8.38 s to 9.45 s": [
                -0.030391715216054542,
                0.8080609388486262,
                0.1562447043813316,
                1.0062760231804608
            ],
            "14.15 s to 15.62 s": [
                0.15885219199725314,
                0.9899963085142144,
                -0.10985315051567403,
                0.9630371188809697
            ],
            "18.06 s to 19.0 s": [
                -0.2961337746200997,
                0.8317298305635797,
                -0.8286919842353195,
                0.8047168428575903
            ],
            "19.56 s to 19.83 s": [
                -0.9766555383585461,
                0.7561186909656986,
                -0.9948490654728673,
                0.5266002403003021
            ],
            "25.51 s to 25.86 s": [
                -1.2036031526429385,
                0.7708095573052267,
                -1.3745216520991215,
                0.7240407409767314
            ]
        },
        "obj1": {
            "1.86 s to 1.96 s": [
                0.5416394224966906,
                -0.5137310376131867,
                0.5709686225455372,
                -0.6274820196726602
            ],
            "8.46 s to 9.48 s": [
                0.6447771217373405,
                -0.6482719740878846,
                0.3811698611704513,
                -0.24428491205310107
            ],
            "10.32 s to 10.5 s": [
                0.5330204517865191,
                -0.06530755851121485,
                0.6118830851957987,
                0.24260859112584668
            ],
            "12.84 s to 13.09 s": [
                0.4102708056251445,
                0.9250434140477111,
                0.2170688064421889,
                0.9941748943027551
            ],
            "14.2 s to 15.79 s": [
                0.03989260483967482,
                1.0461884615094097,
                0.13458041118245487,
                0.8908379481599084
            ],
            "18.04 s to 19.85 s": [
                0.020437884134172385,
                0.9456694585180164,
                -1.0219541672463643,
                0.649924125577891
            ],
            "23.35 s to 24.55 s": [
                -0.9769087215399289,
                0.8217163348078257,
                -0.9055737923846084,
                0.9602740544778712
            ]
        }
    },
    "ego_interaction": {
        "0.75 s to 1.86 s": {
            "mode": "free",
            "start-end coordinates": [
                0.02230561197587512,
                -0.05316830785615674,
                1.13166608115407,
                -0.16393544811697464
            ]
        },
        "1.86 s to 1.96 s": {
            "mode": "attached to obj1",
            "start-end coordinates": [
                1.13166608115407,
                -0.16393544811697464,
                1.0554586173213865,
                -0.41459832479047126
            ]
        },
        "1.96 s to 2.23 s": {
            "mode": "free",
            "start-end coordinates": [
                1.0554586173213865,
                -0.41459832479047126,
                1.5039957184596062,
                -0.8508188584534185
            ]
        },
        "3.41 s to 3.96 s": {
            "mode": "attached to box1",
            "start-end coordinates": [
                1.4149728420716956,
                -0.5217946835497532,
                0.3916120174864046,
                0.632689630347351
            ]
        },
        "3.45 s to 3.41 s": {
            "mode": "free",
            "start-end coordinates": [
                1.4016893888693147,
                -0.4753397820613787,
                1.4149728420716956,
                -0.5217946835497532
            ]
        },
        "3.96 s to 3.9 s": {
            "mode": "free",
            "start-end coordinates": [
                0.3916120174864046,
                0.632689630347351,
                0.45527049368409894,
                0.6558835649362906
            ]
        },
        "4.57 s to 5.83 s": {
            "mode": "attached to box1",
            "start-end coordinates": [
                0.2997059990071308,
                0.5154175239736812,
                0.5423662187560029,
                0.7614784450118874
            ]
        },
        "4.59 s to 4.57 s": {
            "mode": "free",
            "start-end coordinates": [
                0.32411146929385304,
                0.515929645153961,
                0.2997059990071308,
                0.5154175239736812
            ]
        },
        "5.83 s to 5.8 s": {
            "mode": "free",
            "start-end coordinates": [
                0.5423662187560029,
                0.7614784450118874,
                0.5797363977073076,
                0.7575408004981692
            ]
        },
        "8.31 s to 8.38 s": {
            "mode": "free",