{
    "moved_objects": [
        "ego",
        "box1",
        "obj1"
    ],
    "interactions": {
        "ego": {
            "0.75 s to 2.23 s": [
                0.02230561197587512,
                -0.05316830785615674,
                1.5039957184596062,
                -0.8508188584534185
            ],
            "3.45 s to 3.9 s": [
                1.4016893888693147,
                -0.4753397820613787,
                0.45527049368409894,
                0.6558835649362906
            ],
            "8.31 s to 9.45 s": [
                0.28363138460262904,
                0.7285773741308685,
                0.28354012353869684,
                -1.1108924091981778
            ],
            "19.35 s to 20.13 s": [
                0.23384585970577693,
                0.7811514046381813,
                -0.5450007425165087,
                -0.40993304132887043
            ],
            "22.42 s to 23.98 s": [
                -0.7700766165186641,
                -0.36247776795462394,
                0.32664263607164185,
                0.7771953828858483
            ],
            "25.46 s to 25.87 s": [
                0.290635218201748,
                0.6626712007015845,
                0.049000996637700314,
                0.19527599019871023
            ]
        },
        "box1": {
            "3.41 s to 3.96 s": [
                1.3742900698026004,
                -0.22908052890975233,
                0.2591869455110684,
                0.9051071485931265
            ],
            "18.06 s to 19.0 s": [
                -0.2961337746200997,
                0.8317298305635797,
                -0.8286919842353195,
                0.8047168428575903
            ]
        },
        "obj1": {
            "8.46 s to 9.48 s": [
                0.6447771217373405,
                -0.6482719740878846,
                0.3811698611704513,
                -0.24428491205310107
            ],
            "18.04 s to 19.85 s": [
                0.020437884134172385,
                0.9456694585180164,
                -1.0219541672463643,
                0.649924125577891
            ]
        }
    },
    "ego_interaction": {
        "3.41 s to 3.96 s": {
            "mode": "attached to box1",
            "start-end coordinates": [
                1.4149728420716956,
                -0.5217946835497532,
                0.3916120174864046,
                0.632689630347351
            ]
        },
        "3.45 s to 3.41 s": {
            "mode": "free",
            "start-end coordinates": [
                1.4016893888693147,
                -0.4753397820613787,
                1.4149728420716956,
                -0.5217946835497532
            ]
        },
        "3.96 s to 3.9 s": {
            "mode": "free",
            "start-end coordinates": [
                0.3916120174864046,
                0.632689630347351,
                0.45527049368409894,
                0.6558835649362906
            ]
        },
        "8.31 s to 8.46 s": {
            "mode": "free",
            "start-end coordinates": [
                0.28363138460262904,
                0.7285773741308685,
                0.5856943444357567,
                0.4293575642768749
            ]
        },
        "8.46 s to 9.48 s": {
            "mode": "attached to obj1",
            "start-end coordinates": [
                0.5856943444357567,
                0.4293575642768749,
                0.28204825705269976,
                -1.0880652584451216
            ]
        },
        "9.48 s to 9.45 s": {
            "mode": "free",
            "start-end coordinates": [
                0.28204825705269976,
                -1.0880652584451216,
                0.23631605424658658,
                -1.1175164492737946
            ]
        },
        "18.04 s to 19.85 s": {
            "mode": "attached to obj1",
            "start-end coordinates": [
                0.8750022447276008,
                0.6534130788477754,
                -0.1700985793061976,
                -0.4626071718518011
            ]
        },
        "19.35 s to 18.04 s": {
            "mode": "free",
            "start-end coordinates": [
                0.23384585970577693,
                0.7811514046381813,
                0.8750022447276008,
                0.6534130788477754
            ]
        },
        "19.85 s to 20.13 s": {
            "mode": "free",
            "start-end coordinates": [
                -0.1700985793061976,
                -0.4626071718518011,
                -0.5450007425165087,
                -0.40993304132887043
            ]
        }
    }
}