{
    "moved_objects": [
        "ego",
        "obj1",
        "obj2"
    ],
    "interactions": {
        "ego": {
            "0.91 s to 1.75 s": [
                0.10500669256574502,
                -1.5854457250143754,
                -0.31446320191375066,
                -1.5359776689700448
            ],
            "2.26 s to 3.53 s": [
                -0.44479935322301156,
                -1.4362644126862867,
                0.1704621212545156,
                -1.5310618407091405
            ]
        },
        "obj1": {
            "2.66 s to 3.5 s": [
                -1.0147689102111008,
                -1.4980170618939914,
                -0.31751909865714195,
                -1.3869106108842266
            ],
            "5.55 s to 5.81 s": [
                -0.10305504833628279,
                -1.0971143405382497,
                -0.15374793823217694,
                -0.08009662701688833
            ]
        },
        "obj2": {
            "1.16 s to 1.73 s": [
                1.0449462539815093,
                -1.478694530493829,
                0.2457465999800484,
                -1.4051784389080995
            ],
            "2.66 s to 3.45 s": [
                0.1423277810713928,
                -1.2550238350317358,
                0.3102363544936031,
                -0.8554453848088568
            ],
            "6.33 s to 7.27 s": [
                0.04562295108031923,
                0.21064914029526127,
                0.10258175983010433,
                1.2743597252945769
            ]
        }
    },
    "ego_interaction": {
        "0.91 s to 1.16 s": {
            "mode": "free",
            "start-end coordinates": [
                0.10500669256574502,
                -1.5854457250143754,
                0.5090592917202246,
                -1.6302791150869198
            ]
        },
        "1.16 s to 1.73 s": {
            "mode": "attached to obj2",
            "start-end coordinates": [
                0.5090592917202246,
                -1.6302791150869198,
                -0.2906482959784071,
                -1.5353261808490801
            ]
        },
        "1.73 s to 1.75 s": {
            "mode": "free",
            "start-end coordinates": [
                -0.2906482959784071,
                -1.5353261808490801,
                -0.31446320191375066,
                -1.5359776689700448
            ]
        },
        "2.26 s to 2.66 s": {
            "mode": "free",
            "start-end coordinates": [
                -0.4406412789788009,
                -1.4291314954162428,
                -0.19517977330198524,
                -1.6720842006211583
            ]
        },
        "2.66 s to 3.5 s": {
            "mode": "attached to obj1",
            "start-end coordinates": [
                -0.19517977330198524,
                -1.6720842006211583,
                0.1400592887201901,
                -1.5398420684787237
            ]
        },
        "2.66 s to 3.45 s": {
            "mode": "attached to obj2",
            "start-end coordinates": [
                -0.19517977330198524,
                -1.6720842006211583,
                0.07576255537743067,
                -1.556972178560724
            ]
        },
        "3.45 s to 3.53 s": {
            "mode": "free",
            "start-end coordinates": [
                0.07576255537743067,
                -1.556972178560724,
                0.1704621212545156,
                -1.5310618407091405
            ]
        },
        "3.5 s to 3.53 s": {
            "mode": "free",
            "start-end coordinates": [
                0.1400592887201901,
                -1.5398420684787237,
                0.1704621212545156,
                -1.5310618407091405
            ]
        }
    }
}