{
    "moved_objects": [
        "ego",
        "obj1",
        "obj2"
    ],
    "interactions": {
        "ego": {
            "2.52 s to 3.1 s": [
                -0.6111544113246021,
                -1.6071252475978082,
                0.2248260992523806,
                -1.4118389763049393
            ],
            "4.34 s to 4.85 s": [
                0.38376297753590605,
                -1.326109757694434,
                0.04042128409412708,
                -1.779807381658315
            ],
            "5.49 s to 5.98 s": [
                0.018179652685637968,
                -1.7662379270698805,
                -0.05845368549791437,
                -1.3613323380301738
            ]
        },
        "obj1": {
            "5.53 s to 8.86 s": [
                0.038444655542716574,
                -1.1175255755689468,
                -1.3830270131863942,
                15.171614048384267
            ]
        },
        "obj2": {
            "7.11 s to 9.09 s": [
                1.0120923223757101,
                -1.5052308593368413,
                1.5287456771920596,
                1.5527915901434244
            ]
        }
    },
    "ego_interaction": {
        "5.49 s to 5.53 s": {
            "mode": "free",
            "start-end coordinates": [
                0.018179652685637968,
                -1.7662379270698805,
                0.017221829677557875,
                -1.671450336394649
            ]
        },
        "5.53 s to 8.86 s": {
            "mode": "attached to obj1",
            "start-end coordinates": [
                0.017221829677557875,
                -1.671450336394649,
                0.048638353689860477,
                -1.3458468088989126
            ]
        },
        "8.86 s to 5.98 s": {
            "mode": "free",
            "start-end coordinates": [
                0.048638353689860477,
                -1.3458468088989126,
                -0.05845368549791437,
                -1.3613323380301738
            ]
        }
    }
}