{
    "moved_objects": [
        "ego",
        "obj1",
        "obj2"
    ],
    "interactions": {
        "ego": {
            "5.98 s to 17.03 s": [
                0.42669073586725653,
                -1.6292273620646727,
                0.2826481095263334,
                -1.3587716049452139
            ],
            "17.55 s to 18.33 s": [
                0.11006812101840545,
                -1.3932664447742769,
                -0.03324468387183332,
                -1.4811404097923282
            ]
        },
        "obj1": {
            "7.69 s to 9.05 s": [
                -1.0473058617391988,
                -1.519013722133357,
                -1.4290684299938015,
                -1.5674332794415038
            ],
            "11.57 s to 13.12 s": [
                -1.638064897731736,
                -1.5022848195277232,
                0.030077395810166222,
                -1.389687724872297
            ],
            "15.06 s to 17.0 s": [
                0.11810277217858568,
                -1.2277878871012753,
                1.3703713911921713,
                1.5976098251686948
            ]
        },
        "obj2": {
            "6.16 s to 6.44 s": [
                1.2000144771505172,
                -1.547516855750411,
                1.2775567267046166,
                -1.4622713204497129
            ],
            "7.04 s to 9.21 s": [
                0.8359367983415646,
                -1.3806809601662666,
                1.186698155713502,
                -0.7636051801561738
            ],
            "9.73 s to 10.32 s": [
                0.9694408785267734,
                -0.8876565634228257,
                1.0992492903542308,
                -0.8378504384199199
            ],
            "11.0 s to 13.12 s": [
                1.1296759100585658,
                -0.8302580494921161,
                1.2437274340586522,
                -0.9998532805016836
            ],
            "14.42 s to 15.29 s": [
                1.4534429077779736,
                -0.9352869944192455,
                1.4887299991390195,
                -0.7778817277874508
            ],
            "16.24 s to 17.03 s": [
                1.538305327985647,
                -0.677099092961312,
                1.3037305836219208,
                -0.17239265566413434
            ],
            "17.55 s to 18.33 s": [
                1.2239367068744451,
                -0.20125330684332057,
                0.7330544174770587,
                0.3288211048366453
            ]
        }
    },
    "ego_interaction": {
        "5.98 s to 7.69 s": {
            "mode": "free",
            "start-end coordinates": [
                0.42669073586725653,
                -1.6292273620646727,
                -0.5662899442859601,
                -1.5242550112808804
            ]
        },
        "5.98 s to 11.57 s": {
            "mode": "free",
            "start-end coordinates": [
                0.42669073586725653,
                -1.6292273620646727,
                -1.6960236712164987,
                -1.5786753375505107
            ]
        },
        "5.98 s to 15.06 s": {
            "mode": "free",
            "start-end coordinates": [
                0.42669073586725653,
                -1.6292273620646727,
                0.15642125888701144,
                -1.6785916241303007
            ]
        },
        "5.98 s to 6.16 s": {
            "mode": "free",
            "start-end coordinates": [
                0.42669073586725653,
                -1.6292273620646727,
                0.6589484936552934,
                -1.6136594231997434
            ]
        },
        "5.98 s to 7.04 s": {
            "mode": "free",
            "start-end coordinates": [
                0.42669073586725653,
                -1.6292273620646727,
                0.010116986256959481,
                -1.4246923526122894
            ]
        },
        "5.98 s to 9.73 s": {
            "mode": "free",
            "start-end coordinates": [
                0.42669073586725653,
                -1.6292273620646727,
                -1.234307677945652,
                -1.414786886873011
            ]
        },
        "5.98 s to 11.0 s": {
            "mode": "free",
            "start-end coordinates": [
                0.42669073586725653,
                -1.6292273620646727,
                -1.3635640047186812,
                -1.6239639656044893
            ]
        },
        "5.98 s to 14.42 s": {
            "mode": "free",
            "start-end coordinates": [
                0.42669073586725653,
                -1.6292273620646727,
                0.4741643310921066,
                -1.6502104592560272
            ]
        },
        "5.98 s to 16.24 s": {
            "mode": "free",
            "start-end coordinates": [
                0.42669073586725653,
                -1.6292273620646727,
                -0.15479368766059712,
                -1.3583612252844581
            ]
        },
        "6.16 s to 6.44 s": {
            "mode": "attached to obj2",
            "start-end coordinates": [
                0.6589484936552934,
                -1.6136594231997434,
                0.7724692343159494,
                -1.5071153247545612
            ]
        },
        "6.44 s to 17.03 s": {
            "mode": "free",
            "start-end coordinates": [
                0.7724692343159494,
                -1.5071153247545612,
                0.2826481095263334,
                -1.3587716049452139
            ]
        },
        "7.04 s to 9.21 s": {
            "mode": "attached to obj2",
            "start-end coordinates": [
                0.010116986256959481,
                -1.4246923526122894,
                -0.6787785410133675,
                -1.4841726473739312
            ]
        },
        "7.69 s to 9.05 s": {
            "mode": "attached to obj1",
            "start-end coordinates": [
                -0.5662899442859601,
                -1.5242550112808804,
                -0.3790990954520073,
                -1.5082439119662905
            ]
        },
        "9.05 s to 17.03 s": {
            "mode": "free",
            "start-end coordinates": [
                -0.3790990954520073,
                -1.5082439119662905,
                0.2826481095263334,
                -1.3587716049452139
            ]
        },
        "9.21 s to 17.03 s": {
            "mode": "free",
            "start-end coordinates": [
                -0.6787785410133675,
                -1.4841726473739312,
                0.2826481095263334,
                -1.3587716049452139
            ]
        },
        "9.73 s to 10.32 s": {
            "mode": "attached to obj2",
            "start-end coordinates": [
                -1.234307677945652,
                -1.414786886873011,
                -1.0131479954498666,
                -1.3445302580551217
            ]
        },
        "10.32 s to 17.03 s": {
            "mode": "free",
            "start-end coordinates": [
                -1.0131479954498666,
                -1.3445302580551217,
                0.2826481095263334,
                -1.3587716049452139
            ]
        },
        "11.0 s to 13.12 s": {
            "mode": "attached to obj2",
            "start-end coordinates": [
                -1.3635640047186812,
                -1.6239639656044893,
                0.17778624912304208,
                -1.4161698206072706
            ]
        },
        "11.57 s to 13.12 s": {
            "mode": "attached to obj1",
            "start-end coordinates": [
                -1.6960236712164987,
                -1.5786753375505107,
                0.17778624912304208,
                -1.4161698206072706
            ]
        },
        "13.12 s to 17.03 s": {
            "mode": "free",