{
    "moved_objects": [
        "ego",
        "box1",
        "obj1"
    ],
    "interactions": {
        "ego": {
            "0.34 s to 2.72 s": [
                0.0017617662757978942,
                -1.4782877192435002,
                0.2096314275747589,
                -1.3870328856150262
            ],
            "3.46 s to 5.06 s": [
                0.37876507445408797,
                -1.387637907407412,
                0.0197879552534069,
                -1.552313464105044
            ]
        },
        "box1": {
            "4.66 s to 5.45 s": [
                0.0010854923671828301,
                0.5085046202439512,
                -0.03267700118052928,
                1.2961026607593662
            ]
        },
        "obj1": {
            "1.89 s to 2.68 s": [
                -1.1382385026379271,
                -1.4672759588797513,
                -0.11626670265992647,
                -1.3090326970811417
            ],
            "4.37 s to 5.44 s": [
                0.02585939352736017,
                -1.1635483380732319,
                0.05529406782143575,
                1.4900195770787008
            ]
        }
    },
    "ego_interaction": {
        "0.34 s to 1.89 s": {
            "mode": "free",
            "start-end coordinates": [
                0.0017617662757978942,
                -1.4782877192435002,
                -0.7329646617141082,
                -1.5970385649718932
            ]
        },
        "1.89 s to 2.68 s": {
            "mode": "attached to obj1",
            "start-end coordinates": [
                -0.7329646617141082,
                -1.5970385649718932,
                0.17751369842993714,
                -1.3962202553631615
            ]
        },
        "2.68 s to 2.72 s": {
            "mode": "free",
            "start-end coordinates": [
                0.17751369842993714,
                -1.3962202553631615,
                0.2096314275747589,
                -1.3870328856150262
            ]
        },
        "3.46 s to 4.66 s": {
            "mode": "free",
            "start-end coordinates": [
                0.37876507445408797,
                -1.387637907407412,
                0.02081702782489612,
                -1.3997191588391895
            ]
        },
        "3.46 s to 4.37 s": {
            "mode": "free",
            "start-end coordinates": [
                0.37876507445408797,
                -1.387637907407412,
                0.035536343258941824,
                -1.5923902861067019
            ]
        },
        "4.37 s to 5.44 s": {
            "mode": "attached to obj1",
            "start-end coordinates": [
                0.035536343258941824,
                -1.5923902861067019,
                -0.02275122547869822,
                -1.5511083608643692
            ]
        },
        "4.66 s to 5.45 s": {
            "mode": "attached to box1",
            "start-end coordinates": [
                0.02081702782489612,
                -1.3997191588391895,
                -0.023925537837604708,
                -1.5509957932551508
            ]
        },
        "5.44 s to 5.06 s": {
            "mode": "free",
            "start-end coordinates": [
                -0.02275122547869822,
                -1.5511083608643692,
                0.010093135087956596,
                -1.553768472663079
            ]
        },
        "5.45 s to 5.06 s": {
            "mode": "free",
            "start-end coordinates": [
                -0.023925537837604708,
                -1.5509957932551508,
                0.010093135087956596,
                -1.553768472663079
            ]
        }
    }
}