{
    "moved_objects": [
        "ego",
        "obj1",
        "obj2"
    ],
    "interactions": {
        "ego": {
            "0.24 s to 3.45 s": [
                0.04480543157893668,
                -1.5413606301092475,
                -0.378862804185582,
                -1.5898723407768842
            ],
            "5.3 s to 6.74 s": [
                0.1744765100535276,
                -1.5009095677937572,
                -0.39085795929079425,
                -1.3808484464006985
            ]
        },
        "obj1": {
            "1.6 s to 3.45 s": [
                -0.9861473679538625,
                -1.4595118970143297,
                -1.2717019019024822,
                1.4231076938509362
            ]
        },
        "obj2": {
            "1.62 s to 3.45 s": [
                0.9542342231377234,
                -1.4796946594834455,
                0.7545164848536121,
                -0.9540331689308962
            ],
            "5.32 s to 6.74 s": [
                1.009447213915069,
                -1.0492944840864564,
                0.16643015673760028,
                -0.49304479536894297
            ]
        }
    },
    "ego_interaction": {
        "0.24 s to 1.6 s": {
            "mode": "free",
            "start-end coordinates": [
                0.04480543157893668,
                -1.5413606301092475,
                0.1766687550400802,
                -1.6674259904226523
            ]
        },
        "0.24 s to 1.62 s": {
            "mode": "free",
            "start-end coordinates": [
                0.04480543157893668,
                -1.5413606301092475,
                0.2589193501247872,
                -1.6396302639275078
            ]
        },
        "1.6 s to 3.45 s": {
            "mode": "attached to obj1",
            "start-end coordinates": [
                0.1766687550400802,
                -1.6674259904226523,
                -0.378862804185582,
                -1.5898723407768842
            ]
        },
        "1.62 s to 3.45 s": {
            "mode": "attached to obj2",
            "start-end coordinates": [
                0.2589193501247872,
                -1.6396302639275078,
                -0.378862804185582,
                -1.5898723407768842
            ]
        },
        "3.45 s to 3.45 s": {
            "mode": "free",
            "start-end coordinates": [
                -0.378862804185582,
                -1.5898723407768842,
                -0.378862804185582,
                -1.5898723407768842
            ]
        },
        "5.3 s to 5.32 s": {
            "mode": "free",
            "start-end coordinates": [
                0.1744765100535276,
                -1.5009095677937572,
                0.20262013697824807,
                -1.523547295724885
            ]
        },
        "5.32 s to 6.74 s": {
            "mode": "attached to obj2",
            "start-end coordinates": [
                0.20262013697824807,
                -1.523547295724885,
                -0.39085795929079425,
                -1.3808484464006985
            ]
        },
        "6.74 s to 6.74 s": {
            "mode": "free",
            "start-end coordinates": [
                -0.39085795929079425,
                -1.3808484464006985,
                -0.39085795929079425,
                -1.3808484464006985
            ]
        }
    }
}