{
    "moved_objects": [
        "box1",
        "obj1"
    ],
    "interactions": {
        "box1": {
            "4.66 s to 5.45 s": [
                0.0010854923671828301,
                0.5085046202439512,
                -0.03267700118052928,
                1.2961026607593662
            ]
        },
        "obj1": {
            "1.89 s to 2.68 s": [
                -1.1382385026379271,
                -1.4672759588797513,
                -0.11626670265992647,
                -1.3090326970811417
            ],
            "4.37 s to 5.44 s": [
                0.02585939352736017,
                -1.1635483380732319,
                0.05529406782143575,
                1.4900195770787008
            ]
        }
    },
    "ego_interaction": {}
}