{
    "moved_objects": [
        "obj1",
        "obj2"
    ],
    "interactions": {
        "obj1": {
            "11.57 s to 13.12 s": [
                -1.638064897731736,
                -1.5022848195277232,
                0.030077395810166222,
                -1.389687724872297
            ],
            "15.06 s to 17.0 s": [
                0.11810277217858568,
                -1.2277878871012753,
                1.3703713911921713,
                1.5976098251686948
            ]
        },
        "obj2": {
            "7.04 s to 9.21 s": [
                0.8359367983415646,
                -1.3806809601662666,
                1.186698155713502,
                -0.7636051801561738
            ],
            "16.24 s to 17.03 s": [
                1.538305327985647,
                -0.677099092961312,
                1.3037305836219208,
                -0.17239265566413434
            ],
            "17.55 s to 18.33 s": [
                1.2239367068744451,
                -0.20125330684332057,
                0.7330544174770587,
                0.3288211048366453
            ]
        }
    },
    "ego_interaction": {}
}