{
    "moved_objects": [
        "ego",
        "obj1",
        "obj1_a",
        "obj2",
        "obj3"
    ],
    "interactions": {
        "ego": {
            "0.54 s to 1.79 s": [
                0.9999338010420031,
                1.3904251040154896,
                -0.08758081575753619,
                0.21601653112985258
            ],
            "7.39 s to 8.46 s": [
                1.0319741730742709,
                -0.5287964584990892,
                -0.1625625808737593,
                0.6200629093567893
            ],
            "8.99 s to 10.63 s": [
                -0.23851753885267926,
                0.7640896993246176,
                0.20817188747787033,
                0.7822484846970811
            ],
            "11.41 s to 11.69 s": [
                0.2048105917931565,
                0.5701553447761895,
                0.05187065525499891,
                -0.16689501506797402
            ],
            "12.47 s to 12.85 s": [
                0.23077642336549078,
                -0.4891285991617787,
                0.7403353203322659,
                0.18680744965731447
            ],
            "17.78 s to 18.77 s": [
                0.5516076258806972,
                0.4431135310223955,
                0.08389008816186659,
                0.657607136104739
            ],
            "19.55 s to 22.15 s": [
                0.1803552721699067,
                0.5404452228529586,
                -0.8197064963753403,
                -0.30727031192769755
            ],
            "24.46 s to 25.65 s": [
                -0.6346134242154491,
                0.3400596330520847,
                -1.0676505127337563,
                0.16300241985772693
            ],
            "27.46 s to 28.33 s": [
                -0.8803439089036385,
                -0.10274848778042522,
                -0.8537165104097421,
                0.5369884876486116
            ]
        },
        "obj1": {
            "12.46 s to 13.51 s": [
                -1.0073571697127013,
                -1.1091213082258664,
                -0.5793461619664206,
                -0.04614676671730569
            ],
            "27.45 s to 28.2 s": [
                -0.6738474809547954,
                0.785502150259185,
                -0.5459240194251636,
                1.2503604637995567
            ]
        },
        "obj1_a": {
            "12.46 s to 13.51 s": [
                -0.7618524186300116,
                -1.2661809013121874,
                -0.3338411643749901,
                -0.2032059732596981
            ],
            "27.45 s to 28.17 s": [
                -0.44696205829974295,
                0.6447066119010957,
                -0.32388024157835427,
                1.1156730678232187
            ]
        },
        "obj2": {
            "20.64 s to 22.87 s": [
                0.8338806563647587,
                0.6697050147152075,
                -1.149367805280741,
                1.1599024903847024
            ]
        },
        "obj3": {
            "10.58 s to 17.31 s": [
                -0.23382714928002166,
                0.9924455573875579,
                -62.55715477161153,
                51.941737809998166
            ]
        }
    },
    "ego_interaction": {
        "8.99 s to 10.58 s": {
            "mode": "free",
            "start-end coordinates": [
                -0.23851753885267926,
                0.7640896993246176,
                0.40044624583159555,
                0.5679128151345628
            ]
        },
        "10.58 s to 17.31 s": {
            "mode": "attached to obj3",
            "start-end coordinates": [
                0.40044624583159555,
                0.5679128151345628,
                0.48933854183155684,
                0.43130658874462835
            ]
        },
        "11.41 s to 10.58 s": {
            "mode": "free",
            "start-end coordinates": [
                0.2048105917931565,
                0.5701553447761895,
                0.40044624583159555,
                0.5679128151345628
            ]
        },
        "12.46 s to 13.51 s": {
            "mode": "attached to obj1_a",
            "start-end coordinates": [
                0.2256352022360676,
                -0.5013419421428944,
                0.7536276896936703,
                0.5890749549768091
            ]
        },
        "12.47 s to 12.46 s": {
            "mode": "free",
            "start-end coordinates": [
                0.23077642336549078,
                -0.4891285991617787,
                0.2256352022360676,
                -0.5013419421428944
            ]
        },
        "12.47 s to 10.58 s": {
            "mode": "free",
            "start-end coordinates": [
                0.23077642336549078,
                -0.4891285991617787,
                0.40044624583159555,
                0.5679128151345628
            ]
        },
        "13.51 s to 12.85 s": {
            "mode": "free",
            "start-end coordinates": [
                0.7536276896936703,
                0.5890749549768091,
                0.7403353203322659,
                0.18680744965731447
            ]
        },
        "17.31 s to 10.63 s": {
            "mode": "free",
            "start-end coordinates": [
                0.48933854183155684,
                0.43130658874462835,
                0.20817188747787033,
                0.7822484846970811
            ]
        },
        "17.31 s to 11.69 s": {
            "mode": "free",
            "start-end coordinates": [
                0.48933854183155684,
                0.43130658874462835,
                0.05187065525499891,
                -0.16689501506797402
            ]
        },
        "17.31 s to 12.85 s": {
            "mode": "free",
            "start-end coordinates": [
                0.48933854183155684,
                0.43130658874462835,
                0.7403353203322659,
                0.18680744965731447
            ]
        },
        "19.55 s to 20.64 s": {
            "mode": "free",
            "start-end coordinates": [
                0.1803552721699067,
                0.5404452228529586,
                0.9667715273204172,
                -0.062156787095142024
            ]
        },
        "20.64 s to 22.87 s": {
            "mode": "attached to obj2",
            "start-end coordinates": [
                0.9667715273204172,
                -0.062156787095142024,
                -1.0223004525684445,
                0.24960068485135095
            ]
        },
        "22.87 s to 22.15 s": {
            "mode": "free",
            "start-end coordinates": [
                -1.0223004525684445,
                0.24960068485135095,
                -0.8197064963753403,
                -0.30727031192769755
            ]
        },
        "27.45 s to 28.2 s": {
            "mode": "attached to obj1",
            "start-end coordinates": [
                -0.8686757399180719,
                -0.10129794559463302,
                -0.7974011384467344,
                0.3337669209229414
            ]
        },
        "27.45 s to 28.17 s": {
            "mode": "attached to obj1_a",
            "start-end coordinates": [
                -0.8686757399180719,
                -0.10129794559463302,
                -0.798474199938906,
                0.3097192809248087
            ]
        },
        "27.46 s to 27.45 s": {
            "mode": "free",
            "start-end coordinates": [
                -0.8803439089036385,
                -0.10274848778042522,
                -0.8686757399180719,
                -0.10129794559463302
            ]
        },
        "28.17 s to 28.33 s": {
            "mode": "free",
            "start-end coordinates": [
                -0.798474199938906,
                0.3097192809248087,
                -0.8537165104097421,
                0.5369884876486116
            ]
        },
        "28.2 s to 28.33 s": {
            "mode": "free",