{
    "moved_objects": [
        "ego",
        "box1",
        "obj1",
        "obj1_a",
        "obj2",
        "obj3"
    ],
    "interactions": {
        "ego": {
            "0.0 s to 0.25 s": [
                -0.9221111040407053,
                -0.45149622290311575,
                0.6409799102377816,
                0.9458731639819755
            ],
            "0.95 s to 2.08 s": [
                0.8470916188838924,
                0.959244926227604,
                0.5160841454490601,
                0.11750397913002975
            ]
        },
        "box1": {
            "1.02 s to 2.08 s": [
                -1.06478175083947,
                1.4659086738088323,
                -1.0829838711599142,
                1.1459103231780836
            ]
        },
        "obj1": {
            "0.0 s to 0.25 s": [
                -1.189448171013216,
                -0.4639020859958746,
                -0.8511987087835413,
                -0.6576203235735808
            ],
            "0.95 s to 1.74 s": [
                -0.8288482620195542,
                -0.6842334463824872,
                -0.8107958409040175,
                -0.22201902503625032
            ]
        },
        "obj1_a": {
            "0.0 s to 0.25 s": [
                -1.0492263214297646,
                -0.4496654776762644,
                -0.6513169048100992,
                -0.7830997446964894
            ],
            "1.16 s to 2.02 s": [
                -0.473777870626185,
                -0.8510623859896873,
                -0.8879356430777141,
                -0.19079719623246522
            ]
        },
        "obj2": {
            "0.0 s to 0.24 s": [
                0.48887551096989135,
                0.7837547802971313,
                1.0468754930309432,
                0.9194094939973421
            ],
            "0.94 s to 2.08 s": [
                1.1677809380695812,
                0.9495748962375175,
                0.8778459230457711,
                0.19032127279063407
            ]
        },
        "obj3": {
            "0.0 s to 0.24 s": [
                -0.4269294536055876,
                0.10732665911433482,
                0.8163133053167976,
                0.9776704623886957
            ],
            "0.94 s to 2.08 s": [
                0.8210123106479681,
                0.9726966659911939,
                0.4803491977349372,
                0.9490977135794719
            ]
        }
    },
    "ego_interaction": {
        "0.0 s to 0.0 s": {
            "mode": "free",
            "start-end coordinates": [
                -0.9221111040407053,
                -0.45149622290311575,
                -0.9221111040407053,
                -0.45149622290311575
            ]
        },
        "0.0 s to 0.25 s": {
            "mode": "attached to obj1_a",
            "start-end coordinates": [
                -0.9221111040407053,
                -0.45149622290311575,
                0.6409799102377816,
                0.9458731639819755
            ]
        },
        "0.0 s to 0.24 s": {
            "mode": "attached to obj3",
            "start-end coordinates": [
                -0.9221111040407053,
                -0.45149622290311575,
                0.6712895931249608,
                0.8756901462613942
            ]
        },
        "0.24 s to 0.25 s": {
            "mode": "free",
            "start-end coordinates": [
                0.6712895931249608,
                0.8756901462613942,
                0.6409799102377816,
                0.9458731639819755
            ]
        },
        "0.25 s to 0.25 s": {
            "mode": "free",
            "start-end coordinates": [
                0.6409799102377816,
                0.9458731639819755,
                0.6409799102377816,
                0.9458731639819755
            ]
        },
        "0.94 s to 2.08 s": {
            "mode": "attached to obj3",
            "start-end coordinates": [
                0.8409832218936981,
                0.9766836318920011,
                0.5160841454490601,
                0.11750397913002975
            ]
        },
        "0.95 s to 1.02 s": {
            "mode": "free",
            "start-end coordinates": [
                0.8470916188838924,
                0.959244926227604,
                0.7731337403996339,
                0.8112751789901556
            ]
        },
        "0.95 s to 0.95 s": {
            "mode": "free",
            "start-end coordinates": [
                0.8470916188838924,
                0.959244926227604,
                0.8470916188838924,
                0.959244926227604
            ]
        },
        "0.95 s to 1.74 s": {
            "mode": "attached to obj1",
            "start-end coordinates": [
                0.8470916188838924,
                0.959244926227604,
                0.3201833339189779,
                0.21679010400187823
            ]
        },
        "0.95 s to 1.16 s": {
            "mode": "free",
            "start-end coordinates": [
                0.8470916188838924,
                0.959244926227604,
                0.680663621339202,
                0.3909878789583451
            ]
        },
        "0.95 s to 0.94 s": {
            "mode": "free",
            "start-end coordinates": [
                0.8470916188838924,
                0.959244926227604,
                0.8409832218936981,
                0.9766836318920011
            ]
        },
        "1.02 s to 2.08 s": {
            "mode": "attached to box1",
            "start-end coordinates": [
                0.7731337403996339,
                0.8112751789901556,
                0.5160841454490601,
                0.11750397913002975
            ]
        },
        "1.16 s to 2.02 s": {
            "mode": "attached to obj1_a",
            "start-end coordinates": [
                0.680663621339202,
                0.3909878789583451,
                0.11610922099018324,
                0.12891871356227766
            ]
        },
        "1.74 s to 2.08 s": {
            "mode": "free",
            "start-end coordinates": [
                0.3201833339189779,
                0.21679010400187823,
                0.5160841454490601,
                0.11750397913002975
            ]
        },
        "2.02 s to 2.08 s": {
            "mode": "free",
            "start-end coordinates": [
                0.11610922099018324,
                0.12891871356227766,
                0.5160841454490601,
                0.11750397913002975
            ]
        },
        "2.08 s to 2.08 s": {
            "mode": "free",
            "start-end coordinates": [
                0.5160841454490601,
                0.11750397913002975,
                0.5160841454490601,
                0.11750397913002975
            ]
        }
    }
}