{
    "moved_objects": [
        "ego",
        "box1",
        "obj1",
        "obj1_a",
        "obj2",
        "obj3"
    ],
    "interactions": {
        "ego": {
            "0.54 s to 1.79 s": [
                0.9999338010420031,
                1.3904251040154896,
                -0.08758081575753619,
                0.21601653112985258
            ],
            "5.14 s to 5.6 s": [
                0.4114102585897265,
                -0.21854256019616813,
                0.3768689294934947,
                -0.11927449483641457
            ],
            "7.39 s to 8.46 s": [
                1.0319741730742709,
                -0.5287964584990892,
                -0.1625625808737593,
                0.6200629093567893
            ],
            "8.99 s to 10.63 s": [
                -0.23851753885267926,
                0.7640896993246176,
                0.20817188747787033,
                0.7822484846970811
            ],
            "11.41 s to 11.69 s": [
                0.2048105917931565,
                0.5701553447761895,
                0.05187065525499891,
                -0.16689501506797402
            ],
            "12.47 s to 12.85 s": [
                0.23077642336549078,
                -0.4891285991617787,
                0.7403353203322659,
                0.18680744965731447
            ],
            "14.75 s to 14.89 s": [
                0.7317216709968634,
                0.6645556882766327,
                0.8443868707340003,
                0.4783463840884412
            ],
            "16.13 s to 16.36 s": [
                0.6389978602914983,
                0.4869128896869269,
                0.8206279210955126,
                0.49492772260197904
            ],
            "17.78 s to 18.77 s": [
                0.5516076258806972,
                0.4431135310223955,
                0.08389008816186659,
                0.657607136104739
            ],
            "19.55 s to 22.15 s": [
                0.1803552721699067,
                0.5404452228529586,
                -0.8197064963753403,
                -0.30727031192769755
            ],
            "22.7 s to 22.78 s": [
                -1.0154290380151878,
                -0.029371327109254323,
                -1.0179450622631256,
                0.12009031403278918
            ],
            "24.46 s to 25.65 s": [
                -0.6346134242154491,
                0.3400596330520847,
                -1.0676505127337563,
                0.16300241985772693
            ],
            "26.27 s to 26.92 s": [
                -1.0975177202889363,
                0.22750270446297374,
                -0.9280152812611954,
                0.006133458908001588
            ],
            "27.46 s to 28.33 s": [
                -0.8803439089036385,
                -0.10274848778042522,
                -0.8537165104097421,
                0.5369884876486116
            ]
        },
        "box1": {
            "20.9 s to 21.11 s": [
                -1.10585005680553,
                1.4504458791561194,
                -1.193147612453135,
                1.3909914447136587
            ]
        },
        "obj1": {
            "12.46 s to 13.51 s": [
                -1.0073571697127013,
                -1.1091213082258664,
                -0.5793461619664206,
                -0.04614676671730569
            ],
            "16.91 s to 17.29 s": [
                -0.6875870308123031,
                -0.04481241702037219,
                -0.7403532194109381,
                0.13355658994135575
            ],
            "18.71 s to 19.01 s": [
                -0.7473357646505399,
                0.1626579212621279,
                -0.8700496108821126,
                0.3603991353284593
            ],
            "20.83 s to 21.69 s": [
                -0.8442348731589152,
                0.37181237616995433,
                -0.7639263110757352,
                0.6285048712465637
            ],
            "27.45 s to 28.2 s": [
                -0.6738474809547954,
                0.785502150259185,
                -0.5459240194251636,
                1.2503604637995567
            ]
        },
        "obj1_a": {
            "12.46 s to 13.51 s": [
                -0.7618524186300116,
                -1.2661809013121874,
                -0.3338411643749901,
                -0.2032059732596981
            ],
            "15.24 s to 15.9 s": [
                -0.34072637115870297,
                -0.21041278759352122,
                -0.4749671052299681,
                -0.2215401767135872
            ],
            "16.89 s to 17.3 s": [
                -0.4994028215879081,
                -0.2576952844310235,
                -0.6782465124556455,
                -0.08082886652227575
            ],
            "18.7 s to 19.07 s": [
                -0.6743207903553619,
                -0.05874837242330182,
                -0.6132207123753661,
                0.22413561678922195
            ],
            "20.83 s to 21.69 s": [
                -0.5762577856962665,
                0.26575802746890775,
                -0.49698451453205217,
                0.5206350937469493
            ],
            "27.45 s to 28.17 s": [
                -0.44696205829974295,
                0.6447066119010957,
                -0.32388024157835427,
                1.1156730678232187
            ],
            "29.58 s to 29.8 s": [
                -0.3849276351714546,
                1.1742260551072448,
                -0.36138826851931316,
                1.3125914603765256
            ]
        },
        "obj2": {
            "0.54 s to 1.6 s": [
                1.3316971452879407,
                1.0492671153434416,
                1.184575220352696,
                0.8888863940754468
            ],
            "20.64 s to 22.87 s": [
                0.8338806563647587,
                0.6697050147152075,
                -1.149367805280741,
                1.1599024903847024
            ],
            "25.08 s to 25.57 s": [
                -0.9780273643803798,
                1.1421474426360205,
                -1.3240654936637695,
                1.307816126163693
            ],
            "26.25 s to 26.92 s": [
                -1.3868153126934595,
                1.377861913165465,
                -1.1543003090362907,
                1.3446751687861858
            ],
            "27.45 s to 27.54 s": [
                -1.1378078128600493,
                1.330951078276724,
                -1.3984084875404568,
                1.2249275700397169
            ]
        },
        "obj3": {
            "10.58 s to 17.31 s": [
                -0.23382714928002166,
                0.9924455573875579,
                -62.55715477161153,
                51.941737809998166
            ]
        }
    },
    "ego_interaction": {
        "0.54 s to 0.54 s": {
            "mode": "free",
            "start-end coordinates": [
                0.9999338010420031,
                1.3904251040154896,
                0.9999338010420031,
                1.3904251040154896
            ]
        },
        "0.54 s to 1.6 s": {
            "mode": "attached to obj2",
            "start-end coordinates": [
                0.9999338010420031,
                1.3904251040154896,
                0.10490669901297706,
                0.8035291366186187
            ]
        },
        "1.6 s to 1.79 s": {
            "mode": "free",
            "start-end coordinates": [
                0.10490669901297706,
                0.8035291366186187,
                -0.08758081575753619,
                0.21601653112985258
            ]
        },
        "8.99 s to 10.58 s": {
            "mode": "free",
            "start-end coordinates": [
                -0.23851753885267926,
                0.7640896993246176,
                0.40044624583159555,
                0.5679128151345628
            ]
        },
        "10.58 s to 17.31 s": {
            "mode": "attached to obj3",