{
    "moved_objects": [
        "ego",
        "box1",
        "obj1"
    ],
    "interactions": {
        "ego": {
            "3.39 s to 6.1 s": [
                1.1538216909263326,
                1.5439096216195791,
                1.3059835524594336,
                1.0922211933761643
            ],
            "8.9 s to 9.7 s": [
                1.1054742513858464,
                1.1090812386850066,
                1.6225762761495406,
                1.1295765253229026
            ],
            "12.01 s to 15.29 s": [
                0.8215844809115749,
                0.803352277066827,
                1.5529626729170645,
                1.074004005914946
            ],
            "18.75 s to 20.56 s": [
                1.0718020767572607,
                1.5487385709330108,
                0.9592295015686607,
                1.106247792370417
            ]
        },
        "box1": {
            "3.76 s to 5.7 s": [
                1.1620093794801418,
                1.2166222224268208,
                0.6535896730508874,
                1.3463509368034772
            ],
            "18.77 s to 20.56 s": [
                0.38123500615980277,
                1.052487185843491,
                0.2714931665760875,
                0.41317353585375277
            ]
        },
        "obj1": {
            "12.06 s to 13.36 s": [
                0.6315734829639207,
                1.2475766761238005,
                1.090134605615802,
                1.280566430176288
            ],
            "18.76 s to 20.56 s": [
                0.8818450956948023,
                1.0205839124380436,
                0.7853143346181113,
                0.3629012004753139
            ]
        }
    },
    "ego_interaction": {
        "3.39 s to 3.76 s": {
            "mode": "free",
            "start-end coordinates": [
                1.1538216909263326,
                1.5439096216195791,
                1.2854440483589475,
                1.159394240969131
            ]
        },
        "3.76 s to 5.7 s": {
            "mode": "attached to box1",
            "start-end coordinates": [
                1.2854440483589475,
                1.159394240969131,
                0.8959304409923247,
                1.4830777473886352
            ]
        },
        "5.7 s to 6.1 s": {
            "mode": "free",
            "start-end coordinates": [
                0.8959304409923247,
                1.4830777473886352,
                1.3059835524594336,
                1.0922211933761643
            ]
        },
        "12.01 s to 12.06 s": {
            "mode": "free",
            "start-end coordinates": [
                0.8215844809115749,
                0.803352277066827,
                0.7336871078428604,
                0.801308045280811
            ]
        },
        "12.06 s to 13.36 s": {
            "mode": "attached to obj1",
            "start-end coordinates": [
                0.7336871078428604,
                0.801308045280811,
                1.1707703066240556,
                1.0916385253215757
            ]
        },
        "13.36 s to 15.29 s": {
            "mode": "free",
            "start-end coordinates": [
                1.1707703066240556,
                1.0916385253215757,
                1.5529626729170645,
                1.074004005914946
            ]
        },
        "18.75 s to 18.77 s": {
            "mode": "free",
            "start-end coordinates": [
                1.0718020767572607,
                1.5487385709330108,
                1.0260291313091712,
                1.558783526317029
            ]
        },
        "18.75 s to 18.76 s": {
            "mode": "free",
            "start-end coordinates": [
                1.0718020767572607,
                1.5487385709330108,
                1.0562058055121517,
                1.550764211342112
            ]
        },
        "18.76 s to 20.56 s": {
            "mode": "attached to obj1",
            "start-end coordinates": [
                1.0562058055121517,
                1.550764211342112,
                0.9592295015686607,
                1.106247792370417
            ]
        },
        "18.77 s to 20.56 s": {
            "mode": "attached to box1",
            "start-end coordinates": [
                1.0260291313091712,
                1.558783526317029,
                0.9592295015686607,
                1.106247792370417
            ]
        },
        "20.56 s to 20.56 s": {
            "mode": "free",
            "start-end coordinates": [
                0.9592295015686607,
                1.106247792370417,
                0.9592295015686607,
                1.106247792370417
            ]
        }
    }
}