{
    "moved_objects": [
        "ego",
        "box1",
        "obj1"
    ],
    "interactions": {
        "ego": {
            "0.42 s to 0.59 s": [
                0.9502019706775252,
                1.4932221467802405,
                0.6786796174356191,
                1.5104474117699396
            ],
            "1.12 s to 1.76 s": [
                0.7741079289047081,
                1.303622211965979,
                0.6274382395479596,
                1.58150103329986
            ],
            "2.27 s to 2.55 s": [
                0.7890465597701253,
                1.6327820345747046,
                0.8644948419226132,
                1.0505593945291662
            ],
            "3.5 s to 4.64 s": [
                0.6055844119624108,
                1.3509889190901003,
                0.6929863477130521,
                1.4340000834664124
            ],
            "5.41 s to 5.91 s": [
                0.6717489346034392,
                1.3114719650678508,
                1.256239904218765,
                1.2283305923073626
            ],
            "6.64 s to 6.74 s": [
                1.3571341167111135,
                1.069162843754947,
                1.2707599104764693,
                0.9432658538938627
            ],
            "7.59 s to 7.74 s": [
                1.3652793017681837,
                1.0117812052058759,
                1.3635412696880667,
                1.2063032740888842
            ],
            "10.18 s to 13.93 s": [
                1.3928945925128455,
                1.0509204837192727,
                0.9106329741671837,
                1.0093338926307
            ],
            "14.7 s to 14.8 s": [
                0.8950692071394832,
                1.0826880171222082,
                0.8912937134988496,
                0.9034500078479356
            ]
        },
        "box1": {
            "6.62 s to 7.3 s": [
                1.5036230447411525,
                1.2282773557295137,
                1.5147380605211245,
                1.1253131248069868
            ],
            "9.73 s to 14.21 s": [
                1.3255500157878222,
                1.0773407917717035,
                -0.02822566672757441,
                0.07310476485216245
            ]
        },
        "obj1": {
            "1.51 s to 2.46 s": [
                1.0730094101770078,
                0.7166944681599976,
                0.6376401014224461,
                1.00103467680818
            ],
            "3.1 s to 3.26 s": [
                0.6502040462142243,
                1.1249861377499832,
                0.656570530541978,
                1.2072145840364261
            ],
            "4.4 s to 5.23 s": [
                0.6474777492217362,
                1.310867325330803,
                0.4719215613784541,
                1.3857916946169448
            ],
            "10.55 s to 11.25 s": [
                0.40530589226044555,
                1.4803308012497054,
                0.32055516266527645,
                1.4823223740625349
            ],
            "12.13 s to 14.39 s": [
                0.33928743363700486,
                1.3957510017312003,
                0.5783500201519929,
                0.9146884241050688
            ]
        }
    },
    "ego_interaction": {
        "1.12 s to 1.51 s": {
            "mode": "free",
            "start-end coordinates": [
                0.7741079289047081,
                1.303622211965979,
                0.9087097541391478,
                1.1581545335801342
            ]
        },
        "1.51 s to 2.46 s": {
            "mode": "attached to obj1",
            "start-end coordinates": [
                0.9087097541391478,
                1.1581545335801342,
                0.8544443579580838,
                1.2267649227643262
            ]
        },
        "2.27 s to 1.51 s": {
            "mode": "free",
            "start-end coordinates": [
                0.7890465597701253,
                1.6327820345747046,
                0.9087097541391478,
                1.1581545335801342
            ]
        },
        "2.46 s to 1.76 s": {
            "mode": "free",
            "start-end coordinates": [
                0.8544443579580838,
                1.2267649227643262,
                0.6274382395479596,
                1.58150103329986
            ]
        },
        "2.46 s to 2.55 s": {
            "mode": "free",
            "start-end coordinates": [
                0.8544443579580838,
                1.2267649227643262,
                0.8631027314140224,
                1.061358708882833
            ]
        },
        "3.5 s to 4.4 s": {
            "mode": "free",
            "start-end coordinates": [
                0.6055844119624108,
                1.3509889190901003,
                0.8437710984580513,
                1.5391051682928594
            ]
        },
        "4.4 s to 5.23 s": {
            "mode": "attached to obj1",
            "start-end coordinates": [
                0.8437710984580513,
                1.5391051682928594,
                0.6230641505469028,
                1.3285610542983544
            ]
        },
        "5.23 s to 4.64 s": {
            "mode": "free",
            "start-end coordinates": [
                0.6230641505469028,
                1.3285610542983544,
                0.7028175114695765,
                1.4397637898681814
            ]
        },
        "6.62 s to 7.3 s": {
            "mode": "attached to box1",
            "start-end coordinates": [
                1.367863181829151,
                1.0823621963755476,
                1.3471451319334014,
                0.8991244437905289
            ]
        },
        "6.64 s to 6.62 s": {
            "mode": "free",
            "start-end coordinates": [
                1.3571341167111135,
                1.069162843754947,
                1.367863181829151,
                1.0823621963755476
            ]
        },
        "7.3 s to 6.74 s": {
            "mode": "free",
            "start-end coordinates": [
                1.3471451319334014,
                0.8991244437905289,
                1.2707599104764693,
                0.9432658538938627
            ]
        },
        "9.73 s to 14.21 s": {
            "mode": "attached to box1",
            "start-end coordinates": [
                1.5534628302595725,
                1.3022063036461786,
                0.8761982276857245,
                1.0630684812836366
            ]
        },
        "10.18 s to 9.73 s": {
            "mode": "free",
            "start-end coordinates": [
                1.3928945925128455,
                1.0509204837192727,
                1.5534628302595725,
                1.3022063036461786
            ]
        },
        "10.18 s to 10.55 s": {
            "mode": "free",
            "start-end coordinates": [
                1.3928945925128455,
                1.0509204837192727,
                0.9886865480580151,
                0.8864116642130315
            ]
        },
        "10.18 s to 12.13 s": {
            "mode": "free",
            "start-end coordinates": [
                1.3928945925128455,
                1.0509204837192727,
                0.46597771615711076,
                0.7576864523388827
            ]
        },
        "10.55 s to 11.25 s": {
            "mode": "attached to obj1",
            "start-end coordinates": [
                0.9886865480580151,
                0.8864116642130315,
                1.028864500625617,
                1.149242677789958
            ]
        },
        "11.25 s to 13.93 s": {
            "mode": "free",
            "start-end coordinates": [
                1.028864500625617,
                1.149242677789958,
                0.9106329741671837,
                1.0093338926307
            ]
        },
        "12.13 s to 14.39 s": {
            "mode": "attached to obj1",