{
    "moved_objects": [
        "ego",
        "box1",
        "obj1"
    ],
    "interactions": {
        "ego": {
            "3.11 s to 6.46 s": [
                1.224236545984803,
                1.6757945390581102,
                0.7197656943182549,
                1.0334701495039207
            ],
            "8.08 s to 8.76 s": [
                0.6102346965634962,
                0.945871369074867,
                0.7097819922432859,
                0.9090139871434529
            ],
            "9.31 s to 10.26 s": [
                0.5368833916750558,
                0.8609725965580189,
                0.8227975778643677,
                1.0610641209203424
            ]
        },
        "box1": {
            "2.89 s to 4.27 s": [
                1.3948019173115846,
                1.1648321956833445,
                0.2946970681367952,
                0.4454493273311783
            ],
            "5.13 s to 6.42 s": [
                0.20567176505354673,
                0.3655955760989198,
                0.11478009191462366,
                0.2813562353821981
            ],
            "8.17 s to 10.18 s": [
                -0.15405976777734415,
                0.2526669293333691,
                -0.4301249491905511,
                0.3102485408933915
            ]
        },
        "obj1": {
            "3.41 s to 4.28 s": [
                0.9516210487519814,
                0.7287067059536614,
                1.0172901537669505,
                0.7918774914282405
            ],
            "5.12 s to 6.42 s": [
                1.0643470892079496,
                0.7822444337295988,
                0.7408383697020916,
                0.5107040314774371
            ],
            "8.1 s to 8.83 s": [
                0.5661375886107677,
                0.40546105993716686,
                0.42483330234320943,
                0.3280004182946778
            ]
        }
    },
    "ego_interaction": {
        "2.89 s to 4.27 s": {
            "mode": "attached to box1",
            "start-end coordinates": [
                1.3872926438839408,
                1.4866261099194527,
                0.4061454877642757,
                0.9246181656104205
            ]
        },
        "3.11 s to 2.89 s": {
            "mode": "free",
            "start-end coordinates": [
                1.224236545984803,
                1.6757945390581102,
                1.3872926438839408,
                1.4866261099194527
            ]
        },
        "3.11 s to 5.13 s": {
            "mode": "free",
            "start-end coordinates": [
                1.224236545984803,
                1.6757945390581102,
                0.4825321325286245,
                0.8595809149586834
            ]
        },
        "3.11 s to 3.41 s": {
            "mode": "free",
            "start-end coordinates": [
                1.224236545984803,
                1.6757945390581102,
                0.49764342924676,
                1.6177793639740772
            ]
        },
        "3.11 s to 5.12 s": {
            "mode": "free",
            "start-end coordinates": [
                1.224236545984803,
                1.6757945390581102,
                0.4444294547033321,
                0.8402185121707711
            ]
        },
        "3.41 s to 4.28 s": {
            "mode": "attached to obj1",
            "start-end coordinates": [
                0.49764342924676,
                1.6177793639740772,
                0.4013077770903731,
                0.8431481265953211
            ]
        },
        "4.27 s to 6.46 s": {
            "mode": "free",
            "start-end coordinates": [
                0.4061454877642757,
                0.9246181656104205,
                0.7197656943182549,
                1.0334701495039207
            ]
        },
        "4.28 s to 6.46 s": {
            "mode": "free",
            "start-end coordinates": [
                0.4013077770903731,
                0.8431481265953211,
                0.7197656943182549,
                1.0334701495039207
            ]
        },
        "5.12 s to 6.42 s": {
            "mode": "attached to obj1",
            "start-end coordinates": [
                0.4444294547033321,
                0.8402185121707711,
                0.7750731113511071,
                1.0404326000236486
            ]
        },
        "5.13 s to 6.42 s": {
            "mode": "attached to box1",
            "start-end coordinates": [
                0.4825321325286245,
                0.8595809149586834,
                0.7750731113511071,
                1.0404326000236486
            ]
        },
        "6.42 s to 6.46 s": {
            "mode": "free",
            "start-end coordinates": [
                0.7750731113511071,
                1.0404326000236486,
                0.7197656943182549,
                1.0334701495039207
            ]
        },
        "8.08 s to 8.17 s": {
            "mode": "free",
            "start-end coordinates": [
                0.6102346965634962,
                0.945871369074867,
                0.7734897116375168,
                1.0916028779920248
            ]
        },
        "8.08 s to 8.1 s": {
            "mode": "free",
            "start-end coordinates": [
                0.6102346965634962,
                0.945871369074867,
                0.6393190574141464,
                0.9605766114102581
            ]
        },
        "8.1 s to 8.83 s": {
            "mode": "attached to obj1",
            "start-end coordinates": [
                0.6393190574141464,
                0.9605766114102581,
                0.6613433419904514,
                0.8864026797075836
            ]
        },
        "8.17 s to 10.18 s": {
            "mode": "attached to box1",
            "start-end coordinates": [
                0.7734897116375168,
                1.0916028779920248,
                0.6932070206967501,
                0.9696345714085797
            ]
        },
        "8.83 s to 8.76 s": {
            "mode": "free",
            "start-end coordinates": [
                0.6613433419904514,
                0.8864026797075836,
                0.7097819922432859,
                0.9090139871434529
            ]
        },
        "9.31 s to 8.17 s": {
            "mode": "free",
            "start-end coordinates": [
                0.5368833916750558,
                0.8609725965580189,
                0.7734897116375168,
                1.0916028779920248
            ]
        },
        "10.18 s to 8.76 s": {
            "mode": "free",
            "start-end coordinates": [
                0.6932070206967501,
                0.9696345714085797,
                0.7097819922432859,
                0.9090139871434529
            ]
        },
        "10.18 s to 10.26 s": {
            "mode": "free",
            "start-end coordinates": [
                0.6932070206967501,
                0.9696345714085797,
                0.8227975778643677,
                1.0610641209203424
            ]
        }
    }
}