{
    "moved_objects": [
        "ego",
        "box1",
        "obj1"
    ],
    "interactions": {
        "ego": {
            "2.27 s to 2.55 s": [
                0.7890465597701253,
                1.6327820345747046,
                0.8644948419226132,
                1.0505593945291662
            ],
            "5.41 s to 5.91 s": [
                0.6717489346034392,
                1.3114719650678508,
                1.256239904218765,
                1.2283305923073626
            ],
            "10.18 s to 13.93 s": [
                1.3928945925128455,
                1.0509204837192727,
                0.9106329741671837,
                1.0093338926307
            ]
        },
        "box1": {
            "9.73 s to 14.21 s": [
                1.3255500157878222,
                1.0773407917717035,
                -0.02822566672757441,
                0.07310476485216245
            ]
        },
        "obj1": {
            "1.51 s to 2.46 s": [
                1.0730094101770078,
                0.7166944681599976,
                0.6376401014224461,
                1.00103467680818
            ],
            "12.13 s to 14.39 s": [
                0.33928743363700486,
                1.3957510017312003,
                0.5783500201519929,
                0.9146884241050688
            ]
        }
    },
    "ego_interaction": {
        "1.51 s to 2.46 s": {
            "mode": "attached to obj1",
            "start-end coordinates": [
                0.9087097541391478,
                1.1581545335801342,
                0.8544443579580838,
                1.2267649227643262
            ]
        },
        "2.27 s to 1.51 s": {
            "mode": "free",
            "start-end coordinates": [
                0.7890465597701253,
                1.6327820345747046,
                0.9087097541391478,
                1.1581545335801342
            ]
        },
        "2.46 s to 2.55 s": {
            "mode": "free",
            "start-end coordinates": [
                0.8544443579580838,
                1.2267649227643262,
                0.8631027314140224,
                1.061358708882833
            ]
        },
        "9.73 s to 14.21 s": {
            "mode": "attached to box1",
            "start-end coordinates": [
                1.5534628302595725,
                1.3022063036461786,
                0.8761982276857245,
                1.0630684812836366
            ]
        },
        "10.18 s to 9.73 s": {
            "mode": "free",
            "start-end coordinates": [
                1.3928945925128455,
                1.0509204837192727,
                1.5534628302595725,
                1.3022063036461786
            ]
        },
        "10.18 s to 12.13 s": {
            "mode": "free",
            "start-end coordinates": [
                1.3928945925128455,
                1.0509204837192727,
                0.46597771615711076,
                0.7576864523388827
            ]
        },
        "12.13 s to 14.39 s": {
            "mode": "attached to obj1",
            "start-end coordinates": [
                0.46597771615711076,
                0.7576864523388827,
                0.8853940053335255,
                1.1042620463518764
            ]
        },
        "14.21 s to 13.93 s": {
            "mode": "free",
            "start-end coordinates": [
                0.8761982276857245,
                1.0630684812836366,
                0.9106329741671837,
                1.0093338926307
            ]
        },
        "14.39 s to 13.93 s": {
            "mode": "free",
            "start-end coordinates": [
                0.8853940053335255,
                1.1042620463518764,
                0.9106329741671837,
                1.0093338926307
            ]
        }
    }
}