{
    "moved_objects": [
        "ego",
        "box1"
    ],
    "interactions": {
        "ego": {
            "0.88 s to 1.36 s": [
                0.08446979574639782,
                -0.07803325454178217,
                1.3290715245040141,
                -0.9182453219797293
            ],
            "2.28 s to 4.05 s": [
                1.4249491013869173,
                -0.7888376334281648,
                -1.2978506928818612,
                1.0569844313251697
            ]
        },
        "box1": {
            "2.27 s to 4.08 s": [
                1.4517917191018919,
                -0.49520153087444846,
                -1.2919959689362426,
                1.438418861992357
            ]
        }
    },
    "ego_interaction": {
        "2.27 s to 4.08 s": {
            "mode": "attached to box1",
            "start-end coordinates": [
                1.438610306807263,
                -0.7885802277180856,
                -1.2994946148387851,
                1.097566912681624
            ]
        },
        "2.28 s to 2.27 s": {
            "mode": "free",
            "start-end coordinates": [
                1.438610306807263,
                -0.7885802277180856,
                1.438610306807263,
                -0.7885802277180856
            ]
        },
        "4.08 s to 4.05 s": {
            "mode": "free",
            "start-end coordinates": [
                -1.2994946148387851,
                1.097566912681624,
                -1.2978506928818612,
                1.0569844313251697
            ]
        }
    }
}