{
    "moved_objects": [
        "ego",
        "box1"
    ],
    "interactions": {
        "ego": {
            "2.59 s to 3.3 s": [
                0.1534835935500426,
                -0.09998451024520345,
                1.3014676267282923,
                -0.8015967834461009
            ],
            "4.49 s to 5.13 s": [
                1.316712199949732,
                -0.501667665043512,
                0.2392813078718623,
                0.6040282532395533
            ],
            "5.91 s to 9.38 s": [
                0.29531658827250157,
                0.5676968393804828,
                -1.277950839132776,
                0.5218224682820679
            ],
            "10.17 s to 10.35 s": [
                -1.3335107335627647,
                0.6630502013903428,
                -1.2853672041045743,
                0.9956904756603793
            ]
        },
        "box1": {
            "4.28 s to 5.18 s": [
                1.4591833361421929,
                -0.46459751227953916,
                0.23912229992765507,
                0.793031913249119
            ],
            "6.24 s to 9.42 s": [
                0.20036852709556607,
                0.7782208675486059,
                -1.2264970635318786,
                0.8119953679626859
            ],
            "10.13 s to 10.42 s": [
                -1.2679400530538376,
                0.9277959793693716,
                -1.2723028295439107,
                1.390883744493889
            ]
        }
    },
    "ego_interaction": {
        "4.28 s to 5.18 s": {
            "mode": "attached to box1",
            "start-end coordinates": [
                1.3721027981161154,
                -0.6253229040879451,
                0.19543895150141116,
                0.6122360596892973
            ]
        },
        "4.49 s to 4.28 s": {
            "mode": "free",
            "start-end coordinates": [
                1.316712199949732,
                -0.501667665043512,
                1.3721027981161154,
                -0.6253229040879451
            ]
        },
        "5.18 s to 5.13 s": {
            "mode": "free",
            "start-end coordinates": [
                0.19543895150141116,
                0.6122360596892973,
                0.2392813078718623,
                0.6040282532395533
            ]
        },
        "5.91 s to 6.24 s": {
            "mode": "free",
            "start-end coordinates": [
                0.29531658827250157,
                0.5676968393804828,
                0.4100335055597684,
                0.8247870014320171
            ]
        },
        "6.24 s to 9.42 s": {
            "mode": "attached to box1",
            "start-end coordinates": [
                0.4100335055597684,
                0.8247870014320171,
                -1.2737987902089207,
                0.48649589387665004
            ]
        },
        "9.42 s to 9.38 s": {
            "mode": "free",
            "start-end coordinates": [
                -1.2737987902089207,
                0.48649589387665004,
                -1.277950839132776,
                0.5218224682820679
            ]
        },
        "10.13 s to 10.42 s": {
            "mode": "attached to box1",
            "start-end coordinates": [
                -1.338218110627154,
                0.6209776796937163,
                -1.2879093683953386,
                1.06715557009186
            ]
        },
        "10.17 s to 10.13 s": {
            "mode": "free",
            "start-end coordinates": [
                -1.3335107335627647,
                0.6630502013903428,
                -1.338218110627154,
                0.6209776796937163
            ]
        },
        "10.42 s to 10.35 s": {
            "mode": "free",
            "start-end coordinates": [
                -1.2879093683953386,
                1.06715557009186,
                -1.2853672041045743,
                0.9956904756603793
            ]
        }
    }
}