{
    "moved_objects": [
        "ego",
        "box1",
        "obj2"
    ],
    "interactions": {
        "ego": {
            "0.52 s to 2.37 s": [
                0.002600805269557723,
                0.03421417569913565,
                -1.1608658727839314,
                -1.3199880434197364
            ],
            "4.02 s to 5.84 s": [
                -1.1058195321085362,
                -0.8622698441357243,
                -0.8914036368488583,
                -1.4385666791589358
            ],
            "8.92 s to 9.14 s": [
                -1.1830871655401236,
                -0.8525952239802086,
                -1.199501465564177,
                -1.5121731040400792
            ],
            "9.65 s to 10.19 s": [
                -1.1753640974879533,
                -1.4720729510520176,
                -1.1807650684136843,
                -0.7584787906380603
            ]
        },
        "box1": {
            "0.87 s to 1.92 s": [
                0.4975497044097552,
                -0.49939628805783665,
                -1.1956151414071954,
                -0.8441731694322151
            ],
            "2.74 s to 3.19 s": [
                -1.1732628755404138,
                -0.6951032776815084,
                -1.1646572060133118,
                -0.2548298650680544
            ],
            "9.53 s to 10.29 s": [
                -1.181509665862813,
                -0.21067643627617794,
                -1.160418314983119,
                0.8086570826589651
            ]
        },
        "obj2": {
            "4.79 s to 6.05 s": [
                1.4690119164422115,
                -0.5514136275828487,
                -1.0966719410710761,
                -1.2336461721725243
            ],
            "9.54 s to 10.28 s": [
                -1.1841526876072415,
                -1.096162059574543,
                -1.1637148065642653,
                -0.08688951934485346
            ]
        }
    },
    "ego_interaction": {
        "0.52 s to 0.87 s": {
            "mode": "free",
            "start-end coordinates": [
                0.002600805269557723,
                0.03421417569913565,
                0.2531463654308889,
                -0.09943746773483231
            ]
        },
        "0.87 s to 1.92 s": {
            "mode": "attached to box1",
            "start-end coordinates": [
                0.2531463654308889,
                -0.09943746773483231,
                -1.2604950660729575,
                -0.8864136095829056
            ]
        },
        "1.92 s to 2.37 s": {
            "mode": "free",
            "start-end coordinates": [
                -1.2604950660729575,
                -0.8864136095829056,
                -1.1608658727839314,
                -1.3199880434197364
            ]
        },
        "4.02 s to 4.79 s": {
            "mode": "free",
            "start-end coordinates": [
                -1.1154356891041874,
                -0.8523355141887633,
                1.4185990995619855,
                -1.05196361811347
            ]
        },
        "4.79 s to 6.05 s": {
            "mode": "attached to obj2",
            "start-end coordinates": [
                1.4185990995619855,
                -1.05196361811347,
                -1.1506676731662213,
                -1.4481938788369948
            ]
        },
        "6.05 s to 5.84 s": {
            "mode": "free",
            "start-end coordinates": [
                -1.1506676731662213,
                -1.4481938788369948,
                -0.8914036368488583,
                -1.4385666791589358
            ]
        },
        "9.53 s to 10.29 s": {
            "mode": "attached to box1",
            "start-end coordinates": [
                -1.1884554580650157,
                -1.6089043702166523,
                -1.1789352974419032,
                -0.6554164473303145
            ]
        },
        "9.54 s to 10.28 s": {
            "mode": "attached to obj2",
            "start-end coordinates": [
                -1.1880756559437704,
                -1.6044931259614819,
                -1.1789125128005025,
                -0.6606362913108699
            ]
        },
        "9.65 s to 9.53 s": {
            "mode": "free",
            "start-end coordinates": [
                -1.1753640974879533,
                -1.4720729510520176,
                -1.1884554580650157,
                -1.6089043702166523
            ]
        },
        "9.65 s to 9.54 s": {
            "mode": "free",
            "start-end coordinates": [
                -1.1753640974879533,
                -1.4720729510520176,
                -1.1880756559437704,
                -1.6044931259614819
            ]
        },
        "10.28 s to 10.19 s": {
            "mode": "free",
            "start-end coordinates": [
                -1.1789125128005025,
                -0.6606362913108699,
                -1.1807650684136843,
                -0.7584787906380603
            ]
        },
        "10.29 s to 10.19 s": {
            "mode": "free",
            "start-end coordinates": [
                -1.1789352974419032,
                -0.6554164473303145,
                -1.1807650684136843,
                -0.7584787906380603
            ]
        }
    }
}