{
    "moved_objects": [
        "ego",
        "box1",
        "obj1",
        "obj2"
    ],
    "interactions": {
        "ego": {
            "0.49 s to 1.24 s": [
                0.08321898532594538,
                0.016340716193917026,
                -1.0500921728063002,
                -1.0375349277924946
            ],
            "8.64 s to 9.84 s": [
                -1.0214256146163176,
                -0.9159115097025194,
                -1.2771932535572077,
                -1.4805569668676373
            ]
        },
        "box1": {
            "0.78 s to 1.45 s": [
                0.49007067962854584,
                -0.4960831180423511,
                -1.1271384519041812,
                -0.9706043635542312
            ],
            "11.93 s to 12.84 s": [
                -1.1815412231009268,
                0.16800576281012014,
                -1.1785397303954863,
                1.2275623873266872
            ]
        },
        "obj1": {
            "4.82 s to 5.53 s": [
                0.9534686304058541,
                -0.490485664524546,
                -1.1027675910458128,
                -1.1302411567693258
            ],
            "11.93 s to 12.84 s": [
                -1.1847710400361917,
                -0.503315596286297,
                -1.1762375061502157,
                0.5519822083815665
            ]
        },
        "obj2": {
            "8.78 s to 9.98 s": [
                1.3833910257437163,
                -0.5841230361407542,
                -1.1686491598648119,
                -1.2721782946422522
            ],
            "11.89 s to 12.84 s": [
                -1.1962012518887621,
                -1.1397406189305168,
                -1.183995595846279,
                -0.09740534407266778
            ]
        }
    },
    "ego_interaction": {
        "0.49 s to 0.78 s": {
            "mode": "free",
            "start-end coordinates": [
                0.08321898532594538,
                0.016340716193917026,
                0.4743713791839095,
                -0.7586578673351335
            ]
        },
        "0.78 s to 1.45 s": {
            "mode": "attached to box1",
            "start-end coordinates": [
                0.4743713791839095,
                -0.7586578673351335,
                -1.2418130846952369,
                -0.9058235284795184
            ]
        },
        "1.45 s to 1.24 s": {
            "mode": "free",
            "start-end coordinates": [
                -1.2418130846952369,
                -0.9058235284795184,
                -1.0500921728063002,
                -1.0375349277924946
            ]
        },
        "8.64 s to 8.78 s": {
            "mode": "free",
            "start-end coordinates": [
                -1.0214256146163176,
                -0.9159115097025194,
                -0.3942890434792002,
                -1.0254768776639729
            ]
        },
        "8.78 s to 9.98 s": {
            "mode": "attached to obj2",
            "start-end coordinates": [
                -0.3942890434792002,
                -1.0254768776639729,
                -1.3607015922880472,
                -1.3968962028426257
            ]
        },
        "9.98 s to 9.84 s": {
            "mode": "free",
            "start-end coordinates": [
                -1.3607015922880472,
                -1.3968962028426257,
                -1.2771932535572077,
                -1.4805569668676373
            ]
        }
    }
}