{
    "moved_objects": [
        "ego",
        "box1",
        "obj1",
        "obj2"
    ],
    "interactions": {
        "ego": {
            "0.49 s to 1.24 s": [
                0.08321898532594538,
                0.016340716193917026,
                -1.0500921728063002,
                -1.0375349277924946
            ],
            "4.11 s to 5.52 s": [
                -1.1497075288303433,
                -0.9935766944471253,
                -1.1918664843060143,
                -1.2752079211833278
            ],
            "6.53 s to 6.67 s": [
                -1.2864147720838475,
                -1.1391894305733203,
                -1.1600116058680146,
                -1.1418278179888524
            ],
            "7.51 s to 7.61 s": [
                -1.144114668009414,
                -0.972878189617205,
                -1.0502488670005743,
                -0.9285874090854127
            ],
            "8.64 s to 9.84 s": [
                -1.0214256146163176,
                -0.9159115097025194,
                -1.2771932535572077,
                -1.4805569668676373
            ],
            "11.57 s to 12.74 s": [
                -1.380737260868931,
                -0.7884649599214931,
                -1.0970350907336919,
                -0.9427872224407471
            ]
        },
        "box1": {
            "0.78 s to 1.45 s": [
                0.49007067962854584,
                -0.4960831180423511,
                -1.1271384519041812,
                -0.9706043635542312
            ],
            "2.64 s to 3.27 s": [
                -1.1631152194371035,
                -0.7675197935313104,
                -1.1640719078487327,
                -0.38963746025863655
            ],
            "7.51 s to 8.2 s": [
                -1.1887861470399543,
                -0.15262338481270932,
                -1.191626665045333,
                0.12126063868968913
            ],
            "11.93 s to 12.84 s": [
                -1.1815412231009268,
                0.16800576281012014,
                -1.1785397303954863,
                1.2275623873266872
            ]
        },
        "obj1": {
            "4.82 s to 5.53 s": [
                0.9534686304058541,
                -0.490485664524546,
                -1.1027675910458128,
                -1.1302411567693258
            ],
            "7.51 s to 8.18 s": [
                -1.1653923008668707,
                -0.8151485143646735,
                -1.165053728116374,
                -0.5527146316614794
            ],
            "11.93 s to 12.84 s": [
                -1.1847710400361917,
                -0.503315596286297,
                -1.1762375061502157,
                0.5519822083815665
            ]
        },
        "obj2": {
            "8.78 s to 9.98 s": [
                1.3833910257437163,
                -0.5841230361407542,
                -1.1686491598648119,
                -1.2721782946422522
            ],
            "11.89 s to 12.84 s": [
                -1.1962012518887621,
                -1.1397406189305168,
                -1.183995595846279,
                -0.09740534407266778
            ]
        }
    },
    "ego_interaction": {
        "0.49 s to 0.78 s": {
            "mode": "free",
            "start-end coordinates": [
                0.08321898532594538,
                0.016340716193917026,
                0.4743713791839095,
                -0.7586578673351335
            ]
        },
        "0.78 s to 1.45 s": {
            "mode": "attached to box1",
            "start-end coordinates": [
                0.4743713791839095,
                -0.7586578673351335,
                -1.2418130846952369,
                -0.9058235284795184
            ]
        },
        "1.45 s to 1.24 s": {
            "mode": "free",
            "start-end coordinates": [
                -1.2418130846952369,
                -0.9058235284795184,
                -1.0500921728063002,
                -1.0375349277924946
            ]
        },
        "4.11 s to 4.82 s": {
            "mode": "free",
            "start-end coordinates": [
                -1.1497075288303433,
                -0.9935766944471253,
                0.7617458317798173,
                -0.6898255313315087
            ]
        },
        "4.82 s to 5.53 s": {
            "mode": "attached to obj1",
            "start-end coordinates": [
                0.7617458317798173,
                -0.6898255313315087,
                -1.1962467806710735,
                -1.269485122447389
            ]
        },
        "5.53 s to 5.52 s": {
            "mode": "free",
            "start-end coordinates": [
                -1.1962467806710735,
                -1.269485122447389,
                -1.1918664843060143,
                -1.2752079211833278
            ]
        },
        "7.51 s to 7.51 s": {
            "mode": "free",
            "start-end coordinates": [
                -1.144114668009414,
                -0.972878189617205,
                -1.144114668009414,
                -0.972878189617205
            ]
        },
        "7.51 s to 8.2 s": {
            "mode": "attached to box1",
            "start-end coordinates": [
                -1.144114668009414,
                -0.972878189617205,
                -1.108105129024804,
                -0.802540187897264
            ]
        },
        "7.51 s to 8.18 s": {
            "mode": "attached to obj1",
            "start-end coordinates": [
                -1.144114668009414,
                -0.972878189617205,
                -1.1119874446040527,
                -0.8039420970002439
            ]
        },
        "8.18 s to 7.61 s": {
            "mode": "free",
            "start-end coordinates": [
                -1.1119874446040527,
                -0.8039420970002439,
                -1.0502488670005743,
                -0.9285874090854127
            ]
        },
        "8.2 s to 7.61 s": {
            "mode": "free",
            "start-end coordinates": [
                -1.108105129024804,
                -0.802540187897264,
                -1.0502488670005743,
                -0.9285874090854127
            ]
        },
        "8.64 s to 8.78 s": {
            "mode": "free",
            "start-end coordinates": [
                -1.0214256146163176,
                -0.9159115097025194,
                -0.3942890434792002,
                -1.0254768776639729
            ]
        },
        "8.78 s to 9.98 s": {
            "mode": "attached to obj2",
            "start-end coordinates": [
                -0.3942890434792002,
                -1.0254768776639729,
                -1.3607015922880472,
                -1.3968962028426257
            ]
        },
        "9.98 s to 9.84 s": {
            "mode": "free",
            "start-end coordinates": [
                -1.3607015922880472,
                -1.3968962028426257,
                -1.2771932535572077,
                -1.4805569668676373
            ]
        },
        "11.57 s to 11.93 s": {
            "mode": "free",
            "start-end coordinates": [
                -1.380737260868931,
                -0.7884649599214931,
                -1.3044188946606332,
                -1.6091448407474516
            ]
        },
        "11.57 s to 11.89 s": {
            "mode": "free",
            "start-end coordinates": [
                -1.380737260868931,
                -0.7884649599214931,
                -1.294218633206573,
                -1.6005928077411589
            ]
        },
        "11.89 s to 12.84 s": {
            "mode": "attached to obj2",
            "start-end coordinates": [
                -1.294218633206573,
                -1.6005928077411589,
                -0.9826855136458892,
                -1.0406440008158042
            ]
        },
        "11.93 s to 12.84 s": {
            "mode": "attached to obj1",