{
    "moved_objects": [
        "ego",
        "box1",
        "obj1"
    ],
    "interactions": {
        "ego": {
            "0.76 s to 2.23 s": [
                0.14433033617918717,
                0.031630948750961535,
                0.42958088854267196,
                -0.6191700476088103
            ],
            "2.79 s to 7.33 s": [
                0.3596393509735665,
                -0.5710308047521103,
                0.1476343803381771,
                0.5469785902294029
            ],
            "11.66 s to 12.56 s": [
                -1.2393813042849624,
                1.142835463175898,
                -1.592694444132692,
                1.4331021600603184
            ]
        },
        "box1": {
            "2.67 s to 5.63 s": [
                0.47122851726815784,
                -0.5510902495778912,
                -1.1949908008402965,
                0.023099539357446044
            ],
            "11.46 s to 12.19 s": [
                -1.1977154808554145,
                0.38838525148210806,
                -1.304581353906031,
                1.1135816518135115
            ]
        },
        "obj1": {
            "6.42 s to 7.02 s": [
                0.9996791930717088,
                -0.5002787538032174,
                0.8510339336327469,
                -0.5061377849609344
            ],
            "11.04 s to 12.59 s": [
                0.841107796433124,
                -0.50654676733598,
                0.9298732383420076,
                -0.5028894028926183
            ]
        }
    },
    "ego_interaction": {
        "2.67 s to 5.63 s": {
            "mode": "attached to box1",
            "start-end coordinates": [
                0.44709333632358006,
                -0.46864861156843984,
                -1.1776568253037785,
                -0.641240778990276
            ]
        },
        "2.79 s to 2.67 s": {
            "mode": "free",
            "start-end coordinates": [
                0.3596393509735665,
                -0.5710308047521103,
                0.44709333632358006,
                -0.46864861156843984
            ]
        },
        "2.79 s to 6.42 s": {
            "mode": "free",
            "start-end coordinates": [
                0.3596393509735665,
                -0.5710308047521103,
                -0.9333551856056739,
                -0.7016564730606518
            ]
        },
        "5.63 s to 7.33 s": {
            "mode": "free",
            "start-end coordinates": [
                -1.1776568253037785,
                -0.641240778990276,
                0.1476343803381771,
                0.5469785902294029
            ]
        },
        "6.42 s to 7.02 s": {
            "mode": "attached to obj1",
            "start-end coordinates": [
                -0.9333551856056739,
                -0.7016564730606518,
                -0.20117533644284447,
                -0.0010513456157748222
            ]
        },
        "7.02 s to 7.33 s": {
            "mode": "free",
            "start-end coordinates": [
                -0.20117533644284447,
                -0.0010513456157748222,
                0.1476343803381771,
                0.5469785902294029
            ]
        },
        "11.04 s to 12.59 s": {
            "mode": "attached to obj1",
            "start-end coordinates": [
                -1.2490459832624636,
                1.0389558892831865,
                -1.5736936661753544,
                1.4373442881000276
            ]
        },
        "11.46 s to 12.19 s": {
            "mode": "attached to box1",
            "start-end coordinates": [
                -1.25538119701785,
                0.9744210019382715,
                -1.4043496499523735,
                1.7287788110012863
            ]
        },
        "11.66 s to 11.46 s": {
            "mode": "free",
            "start-end coordinates": [
                -1.2393813042849624,
                1.142835463175898,
                -1.25538119701785,
                0.9744210019382715
            ]
        },
        "11.66 s to 11.04 s": {
            "mode": "free",
            "start-end coordinates": [
                -1.2393813042849624,
                1.142835463175898,
                -1.2490459832624636,
                1.0389558892831865
            ]
        },
        "12.19 s to 12.56 s": {
            "mode": "free",
            "start-end coordinates": [
                -1.4043496499523735,
                1.7287788110012863,
                -1.592694444132692,
                1.4331021600603184
            ]
        },
        "12.59 s to 12.56 s": {
            "mode": "free",
            "start-end coordinates": [
                -1.5736936661753544,
                1.4373442881000276,
                -1.592694444132692,
                1.4331021600603184
            ]
        }
    }
}