{
    "moved_objects": [
        "ego",
        "box1",
        "box2",
        "obj1",
        "obj2",
        "obj3",
        "obj4"
    ],
    "interactions": {
        "ego": {
            "0.0 s to 2.33 s": [
                0.8956890294014758,
                1.4836486280829206,
                -0.7366194314952523,
                1.0405079552189989
            ],
            "3.48 s to 5.06 s": [
                -0.5649250673893415,
                0.8849414012555885,
                -0.9623295362746688,
                1.0849565194046964
            ],
            "11.5 s to 12.47 s": [
                -0.9856488934076467,
                1.2161560068787116,
                0.11134461372195546,
                1.1554316675482692
            ],
            "13.11 s to 14.15 s": [
                0.483045239668986,
                1.2158540461345733,
                -0.6743673759659319,
                1.2805208752361907
            ],
            "14.75 s to 16.07 s": [
                -0.533358752842379,
                1.2099066065445976,
                0.572457242086854,
                1.3671436030794777
            ]
        },
        "box1": {
            "1.84 s to 2.93 s": [
                -1.0180617676340118,
                1.2017056939634183,
                -0.809428321011106,
                0.6519765503802954
            ],
            "8.07 s to 8.65 s": [
                -0.6310284044471215,
                0.47155516503232814,
                -0.6218112018093922,
                -0.002164985471413589
            ]
        },
        "box2": {
            "10.58 s to 12.43 s": [
                -1.3967715945665056,
                0.9438176371072804,
                -0.7676467739619477,
                0.3359981647980395
            ]
        },
        "obj1": {
            "3.83 s to 4.5 s": [
                -0.028209166701861858,
                1.0131992944231756,
                -0.6771969521384174,
                1.206824741317155
            ],
            "7.93 s to 8.65 s": [
                -0.653456452299062,
                1.2230669654287432,
                -0.6935327437701411,
                0.6823445197249739
            ]
        },
        "obj2": {
            "22.77 s to 23.08 s": [
                -0.18618223094650385,
                0.5850822960814552,
                -0.3925755706587245,
                0.20305843006700253
            ]
        },
        "obj3": {
            "13.12 s to 14.15 s": [
                0.9395795575867292,
                1.061599045585831,
                -0.1998637326822521,
                1.157858527600423
            ]
        },
        "obj4": {
            "15.79 s to 16.54 s": [
                1.1126350256633148,
                0.8937586848015193,
                0.46859559061587697,
                1.0510389686902826
            ]
        }
    },
    "ego_interaction": {
        "0.0 s to 1.84 s": {
            "mode": "free",
            "start-end coordinates": [
                0.8956890294014758,
                1.4836486280829206,
                -0.9106949339213222,
                1.5282037904329189
            ]
        },
        "1.84 s to 2.93 s": {
            "mode": "attached to box1",
            "start-end coordinates": [
                -0.9106949339213222,
                1.5282037904329189,
                -0.690745222530517,
                0.9914755185900418
            ]
        },
        "2.93 s to 2.33 s": {
            "mode": "free",
            "start-end coordinates": [
                -0.690745222530517,
                0.9914755185900418,
                -0.7366194314952523,
                1.0405079552189989
            ]
        },
        "3.48 s to 3.83 s": {
            "mode": "free",
            "start-end coordinates": [
                -0.5649250673893415,
                0.8849414012555885,
                -0.052885975571573374,
                1.3709342830073659
            ]
        },
        "3.83 s to 4.5 s": {
            "mode": "attached to obj1",
            "start-end coordinates": [
                -0.052885975571573374,
                1.3709342830073659,
                -1.022640118099057,
                1.282863290332866
            ]
        },
        "4.5 s to 5.06 s": {
            "mode": "free",
            "start-end coordinates": [
                -1.022640118099057,
                1.282863290332866,
                -0.9631665110749867,
                1.0738891705158407
            ]
        },
        "10.58 s to 12.43 s": {
            "mode": "attached to box2",
            "start-end coordinates": [
                -0.5079490201332691,
                1.0576116509679399,
                0.06738061649561672,
                1.1526401879839716
            ]
        },
        "11.5 s to 10.58 s": {
            "mode": "free",
            "start-end coordinates": [
                -0.9856488934076467,
                1.2161560068787116,
                -0.5079490201332691,
                1.0576116509679399
            ]
        },
        "12.43 s to 12.47 s": {
            "mode": "free",
            "start-end coordinates": [
                0.06738061649561672,
                1.1526401879839716,
                0.11134461372195546,
                1.1554316675482692
            ]
        },
        "13.11 s to 13.12 s": {
            "mode": "free",
            "start-end coordinates": [
                0.483045239668986,
                1.2158540461345733,
                0.529056162488553,
                1.2330902395491636
            ]
        },
        "13.12 s to 14.15 s": {
            "mode": "attached to obj3",
            "start-end coordinates": [
                0.529056162488553,
                1.2330902395491636,
                -0.6743673759659319,
                1.2805208752361907
            ]
        },
        "14.15 s to 14.15 s": {
            "mode": "free",
            "start-end coordinates": [
                -0.6743673759659319,
                1.2805208752361907,
                -0.6743673759659319,
                1.2805208752361907
            ]
        },
        "14.75 s to 15.79 s": {
            "mode": "free",
            "start-end coordinates": [
                -0.533358752842379,
                1.2099066065445976,
                0.971655307178314,
                1.2633399275645454
            ]
        },
        "15.79 s to 16.54 s": {
            "mode": "attached to obj4",
            "start-end coordinates": [
                0.971655307178314,
                1.2633399275645454,
                0.2290069194898798,
                1.3375665061206008
            ]
        },
        "16.54 s to 16.07 s": {
            "mode": "free",
            "start-end coordinates": [
                0.2290069194898798,
                1.3375665061206008,
                0.572457242086854,
                1.3671436030794777
            ]
        }
    }
}