{
    "moved_objects": [
        "ego",
        "box1",
        "box2",
        "obj1",
        "obj2",
        "obj3",
        "obj4"
    ],
    "interactions": {
        "ego": {
            "0.0 s to 2.33 s": [
                0.8956890294014758,
                1.4836486280829206,
                -0.7366194314952523,
                1.0405079552189989
            ],
            "3.48 s to 5.06 s": [
                -0.5649250673893415,
                0.8849414012555885,
                -0.9623295362746688,
                1.0849565194046964
            ],
            "7.29 s to 8.4 s": [
                -0.8478250375757859,
                0.961541481239266,
                -0.853544255338564,
                1.0775142140508145
            ],
            "10.51 s to 10.86 s": [
                -0.5959957938909249,
                1.0170437385429953,
                -0.8809807716132355,
                1.2679707649786214
            ],
            "11.5 s to 12.47 s": [
                -0.9856488934076467,
                1.2161560068787116,
                0.11134461372195546,
                1.1554316675482692
            ],
            "13.11 s to 14.15 s": [
                0.483045239668986,
                1.2158540461345733,
                -0.6743673759659319,
                1.2805208752361907
            ],
            "14.75 s to 16.07 s": [
                -0.533358752842379,
                1.2099066065445976,
                0.572457242086854,
                1.3671436030794777
            ],
            "22.77 s to 23.08 s": [
                -0.34749652128552044,
                1.127481836542935,
                -0.42245186968804094,
                0.9076510034821772
            ],
            "23.76 s to 23.87 s": [
                -0.3435025151407446,
                1.0532131753403056,
                -0.3182860114023175,
                1.1359879580532732
            ]
        },
        "box1": {
            "1.84 s to 2.93 s": [
                -1.0180617676340118,
                1.2017056939634183,
                -0.809428321011106,
                0.6519765503802954
            ],
            "8.07 s to 8.65 s": [
                -0.6310284044471215,
                0.47155516503232814,
                -0.6218112018093922,
                -0.002164985471413589
            ],
            "22.77 s to 23.08 s": [
                -0.6070545736081076,
                -0.5005904231506948,
                -0.633731712819562,
                -0.5914316377565159
            ]
        },
        "box2": {
            "2.11 s to 2.37 s": [
                -1.5034891472042298,
                1.201070825919869,
                -1.4524175166912046,
                1.1127871562124052
            ],
            "3.46 s to 4.5 s": [
                -1.370621159109655,
                0.9853583552995793,
                -1.4439596926303258,
                1.0622341452878103
            ],
            "10.58 s to 12.43 s": [
                -1.3967715945665056,
                0.9438176371072804,
                -0.7676467739619477,
                0.3359981647980395
            ],
            "22.77 s to 23.08 s": [
                -0.6841326696828187,
                -0.17449861984063747,
                -0.6236418060286614,
                -0.46821658665579075
            ]
        },
        "obj1": {
            "3.83 s to 4.5 s": [
                -0.028209166701861858,
                1.0131992944231756,
                -0.6771969521384174,
                1.206824741317155
            ],
            "7.29 s to 7.42 s": [
                -0.5646968705501653,
                1.2531514532671704,
                -0.6497807235356872,
                1.246916659365575
            ],
            "7.93 s to 8.65 s": [
                -0.653456452299062,
                1.2230669654287432,
                -0.6935327437701411,
                0.6823445197249739
            ],
            "11.47 s to 12.42 s": [
                -0.7110031361349098,
                0.3238638388035747,
                -0.7707190723611461,
                0.21941598035841872
            ]
        },
        "obj2": {
            "11.48 s to 12.42 s": [
                0.0133566454761666,
                0.9938160066604464,
                -0.19094130015460534,
                0.9308286961405311
            ],
            "22.77 s to 23.08 s": [
                -0.18618223094650385,
                0.5850822960814552,
                -0.3925755706587245,
                0.20305843006700253
            ]
        },
        "obj3": {
            "13.12 s to 14.15 s": [
                0.9395795575867292,
                1.061599045585831,
                -0.1998637326822521,
                1.157858527600423
            ],
            "22.72 s to 23.1 s": [
                -0.1331170162313133,
                0.9254097289018527,
                -0.331217193383165,
                0.6999382502614754
            ]
        },
        "obj4": {
            "10.61 s to 10.72 s": [
                1.4647243887245973,
                0.8095584171846434,
                1.357885614453542,
                0.8387297757209083
            ],
            "11.48 s to 12.42 s": [
                1.3593562845513771,
                0.8378929440894234,
                1.2582143873864207,
                0.8362384687496236
            ],
            "13.11 s to 14.15 s": [
                1.2532423578237577,
                0.8398539486155332,
                1.07256581029965,
                0.8586103550716999
            ],
            "15.79 s to 16.54 s": [
                1.1126350256633148,
                0.8937586848015193,
                0.46859559061587697,
                1.0510389686902826
            ],
            "17.8 s to 18.44 s": [
                0.08722495551192262,
                1.0504676065580927,
                -0.2666189742276439,
                1.0863219290889812
            ],
            "22.77 s to 23.1 s": [
                -0.32562663010336534,
                0.5722341081562695,
                -0.35702286828846364,
                0.22405982721225826
            ]
        }
    },
    "ego_interaction": {
        "0.0 s to 1.84 s": {
            "mode": "free",
            "start-end coordinates": [
                0.8956890294014758,
                1.4836486280829206,
                -0.9106949339213222,
                1.5282037904329189
            ]
        },
        "0.0 s to 2.11 s": {
            "mode": "free",
            "start-end coordinates": [
                0.8956890294014758,
                1.4836486280829206,
                -0.9491872617929782,
                1.336454214110955
            ]
        },
        "1.84 s to 2.93 s": {
            "mode": "attached to box1",
            "start-end coordinates": [
                -0.9106949339213222,
                1.5282037904329189,
                -0.690745222530517,
                0.9914755185900418
            ]
        },
        "2.11 s to 2.37 s": {
            "mode": "attached to box2",
            "start-end coordinates": [
                -0.9491872617929782,
                1.336454214110955,
                -0.7337837871075656,
                1.0188616964012338
            ]
        },
        "2.37 s to 2.33 s": {
            "mode": "free",
            "start-end coordinates": [
                -0.7337837871075656,
                1.0188616964012338,
                -0.7366194314952523,
                1.0405079552189989
            ]
        },
        "2.93 s to 2.33 s": {
            "mode": "free",
            "start-end coordinates": [
                -0.690745222530517,
                0.9914755185900418,
                -0.7366194314952523,
                1.0405079552189989
            ]
        },
        "3.46 s to 4.5 s": {
            "mode": "attached to box2",