{
    "moved_objects": [
        "ego",
        "box1",
        "box2",
        "obj1"
    ],
    "interactions": {
        "ego": {
            "3.88 s to 6.95 s": [
                0.12027092012523047,
                1.6491897242165876,
                -1.0855688462160804,
                1.1122860671565165
            ],
            "7.46 s to 9.72 s": [
                -1.0027732458008587,
                1.028576861715075,
                -0.8263440993168238,
                1.3952111910155458
            ]
        },
        "box1": {
            "5.06 s to 7.55 s": [
                -1.0429875190577045,
                1.2207747269676616,
                -0.9264729617068412,
                0.6562048865194258
            ],
            "8.41 s to 9.66 s": [
                -0.8335002812797496,
                0.52315854399897,
                -0.8451062987051333,
                0.41317529979121526
            ]
        },
        "box2": {
            "5.15 s to 9.66 s": [
                -1.487579252219053,
                1.2030835564599087,
                -1.0429026121321996,
                0.4806985100721801
            ]
        },
        "obj1": {
            "8.36 s to 9.66 s": [
                -0.08208533029118328,
                1.0314764270518786,
                -0.8653715319112703,
                1.103933125099405
            ]
        }
    },
    "ego_interaction": {
        "3.88 s to 5.06 s": {
            "mode": "free",
            "start-end coordinates": [
                0.12027092012523047,
                1.6491897242165876,
                -0.8586748112457542,
                1.5115424468764516
            ]
        },
        "3.88 s to 5.15 s": {
            "mode": "free",
            "start-end coordinates": [
                0.12027092012523047,
                1.6491897242165876,
                -0.5627101905411201,
                1.3068469685007873
            ]
        },
        "5.06 s to 7.55 s": {
            "mode": "attached to box1",
            "start-end coordinates": [
                -0.8586748112457542,
                1.5115424468764516,
                -1.0215586766064473,
                1.0481629412154343
            ]
        },
        "5.15 s to 9.66 s": {
            "mode": "attached to box2",
            "start-end coordinates": [
                -0.5627101905411201,
                1.3068469685007873,
                -0.9823220880886843,
                1.5422804258424185
            ]
        },
        "7.46 s to 5.06 s": {
            "mode": "free",
            "start-end coordinates": [
                -1.0027732458008587,
                1.028576861715075,
                -0.8586748112457542,
                1.5115424468764516
            ]
        },
        "7.46 s to 8.41 s": {
            "mode": "free",
            "start-end coordinates": [
                -1.0027732458008587,
                1.028576861715075,
                -0.4802062518364356,
                1.3046968925890152
            ]
        },
        "7.46 s to 5.15 s": {
            "mode": "free",
            "start-end coordinates": [
                -1.0027732458008587,
                1.028576861715075,
                -0.5627101905411201,
                1.3068469685007873
            ]
        },
        "7.46 s to 8.36 s": {
            "mode": "free",
            "start-end coordinates": [
                -1.0027732458008587,
                1.028576861715075,
                -0.4309068332932794,
                1.1795279093610838
            ]
        },
        "7.55 s to 6.95 s": {
            "mode": "free",
            "start-end coordinates": [
                -1.0215586766064473,
                1.0481629412154343,
                -1.0855688462160804,
                1.1122860671565165
            ]
        },
        "7.55 s to 9.72 s": {
            "mode": "free",
            "start-end coordinates": [
                -1.0215586766064473,
                1.0481629412154343,
                -0.8263440993168238,
                1.3952111910155458
            ]
        },
        "8.36 s to 9.66 s": {
            "mode": "attached to obj1",
            "start-end coordinates": [
                -0.4309068332932794,
                1.1795279093610838,
                -0.9823220880886843,
                1.5422804258424185
            ]
        },
        "8.41 s to 9.66 s": {
            "mode": "attached to box1",
            "start-end coordinates": [
                -0.4802062518364356,
                1.3046968925890152,
                -0.9823220880886843,
                1.5422804258424185
            ]
        },
        "9.66 s to 9.72 s": {
            "mode": "free",
            "start-end coordinates": [
                -0.9823220880886843,
                1.5422804258424185,
                -0.8263440993168238,
                1.3952111910155458
            ]
        },
        "9.66 s to 6.95 s": {
            "mode": "free",
            "start-end coordinates": [
                -0.9823220880886843,
                1.5422804258424185,
                -1.0855688462160804,
                1.1122860671565165
            ]
        }
    }
}