{
    "moved_objects": [
        "ego",
        "box1"
    ],
    "interactions": {
        "ego": {
            "0.21 s to 0.58 s": [
                0.02372019288262575,
                0.017540845618667297,
                1.0475494438624897,
                -0.6215697959257286
            ],
            "1.17 s to 2.49 s": [
                1.1578392403317057,
                -0.5283999271753678,
                -1.519377442194883,
                0.7535007639802715
            ],
            "8.07 s to 8.61 s": [
                -1.2387960470694928,
                0.7081381333582272,
                -0.5067776870594325,
                0.7211354344982802
            ],
            "10.1 s to 11.65 s": [
                0.003342512848141698,
                0.6939739420936064,
                0.553991258527423,
                0.6773159474008252
            ],
            "12.53 s to 15.28 s": [
                0.08519941223402241,
                0.5996170609293769,
                -1.1762367081641483,
                0.6824128157371422
            ]
        },
        "box1": {
            "1.16 s to 2.53 s": [
                1.4965723596585878,
                -0.4775558832184824,
                -1.2257468013453026,
                0.8210025002026428
            ],
            "8.04 s to 8.92 s": [
                -0.9364819874580019,
                0.7502514390187212,
                0.14822155758379282,
                0.754071822914917
            ],
            "12.37 s to 14.78 s": [
                0.23519715738798058,
                0.5928243353543547,
                -1.3478292926088957,
                1.4170676521915901
            ]
        }
    },
    "ego_interaction": {
        "1.16 s to 2.53 s": {
            "mode": "attached to box1",
            "start-end coordinates": [
                1.1610321881529362,
                -0.5441302176849306,
                -1.550199768772474,
                0.7595310470090393
            ]
        },
        "1.17 s to 1.16 s": {
            "mode": "free",
            "start-end coordinates": [
                1.1578392403317057,
                -0.5283999271753678,
                1.1610321881529362,
                -0.5441302176849306
            ]
        },
        "2.53 s to 2.49 s": {
            "mode": "free",
            "start-end coordinates": [
                -1.550199768772474,
                0.7595310470090393,
                -1.519377442194883,
                0.7535007639802715
            ]
        },
        "8.04 s to 8.92 s": {
            "mode": "attached to box1",
            "start-end coordinates": [
                -1.2758564428391763,
                0.7126020817576015,
                -0.18916118308697732,
                0.720240490735786
            ]
        },
        "8.07 s to 8.04 s": {
            "mode": "free",
            "start-end coordinates": [
                -1.2387960470694928,
                0.7081381333582272,
                -1.2758564428391763,
                0.7126020817576015
            ]
        },
        "8.92 s to 8.61 s": {
            "mode": "free",
            "start-end coordinates": [
                -0.18916118308697732,
                0.720240490735786,
                -0.5067776870594325,
                0.7211354344982802
            ]
        },
        "12.37 s to 14.78 s": {
            "mode": "attached to box1",
            "start-end coordinates": [
                0.2390086751186688,
                0.579482525011106,
                -1.3223091511172715,
                1.091931421093858
            ]
        },
        "12.53 s to 12.37 s": {
            "mode": "free",
            "start-end coordinates": [
                0.08519941223402241,
                0.5996170609293769,
                0.2390086751186688,
                0.579482525011106
            ]
        },
        "14.78 s to 15.28 s": {
            "mode": "free",
            "start-end coordinates": [
                -1.3223091511172715,
                1.091931421093858,
                -1.1762367081641483,
                0.6824128157371422
            ]
        }
    }
}