{
    "moved_objects": [
        "ego",
        "box1"
    ],
    "interactions": {
        "ego": {
            "0.21 s to 0.58 s": [
                0.02372019288262575,
                0.017540845618667297,
                1.0475494438624897,
                -0.6215697959257286
            ],
            "1.17 s to 2.49 s": [
                1.1578392403317057,
                -0.5283999271753678,
                -1.519377442194883,
                0.7535007639802715
            ],
            "7.0 s to 7.11 s": [
                -1.4888661222766468,
                0.7393266517185904,
                -1.324164291543276,
                0.6935353340283618
            ],
            "8.07 s to 8.61 s": [
                -1.2387960470694928,
                0.7081381333582272,
                -0.5067776870594325,
                0.7211354344982802
            ],
            "10.1 s to 11.65 s": [
                0.003342512848141698,
                0.6939739420936064,
                0.553991258527423,
                0.6773159474008252
            ],
            "12.53 s to 15.28 s": [
                0.08519941223402241,
                0.5996170609293769,
                -1.1762367081641483,
                0.6824128157371422
            ]
        },
        "box1": {
            "1.16 s to 2.53 s": [
                1.4965723596585878,
                -0.4775558832184824,
                -1.2257468013453026,
                0.8210025002026428
            ],
            "6.99 s to 7.13 s": [
                -1.1778304139686309,
                0.8152501800625518,
                -0.984015107583631,
                0.7715189412275825
            ],
            "8.04 s to 8.92 s": [
                -0.9364819874580019,
                0.7502514390187212,
                0.14822155758379282,
                0.754071822914917
            ],
            "10.09 s to 10.29 s": [
                0.31326354533480266,
                0.7300430223465258,
                0.6224468895676962,
                0.7806933436787048
            ],
            "11.48 s to 11.68 s": [
                0.7171741090996768,
                0.7384299548145875,
                0.5138668309677268,
                0.6821841566890037
            ],
            "12.37 s to 14.78 s": [
                0.23519715738798058,
                0.5928243353543547,
                -1.3478292926088957,
                1.4170676521915901
            ]
        }
    },
    "ego_interaction": {
        "1.16 s to 2.53 s": {
            "mode": "attached to box1",
            "start-end coordinates": [
                1.1610321881529362,
                -0.5441302176849306,
                -1.550199768772474,
                0.7595310470090393
            ]
        },
        "1.17 s to 1.16 s": {
            "mode": "free",
            "start-end coordinates": [
                1.1578392403317057,
                -0.5283999271753678,
                1.1610321881529362,
                -0.5441302176849306
            ]
        },
        "2.53 s to 2.49 s": {
            "mode": "free",
            "start-end coordinates": [
                -1.550199768772474,
                0.7595310470090393,
                -1.519377442194883,
                0.7535007639802715
            ]
        },
        "6.99 s to 7.13 s": {
            "mode": "attached to box1",
            "start-end coordinates": [
                -1.4989022035502466,
                0.7421541701684622,
                -1.3053840432690385,
                0.6873657581121142
            ]
        },
        "7.0 s to 6.99 s": {
            "mode": "free",
            "start-end coordinates": [
                -1.4888661222766468,
                0.7393266517185904,
                -1.4989022035502466,
                0.7421541701684622
            ]
        },
        "7.13 s to 7.11 s": {
            "mode": "free",
            "start-end coordinates": [
                -1.3053840432690385,
                0.6873657581121142,
                -1.324164291543276,
                0.6935353340283618
            ]
        },
        "8.04 s to 8.92 s": {
            "mode": "attached to box1",
            "start-end coordinates": [
                -1.2758564428391763,
                0.7126020817576015,
                -0.18916118308697732,
                0.720240490735786
            ]
        },
        "8.07 s to 8.04 s": {
            "mode": "free",
            "start-end coordinates": [
                -1.2387960470694928,
                0.7081381333582272,
                -1.2758564428391763,
                0.7126020817576015
            ]
        },
        "8.92 s to 8.61 s": {
            "mode": "free",
            "start-end coordinates": [
                -0.18916118308697732,
                0.720240490735786,
                -0.5067776870594325,
                0.7211354344982802
            ]
        },
        "10.09 s to 10.29 s": {
            "mode": "attached to box1",
            "start-end coordinates": [
                -0.007016055201610547,
                0.6933791255812616,
                0.3024969789701661,
                0.7446379147748111
            ]
        },
        "10.1 s to 10.09 s": {
            "mode": "free",
            "start-end coordinates": [
                0.003342512848141698,
                0.6939739420936064,
                -0.007016055201610547,
                0.6933791255812616
            ]
        },
        "10.1 s to 11.48 s": {
            "mode": "free",
            "start-end coordinates": [
                0.003342512848141698,
                0.6939739420936064,
                0.7878377500282691,
                0.7336356154295535
            ]
        },
        "10.29 s to 11.65 s": {
            "mode": "free",
            "start-end coordinates": [
                0.3024969789701661,
                0.7446379147748111,
                0.553991258527423,
                0.6773159474008252
            ]
        },
        "11.48 s to 11.68 s": {
            "mode": "attached to box1",
            "start-end coordinates": [
                0.7878377500282691,
                0.7336356154295535,
                0.5223690019110238,
                0.6694421126654269
            ]
        },
        "11.68 s to 11.65 s": {
            "mode": "free",
            "start-end coordinates": [
                0.5223690019110238,
                0.6694421126654269,
                0.553991258527423,
                0.6773159474008252
            ]
        },
        "12.37 s to 14.78 s": {
            "mode": "attached to box1",
            "start-end coordinates": [
                0.2390086751186688,
                0.579482525011106,
                -1.3223091511172715,
                1.091931421093858
            ]
        },
        "12.53 s to 12.37 s": {
            "mode": "free",
            "start-end coordinates": [
                0.08519941223402241,
                0.5996170609293769,
                0.2390086751186688,
                0.579482525011106
            ]
        },
        "14.78 s to 15.28 s": {
            "mode": "free",
            "start-end coordinates": [
                -1.3223091511172715,
                1.091931421093858,
                -1.1762367081641483,
                0.6824128157371422
            ]
        }
    }
}