{
    "moved_objects": [
        "ego",
        "box1"
    ],
    "interactions": {
        "ego": {
            "1.0 s to 1.47 s": [
                0.25217364250966656,
                -0.10213376371324559,
                1.4204379715130042,
                -0.974511896039508
            ],
            "2.09 s to 4.95 s": [
                1.5520844476894764,
                -0.8335522353164448,
                -0.8844401304116061,
                -0.9125928279490452
            ],
            "5.47 s to 5.74 s": [
                -1.0019278870036707,
                -0.7733363454862694,
                -1.239567335789388,
                -1.0869641287020593
            ],
            "6.41 s to 7.35 s": [
                -1.327108769332834,
                -0.9483831959349255,
                -1.2781845656622401,
                0.7700162208696264
            ],
            "7.93 s to 7.99 s": [
                -1.3076653290954798,
                0.7323295944504781,
                -1.3032976217833543,
                0.5907880847610492
            ]
        },
        "box1": {
            "2.47 s to 3.22 s": [
                1.506283506511306,
                -0.5163100754963884,
                0.37034531798185777,
                0.6483583722931433
            ],
            "3.8 s to 5.14 s": [
                0.35584289972432204,
                0.6539515119257235,
                -1.2342553946505253,
                -0.6683533817773271
            ],
            "6.52 s to 7.41 s": [
                -1.3078993262593488,
                -0.5313049709562714,
                -1.32609305625303,
                1.188944209840061
            ]
        }
    },
    "ego_interaction": {
        "2.09 s to 2.47 s": {
            "mode": "free",
            "start-end coordinates": [
                1.5520844476894764,
                -0.8335522353164448,
                1.5966960030829451,
                -0.8899341938934919
            ]
        },
        "2.09 s to 3.8 s": {
            "mode": "free",
            "start-end coordinates": [
                1.5520844476894764,
                -0.8335522353164448,
                0.6665840706912605,
                0.42904419799319926
            ]
        },
        "2.47 s to 3.22 s": {
            "mode": "attached to box1",
            "start-end coordinates": [
                1.5966960030829451,
                -0.8899341938934919,
                0.589676359938541,
                0.16902593604694624
            ]
        },
        "3.22 s to 4.95 s": {
            "mode": "free",
            "start-end coordinates": [
                0.589676359938541,
                0.16902593604694624,
                -0.8844401304116061,
                -0.9125928279490452
            ]
        },
        "3.8 s to 5.14 s": {
            "mode": "attached to box1",
            "start-end coordinates": [
                0.6665840706912605,
                0.42904419799319926,
                -0.9817863269253283,
                -0.7946181703243762
            ]
        },
        "5.14 s to 4.95 s": {
            "mode": "free",
            "start-end coordinates": [
                -0.9817863269253283,
                -0.7946181703243762,
                -0.8844401304116061,
                -0.9125928279490452
            ]
        },
        "6.41 s to 6.52 s": {
            "mode": "free",
            "start-end coordinates": [
                -1.327108769332834,
                -0.9483831959349255,
                -1.3106360910960626,
                -0.9354189830561825
            ]
        },
        "6.52 s to 7.41 s": {
            "mode": "attached to box1",
            "start-end coordinates": [
                -1.3106360910960626,
                -0.9354189830561825,
                -1.2898886154480014,
                0.8467877114615614
            ]
        },
        "7.41 s to 7.35 s": {
            "mode": "free",
            "start-end coordinates": [
                -1.2898886154480014,
                0.8467877114615614,
                -1.2781845656622401,
                0.7700162208696264
            ]
        }
    }
}