{
    "moved_objects": [
        "ego",
        "box1"
    ],
    "interactions": {
        "ego": {
            "0.85 s to 1.33 s": [
                0.08960716049456258,
                -0.06870878597024385,
                1.2408335702538325,
                -0.8533061753230324
            ],
            "2.27 s to 4.09 s": [
                1.3983857786913803,
                -0.7718362972707803,
                -1.296277016481607,
                1.0217580756654834
            ]
        },
        "box1": {
            "2.26 s to 4.14 s": [
                1.4422388303941527,
                -0.5028432788843987,
                -1.2904436352395012,
                1.4283815633419679
            ]
        }
    },
    "ego_interaction": {
        "2.26 s to 4.14 s": {
            "mode": "attached to box1",
            "start-end coordinates": [
                1.4214306483666004,
                -0.7690937821614563,
                -1.2971673804989554,
                1.0777590973916151
            ]
        },
        "2.27 s to 2.26 s": {
            "mode": "free",
            "start-end coordinates": [
                1.3983857786913803,
                -0.7718362972707803,
                1.4214306483666004,
                -0.7690937821614563
            ]
        },
        "4.14 s to 4.09 s": {
            "mode": "free",
            "start-end coordinates": [
                -1.2971673804989554,
                1.0777590973916151,
                -1.296277016481607,
                1.0217580756654834
            ]
        }
    }
}