{
    "moved_objects": [
        "ego",
        "box1"
    ],
    "interactions": {
        "ego": {
            "2.56 s to 3.29 s": [
                0.08954953516158845,
                -0.07596909279122084,
                1.4309572969739175,
                -0.9482389121010769
            ],
            "4.25 s to 5.12 s": [
                1.5321351262526504,
                -0.7691488755255722,
                0.24653868511251165,
                0.5157156022794855
            ],
            "5.9 s to 7.47 s": [
                0.3216828216734645,
                0.45313572017005666,
                -0.7937884544354097,
                0.7624353293385292
            ],
            "7.98 s to 9.36 s": [
                -0.8891985974848767,
                0.7594760104313385,
                -1.2731158437507903,
                0.3217727656252028
            ],
            "9.95 s to 10.19 s": [
                -1.2806386497339475,
                0.4799262462268321,
                -1.2861438866055905,
                0.9875122404964437
            ]
        },
        "box1": {
            "4.28 s to 5.21 s": [
                1.4844904543714803,
                -0.4807740205755573,
                0.13135848697262728,
                0.784540587779766
            ],
            "6.37 s to 7.75 s": [
                0.12129494910300243,
                0.7726506390216779,
                -1.246497455845701,
                0.7944818478810763
            ],
            "9.25 s to 10.28 s": [
                -1.2574556106183024,
                0.8006604080683484,
                -1.2750085646224867,
                1.385351383994486
            ]
        }
    },
    "ego_interaction": {
        "4.25 s to 4.28 s": {
            "mode": "free",
            "start-end coordinates": [
                1.5321351262526504,
                -0.7691488755255722,
                1.4848111625791132,
                -0.7351852942787751
            ]
        },
        "4.28 s to 5.21 s": {
            "mode": "attached to box1",
            "start-end coordinates": [
                1.4848111625791132,
                -0.7351852942787751,
                0.18424576125735898,
                0.5012566534804676
            ]
        },
        "5.21 s to 5.12 s": {
            "mode": "free",
            "start-end coordinates": [
                0.18424576125735898,
                0.5012566534804676,
                0.24653868511251165,
                0.5157156022794855
            ]
        },
        "5.9 s to 6.37 s": {
            "mode": "free",
            "start-end coordinates": [
                0.3216828216734645,
                0.45313572017005666,
                0.47670068114736475,
                0.7528663174905806
            ]
        },
        "6.37 s to 7.75 s": {
            "mode": "attached to box1",
            "start-end coordinates": [
                0.47670068114736475,
                0.7528663174905806,
                -0.9067212764480534,
                0.7691024768711541
            ]
        },
        "7.75 s to 7.47 s": {
            "mode": "free",
            "start-end coordinates": [
                -0.9067212764480534,
                0.7691024768711541,
                -0.7937884544354097,
                0.7624353293385292
            ]
        },
        "7.98 s to 9.25 s": {
            "mode": "free",
            "start-end coordinates": [
                -0.8891985974848767,
                0.7594760104313385,
                -1.2681546252218556,
                0.20911719303899112
            ]
        },
        "9.25 s to 10.28 s": {
            "mode": "attached to box1",
            "start-end coordinates": [
                -1.2681546252218556,
                0.20911719303899112,
                -1.2948755241960044,
                1.0574544724082575
            ]
        },
        "9.95 s to 9.25 s": {
            "mode": "free",
            "start-end coordinates": [
                -1.282062311499252,
                0.4677662012246275,
                -1.2681546252218556,
                0.20911719303899112
            ]
        },
        "10.28 s to 9.36 s": {
            "mode": "free",
            "start-end coordinates": [
                -1.2948755241960044,
                1.0574544724082575,
                -1.2731158437507903,
                0.3217727656252028
            ]
        },
        "10.28 s to 10.19 s": {
            "mode": "free",
            "start-end coordinates": [
                -1.2948755241960044,
                1.0574544724082575,
                -1.2861438866055905,
                0.9875122404964437
            ]
        }
    }
}