{
    "moved_objects": [
        "ego",
        "box1"
    ],
    "interactions": {
        "ego": {
            "2.3 s to 2.64 s": [
                0.19362617363474122,
                -0.22638127788175538,
                0.9864677489580367,
                -0.35192242031192444
            ],
            "3.26 s to 4.82 s": [
                1.2273520501929363,
                -0.3319542971451347,
                -1.3702705577664316,
                0.7469795578706557
            ],
            "7.74 s to 9.24 s": [
                -1.3178898195127742,
                0.5646554303177038,
                -0.370503868566765,
                0.7324208823055369
            ],
            "11.52 s to 13.19 s": [
                -0.828197325815607,
                0.7611970284129266,
                -1.2930112655058732,
                0.3799342157732674
            ],
            "13.86 s to 15.13 s": [
                -1.3177968359794001,
                0.5592083275363526,
                -0.9349969598626058,
                0.8766227782105318
            ]
        },
        "box1": {
            "3.19 s to 4.85 s": [
                1.5002601061021907,
                -0.4862565152233519,
                -1.067968484839024,
                0.7623803762699748
            ],
            "10.25 s to 10.55 s": [
                -1.107250695415838,
                0.7511976544041074,
                -1.293895244285844,
                0.773295305694663
            ],
            "13.58 s to 15.14 s": [
                -1.2811384134485595,
                0.7914625293691129,
                -1.253727847843329,
                1.4957530398598209
            ]
        }
    },
    "ego_interaction": {
        "3.19 s to 4.85 s": {
            "mode": "attached to box1",
            "start-end coordinates": [
                1.2354580382562714,
                -0.38732389771724224,
                -1.3842390100954398,
                0.7319523806151734
            ]
        },
        "3.26 s to 3.19 s": {
            "mode": "free",
            "start-end coordinates": [
                1.2273520501929363,
                -0.3319542971451347,
                1.2354580382562714,
                -0.38732389771724224
            ]
        },
        "4.85 s to 4.82 s": {
            "mode": "free",
            "start-end coordinates": [
                -1.3842390100954398,
                0.7319523806151734,
                -1.3702705577664316,
                0.7469795578706557
            ]
        },
        "13.58 s to 15.14 s": {
            "mode": "attached to box1",
            "start-end coordinates": [
                -1.281088100111222,
                0.46660580832110327,
                -0.9233209872722203,
                0.8693640326091601
            ]
        },
        "13.86 s to 13.58 s": {
            "mode": "free",
            "start-end coordinates": [
                -1.3177968359794001,
                0.5592083275363526,
                -1.281088100111222,
                0.46660580832110327
            ]
        },
        "15.14 s to 15.13 s": {
            "mode": "free",
            "start-end coordinates": [
                -0.9233209872722203,
                0.8693640326091601,
                -0.9349969598626058,
                0.8766227782105318
            ]
        }
    }
}