{
    "moved_objects": [
        "ego",
        "obj1",
        "box1"
    ],
    "interactions": {
        "ego": {
            "0": [
                -0.014121440825061265,
                0.01652728255420456,
                -1.0205798486693411,
                0.5701389060216687
            ],
            "4": [
                -1.3922190553244196,
                1.1023026615800933,
                -0.9114338884901192,
                0.44544570519926674
            ]
        },
        "obj1": {
            "2": [
                -1.4802990984174045,
                1.1203480400491725,
                -1.4711726972102377,
                1.668631191689603
            ]
        },
        "box1": {
            "1": [
                1.4965519786046504,
                -0.49606169059961247,
                -1.169276929982438,
                0.7040079259788574
            ],
            "3": [
                -1.4196865720869047,
                0.7793557283727711,
                -1.4416782347726618,
                1.3934961470628329
            ]
        }
    }
}