{
    "moved_objects": [
        "ego",
        "obj2",
        "box1"
    ],
    "interactions": {
        "ego": {
            "0": [
                -0.050146566889663284,
                0.1074678955031868,
                -0.3021713057843156,
                0.5108544753731435
            ],
            "2": [
                -0.5798313266982962,
                0.8698058081524518,
                -1.334085199420446,
                1.3853910483396428
            ]
        },
        "obj2": {
            "1": [
                -0.8586207124814736,
                1.4498043504694331,
                0.06254402717210945,
                1.3598105491257229
            ]
        },
        "box1": {
            "3": [
                1.4804870839349311,
                -0.4941658026144633,
                -1.3249344713342002,
                1.5187361336002254
            ]
        }
    }
}