{
    "moved_objects": [
        "ego",
        "obj1",
        "box1"
    ],
    "interactions": {
        "ego": {
            "0": [
                -0.07192665531645714,
                -0.04958680581208282,
                -1.4048007060060634,
                0.48227477230852883
            ]
        },
        "obj1": {
            "1": [
                -1.5084185472923184,
                1.0063562840158817,
                -1.1157484164027842,
                -0.16814962909310788
            ]
        },
        "box1": {
            "2": [
                1.4502607932827365,
                -0.47480435781649355,
                -1.488394292615588,
                1.328862088331757
            ]
        }
    }
}